prompt,output,expert_type
What is 103 + 436?,The answer is 539.,math
What is 271 + 107?,The answer is 378.,math
What is 21 - 615?,The answer is -594.,math
What is 467 × 215?,The answer is 100405.,math
What is 459 + 88?,The answer is 547.,math
What is 100 × 872?,The answer is 87200.,math
What is 662 - 309?,The answer is 353.,math
What is 344 - 492?,The answer is -148.,math
What is 806 + 386?,The answer is 1192.,math
What is 161 - 460?,The answer is -299.,math
What is 22 + 253?,The answer is 275.,math
What is 561 × 475?,The answer is 266475.,math
What is 511 × 682?,The answer is 348502.,math
What is 190 × 958?,The answer is 182020.,math
What is 958 × 563?,The answer is 539354.,math
What is 244 + 832?,The answer is 1076.,math
What is 131 × 485?,The answer is 63535.,math
What is 647 + 21?,The answer is 668.,math
What is 167 + 274?,The answer is 441.,math
What is 316 - 14?,The answer is 302.,math
What is 777 + 346?,The answer is 1123.,math
What is 898 × 340?,The answer is 305320.,math
What is 956 + 455?,The answer is 1411.,math
What is 776 × 943?,The answer is 731768.,math
What is 206 - 81?,The answer is 125.,math
What is 872 - 388?,The answer is 484.,math
What is 390 - 566?,The answer is -176.,math
What is 772 + 822?,The answer is 1594.,math
What is 703 - 402?,The answer is 301.,math
What is 556 - 162?,The answer is 394.,math
What is 958 - 996?,The answer is -38.,math
What is 863 × 816?,The answer is 704208.,math
What is 456 × 462?,The answer is 210672.,math
What is 252 + 702?,The answer is 954.,math
What is 720 - 749?,The answer is -29.,math
What is 879 - 53?,The answer is 826.,math
What is 217 + 764?,The answer is 981.,math
What is 41 × 157?,The answer is 6437.,math
What is 813 + 65?,The answer is 878.,math
What is 839 + 521?,The answer is 1360.,math
What is 648 × 472?,The answer is 305856.,math
What is 139 + 499?,The answer is 638.,math
What is 392 × 675?,The answer is 264600.,math
What is 289 + 379?,The answer is 668.,math
What is 490 - 231?,The answer is 259.,math
What is 41 × 28?,The answer is 1148.,math
What is 201 - 840?,The answer is -639.,math
What is 33 × 48?,The answer is 1584.,math
What is 407 + 574?,The answer is 981.,math
What is 99 - 684?,The answer is -585.,math
What is 987 + 547?,The answer is 1534.,math
What is 739 × 613?,The answer is 453007.,math
What is 462 + 643?,The answer is 1105.,math
What is 5 × 218?,The answer is 1090.,math
What is 767 × 398?,The answer is 305266.,math
What is 795 × 393?,The answer is 312435.,math
What is 15 - 858?,The answer is -843.,math
What is 892 × 461?,The answer is 411212.,math
What is 575 × 864?,The answer is 496800.,math
What is 241 + 564?,The answer is 805.,math
What is 96 - 900?,The answer is -804.,math
What is 485 × 407?,The answer is 197395.,math
What is 749 × 655?,The answer is 490595.,math
What is 541 + 36?,The answer is 577.,math
What is 160 × 839?,The answer is 134240.,math
What is 243 - 86?,The answer is 157.,math
What is 682 - 557?,The answer is 125.,math
What is 953 - 646?,The answer is 307.,math
What is 958 - 331?,The answer is 627.,math
What is 348 × 473?,The answer is 164604.,math
What is 190 + 225?,The answer is 415.,math
What is 377 - 283?,The answer is 94.,math
What is 633 + 628?,The answer is 1261.,math
What is 745 × 259?,The answer is 192955.,math
What is 710 × 456?,The answer is 323760.,math
What is 649 + 318?,The answer is 967.,math
What is 225 - 819?,The answer is -594.,math
What is 684 × 664?,The answer is 454176.,math
What is 827 + 374?,The answer is 1201.,math
What is 692 - 113?,The answer is 579.,math
What is 497 - 442?,The answer is 55.,math
What is 807 × 386?,The answer is 311502.,math
What is 113 + 613?,The answer is 726.,math
What is 952 × 81?,The answer is 77112.,math
What is 113 - 2?,The answer is 111.,math
What is 220 × 566?,The answer is 124520.,math
What is 997 + 736?,The answer is 1733.,math
What is 385 - 403?,The answer is -18.,math
What is 130 - 53?,The answer is 77.,math
What is 672 × 710?,The answer is 477120.,math
What is 836 × 439?,The answer is 367004.,math
What is 184 + 123?,The answer is 307.,math
What is 767 + 294?,The answer is 1061.,math
What is 884 - 610?,The answer is 274.,math
What is 982 × 907?,The answer is 890674.,math
What is 752 + 144?,The answer is 896.,math
What is 201 × 124?,The answer is 24924.,math
What is 326 + 464?,The answer is 790.,math
What is 771 × 660?,The answer is 508860.,math
What is 932 - 403?,The answer is 529.,math
What is 963 × 511?,The answer is 492093.,math
What is 148 × 864?,The answer is 127872.,math
What is 820 + 489?,The answer is 1309.,math
What is 936 × 640?,The answer is 599040.,math
What is 338 + 872?,The answer is 1210.,math
What is 779 + 988?,The answer is 1767.,math
What is 473 × 946?,The answer is 447458.,math
What is 415 - 990?,The answer is -575.,math
What is 611 - 263?,The answer is 348.,math
What is 624 + 572?,The answer is 1196.,math
What is 2 - 897?,The answer is -895.,math
What is 652 + 453?,The answer is 1105.,math
What is 160 + 9?,The answer is 169.,math
What is 99 × 659?,The answer is 65241.,math
What is 404 - 152?,The answer is 252.,math
What is 120 × 673?,The answer is 80760.,math
What is 625 - 968?,The answer is -343.,math
What is 104 - 852?,The answer is -748.,math
What is 227 - 112?,The answer is 115.,math
What is 473 + 99?,The answer is 572.,math
What is 861 - 914?,The answer is -53.,math
What is 338 - 706?,The answer is -368.,math
What is 163 + 720?,The answer is 883.,math
What is 681 + 996?,The answer is 1677.,math
What is 580 - 801?,The answer is -221.,math
What is 277 × 816?,The answer is 226032.,math
What is 195 + 401?,The answer is 596.,math
What is 688 × 460?,The answer is 316480.,math
What is 883 × 470?,The answer is 415010.,math
What is 22 - 750?,The answer is -728.,math
What is 38 + 230?,The answer is 268.,math
What is 563 × 438?,The answer is 246594.,math
What is 27 + 226?,The answer is 253.,math
What is 798 × 609?,The answer is 485982.,math
What is 960 + 481?,The answer is 1441.,math
What is 829 × 816?,The answer is 676464.,math
What is 516 + 547?,The answer is 1063.,math
What is 512 - 17?,The answer is 495.,math
What is 477 + 46?,The answer is 523.,math
What is 518 + 99?,The answer is 617.,math
What is 37 + 280?,The answer is 317.,math
What is 497 + 302?,The answer is 799.,math
What is 607 + 99?,The answer is 706.,math
What is 116 + 191?,The answer is 307.,math
What is 981 × 928?,The answer is 910368.,math
What is 161 × 256?,The answer is 41216.,math
What is 128 + 18?,The answer is 146.,math
What is 735 - 566?,The answer is 169.,math
What is 323 - 872?,The answer is -549.,math
What is 792 × 626?,The answer is 495792.,math
What is 854 - 663?,The answer is 191.,math
What is 639 - 155?,The answer is 484.,math
What is 386 + 986?,The answer is 1372.,math
What is 104 + 929?,The answer is 1033.,math
What is 811 × 246?,The answer is 199506.,math
What is 477 × 682?,The answer is 325314.,math
What is 538 - 867?,The answer is -329.,math
What is 921 + 408?,The answer is 1329.,math
What is 828 × 506?,The answer is 418968.,math
What is 825 + 36?,The answer is 861.,math
What is 20 - 321?,The answer is -301.,math
What is 400 × 654?,The answer is 261600.,math
What is 471 - 143?,The answer is 328.,math
What is 834 × 800?,The answer is 667200.,math
What is 959 × 854?,The answer is 818986.,math
What is 665 × 698?,The answer is 464170.,math
What is 190 - 125?,The answer is 65.,math
What is 314 - 570?,The answer is -256.,math
What is 305 - 692?,The answer is -387.,math
What is 838 - 783?,The answer is 55.,math
What is 444 + 613?,The answer is 1057.,math
What is 264 + 53?,The answer is 317.,math
What is 103 - 196?,The answer is -93.,math
What is 877 - 992?,The answer is -115.,math
What is 47 × 867?,The answer is 40749.,math
What is 936 + 820?,The answer is 1756.,math
What is 370 - 636?,The answer is -266.,math
What is 670 + 659?,The answer is 1329.,math
What is 120 × 831?,The answer is 99720.,math
What is 604 × 58?,The answer is 35032.,math
What is 346 - 741?,The answer is -395.,math
What is 117 × 830?,The answer is 97110.,math
What is 127 + 393?,The answer is 520.,math
What is 641 - 58?,The answer is 583.,math
What is 513 - 751?,The answer is -238.,math
What is 96 - 638?,The answer is -542.,math
What is 560 + 601?,The answer is 1161.,math
What is 885 + 897?,The answer is 1782.,math
What is 999 × 704?,The answer is 703296.,math
What is 581 + 790?,The answer is 1371.,math
What is 247 - 963?,The answer is -716.,math
What is 656 + 435?,The answer is 1091.,math
What is 86 + 697?,The answer is 783.,math
What is 974 + 220?,The answer is 1194.,math
What is 47 - 94?,The answer is -47.,math
What is 958 - 453?,The answer is 505.,math
What is 474 + 432?,The answer is 906.,math
What is 551 + 612?,The answer is 1163.,math
What is 254 + 734?,The answer is 988.,math
What is 23 - 762?,The answer is -739.,math
What is 758 - 837?,The answer is -79.,math
What is 180 - 223?,The answer is -43.,math
What is 762 - 659?,The answer is 103.,math
What is 608 + 769?,The answer is 1377.,math
What is 516 × 16?,The answer is 8256.,math
What is 258 × 497?,The answer is 128226.,math
What is 852 - 664?,The answer is 188.,math
What is 675 + 380?,The answer is 1055.,math
What is 929 × 957?,The answer is 889053.,math
What is 427 × 613?,The answer is 261751.,math
What is 577 - 417?,The answer is 160.,math
What is 43 + 556?,The answer is 599.,math
What is 397 × 12?,The answer is 4764.,math
What is 302 + 898?,The answer is 1200.,math
What is 499 × 754?,The answer is 376246.,math
What is 727 - 849?,The answer is -122.,math
What is 776 - 605?,The answer is 171.,math
What is 970 - 602?,The answer is 368.,math
What is 418 + 115?,The answer is 533.,math
What is 903 - 196?,The answer is 707.,math
What is 501 + 626?,The answer is 1127.,math
What is 75 + 413?,The answer is 488.,math
What is 277 - 761?,The answer is -484.,math
What is 869 × 457?,The answer is 397133.,math
What is 689 - 99?,The answer is 590.,math
What is 999 × 96?,The answer is 95904.,math
What is 190 + 736?,The answer is 926.,math
What is 780 × 369?,The answer is 287820.,math
What is 525 + 279?,The answer is 804.,math
What is 867 - 873?,The answer is -6.,math
What is 273 - 881?,The answer is -608.,math
What is 596 + 880?,The answer is 1476.,math
What is 342 × 397?,The answer is 135774.,math
What is 19 + 177?,The answer is 196.,math
What is 233 + 915?,The answer is 1148.,math
What is 455 - 796?,The answer is -341.,math
What is 735 × 384?,The answer is 282240.,math
What is 506 + 367?,The answer is 873.,math
What is 69 + 99?,The answer is 168.,math
What is 948 + 891?,The answer is 1839.,math
What is 484 × 565?,The answer is 273460.,math
What is 144 × 569?,The answer is 81936.,math
What is 109 - 693?,The answer is -584.,math
What is 186 - 935?,The answer is -749.,math
What is 223 + 634?,The answer is 857.,math
What is 163 + 215?,The answer is 378.,math
What is 235 - 843?,The answer is -608.,math
What is 751 + 588?,The answer is 1339.,math
What is 74 + 954?,The answer is 1028.,math
What is 253 × 230?,The answer is 58190.,math
What is 174 - 653?,The answer is -479.,math
What is 393 × 946?,The answer is 371778.,math
What is 634 + 194?,The answer is 828.,math
What is 29 - 165?,The answer is -136.,math
What is 339 + 648?,The answer is 987.,math
What is 833 + 342?,The answer is 1175.,math
What is 511 + 327?,The answer is 838.,math
What is 301 - 132?,The answer is 169.,math
What is 252 × 415?,The answer is 104580.,math
What is 445 - 876?,The answer is -431.,math
What is 167 - 91?,The answer is 76.,math
What is 858 × 531?,The answer is 455598.,math
What is 126 + 451?,The answer is 577.,math
What is 653 - 754?,The answer is -101.,math
What is 58 + 660?,The answer is 718.,math
What is 895 × 361?,The answer is 323095.,math
What is 1 + 387?,The answer is 388.,math
What is 348 + 190?,The answer is 538.,math
What is 191 + 508?,The answer is 699.,math
What is 409 + 824?,The answer is 1233.,math
What is 934 - 117?,The answer is 817.,math
What is 58 + 556?,The answer is 614.,math
What is 672 + 173?,The answer is 845.,math
What is 815 - 149?,The answer is 666.,math
What is 213 + 203?,The answer is 416.,math
What is 676 × 227?,The answer is 153452.,math
What is 532 - 441?,The answer is 91.,math
What is 47 + 233?,The answer is 280.,math
What is 526 × 143?,The answer is 75218.,math
What is 513 - 373?,The answer is 140.,math
What is 886 × 259?,The answer is 229474.,math
What is 953 - 971?,The answer is -18.,math
What is 736 - 784?,The answer is -48.,math
What is 972 + 408?,The answer is 1380.,math
What is 8 - 122?,The answer is -114.,math
What is 648 - 698?,The answer is -50.,math
What is 540 + 732?,The answer is 1272.,math
What is 41 × 740?,The answer is 30340.,math
What is 502 + 959?,The answer is 1461.,math
What is 201 + 929?,The answer is 1130.,math
What is 724 + 461?,The answer is 1185.,math
What is 909 × 558?,The answer is 507222.,math
What is 253 - 390?,The answer is -137.,math
What is 883 + 256?,The answer is 1139.,math
What is 815 - 921?,The answer is -106.,math
What is 10 - 824?,The answer is -814.,math
What is 242 + 251?,The answer is 493.,math
What is 5 + 119?,The answer is 124.,math
What is 374 - 65?,The answer is 309.,math
What is 224 + 239?,The answer is 463.,math
What is 779 - 853?,The answer is -74.,math
What is 63 - 217?,The answer is -154.,math
What is 827 + 795?,The answer is 1622.,math
What is 461 - 929?,The answer is -468.,math
What is 105 × 99?,The answer is 10395.,math
What is 385 × 405?,The answer is 155925.,math
What is 518 + 476?,The answer is 994.,math
What is 709 + 863?,The answer is 1572.,math
What is 870 + 771?,The answer is 1641.,math
What is 23 + 997?,The answer is 1020.,math
What is 677 - 714?,The answer is -37.,math
What is 83 + 145?,The answer is 228.,math
What is 78 - 457?,The answer is -379.,math
What is 1 + 51?,The answer is 52.,math
What is 717 - 772?,The answer is -55.,math
What is 449 - 881?,The answer is -432.,math
What is 348 × 95?,The answer is 33060.,math
What is 154 - 250?,The answer is -96.,math
What is 438 × 118?,The answer is 51684.,math
What is 891 + 306?,The answer is 1197.,math
What is 54 + 236?,The answer is 290.,math
What is 990 × 734?,The answer is 726660.,math
What is 825 × 401?,The answer is 330825.,math
What is 303 × 919?,The answer is 278457.,math
What is 229 - 853?,The answer is -624.,math
What is 578 × 75?,The answer is 43350.,math
What is 103 - 422?,The answer is -319.,math
What is 806 - 306?,The answer is 500.,math
What is 850 × 798?,The answer is 678300.,math
What is 859 × 435?,The answer is 373665.,math
What is 994 + 308?,The answer is 1302.,math
What is 166 × 481?,The answer is 79846.,math
What is 542 - 759?,The answer is -217.,math
What is 563 + 81?,The answer is 644.,math
What is 797 - 900?,The answer is -103.,math
What is 184 - 401?,The answer is -217.,math
What is 785 + 508?,The answer is 1293.,math
What is 546 + 774?,The answer is 1320.,math
What is 450 - 205?,The answer is 245.,math
What is 747 × 43?,The answer is 32121.,math
What is 883 + 111?,The answer is 994.,math
What is 663 × 183?,The answer is 121329.,math
What is 971 + 374?,The answer is 1345.,math
What is 195 × 864?,The answer is 168480.,math
What is 667 - 93?,The answer is 574.,math
What is 61 × 634?,The answer is 38674.,math
What is 403 + 789?,The answer is 1192.,math
What is 466 - 604?,The answer is -138.,math
What is 829 + 534?,The answer is 1363.,math
What is 838 + 513?,The answer is 1351.,math
What is 233 - 524?,The answer is -291.,math
What is 46 + 546?,The answer is 592.,math
What is 78 + 730?,The answer is 808.,math
What is 923 - 73?,The answer is 850.,math
What is 249 + 47?,The answer is 296.,math
What is 214 - 239?,The answer is -25.,math
What is 107 + 831?,The answer is 938.,math
What is 337 + 26?,The answer is 363.,math
What is 8 × 625?,The answer is 5000.,math
What is 253 × 692?,The answer is 175076.,math
What is 303 - 639?,The answer is -336.,math
What is 526 × 474?,The answer is 249324.,math
What is 78 - 216?,The answer is -138.,math
What is 365 - 666?,The answer is -301.,math
What is 699 × 312?,The answer is 218088.,math
What is 7 × 3?,The answer is 21.,math
What is 919 × 750?,The answer is 689250.,math
What is 751 + 508?,The answer is 1259.,math
What is 274 - 506?,The answer is -232.,math
What is 739 × 883?,The answer is 652537.,math
What is 192 × 985?,The answer is 189120.,math
What is 485 - 28?,The answer is 457.,math
What is 39 + 953?,The answer is 992.,math
What is 231 - 86?,The answer is 145.,math
What is 126 + 812?,The answer is 938.,math
What is 145 + 525?,The answer is 670.,math
What is 580 × 394?,The answer is 228520.,math
What is 233 - 109?,The answer is 124.,math
What is 111 × 228?,The answer is 25308.,math
What is 470 × 34?,The answer is 15980.,math
What is 776 + 936?,The answer is 1712.,math
What is 748 - 595?,The answer is 153.,math
What is 425 - 613?,The answer is -188.,math
What is 692 - 282?,The answer is 410.,math
What is 443 × 952?,The answer is 421736.,math
What is 877 + 966?,The answer is 1843.,math
What is 377 + 289?,The answer is 666.,math
What is 662 - 277?,The answer is 385.,math
What is 582 - 503?,The answer is 79.,math
What is 843 - 446?,The answer is 397.,math
What is 350 × 607?,The answer is 212450.,math
What is 137 × 759?,The answer is 103983.,math
What is 243 + 543?,The answer is 786.,math
What is 548 × 920?,The answer is 504160.,math
What is 6 × 322?,The answer is 1932.,math
What is 4 - 847?,The answer is -843.,math
What is 118 - 881?,The answer is -763.,math
What is 504 × 998?,The answer is 502992.,math
What is 574 - 441?,The answer is 133.,math
What is 847 - 715?,The answer is 132.,math
What is 435 + 173?,The answer is 608.,math
What is 326 - 410?,The answer is -84.,math
What is 836 + 787?,The answer is 1623.,math
What is 532 × 113?,The answer is 60116.,math
What is 1 - 90?,The answer is -89.,math
What is 320 + 550?,The answer is 870.,math
What is 894 × 139?,The answer is 124266.,math
What is 868 × 845?,The answer is 733460.,math
What is 259 - 673?,The answer is -414.,math
What is 690 + 10?,The answer is 700.,math
What is 919 - 650?,The answer is 269.,math
What is 13 - 168?,The answer is -155.,math
What is 596 × 321?,The answer is 191316.,math
What is 613 + 329?,The answer is 942.,math
What is 777 × 971?,The answer is 754467.,math
What is 920 × 550?,The answer is 506000.,math
What is 419 × 606?,The answer is 253914.,math
What is 817 - 581?,The answer is 236.,math
What is 956 - 236?,The answer is 720.,math
What is 334 × 885?,The answer is 295590.,math
What is 137 × 930?,The answer is 127410.,math
What is 547 - 513?,The answer is 34.,math
What is 572 + 832?,The answer is 1404.,math
What is 840 + 779?,The answer is 1619.,math
What is 229 - 270?,The answer is -41.,math
What is 291 + 725?,The answer is 1016.,math
What is 5 × 851?,The answer is 4255.,math
What is 78 - 410?,The answer is -332.,math
What is 132 + 601?,The answer is 733.,math
What is 42 - 89?,The answer is -47.,math
What is 296 × 840?,The answer is 248640.,math
What is 616 × 526?,The answer is 324016.,math
What is 637 + 422?,The answer is 1059.,math
What is 23 × 575?,The answer is 13225.,math
What is 993 + 665?,The answer is 1658.,math
What is 225 - 503?,The answer is -278.,math
What is 974 × 821?,The answer is 799654.,math
What is 39 - 947?,The answer is -908.,math
What is 646 × 579?,The answer is 374034.,math
What is 179 - 968?,The answer is -789.,math
What is 448 × 500?,The answer is 224000.,math
What is 623 + 669?,The answer is 1292.,math
What is 478 × 231?,The answer is 110418.,math
What is 420 - 157?,The answer is 263.,math
What is 441 + 97?,The answer is 538.,math
What is 997 × 411?,The answer is 409767.,math
What is 289 - 254?,The answer is 35.,math
What is 834 + 522?,The answer is 1356.,math
What is 635 + 842?,The answer is 1477.,math
What is 118 + 806?,The answer is 924.,math
What is 159 + 815?,The answer is 974.,math
What is 216 × 948?,The answer is 204768.,math
What is 157 + 648?,The answer is 805.,math
What is 157 + 47?,The answer is 204.,math
What is 130 × 411?,The answer is 53430.,math
What is 627 - 755?,The answer is -128.,math
What is 811 + 283?,The answer is 1094.,math
What is 660 - 11?,The answer is 649.,math
What is 842 - 872?,The answer is -30.,math
What is 134 × 712?,The answer is 95408.,math
What is 815 - 346?,The answer is 469.,math
What is 363 - 396?,The answer is -33.,math
What is 141 - 616?,The answer is -475.,math
What is 210 + 985?,The answer is 1195.,math
What is 623 × 616?,The answer is 383768.,math
What is 460 + 356?,The answer is 816.,math
What is 888 × 805?,The answer is 714840.,math
What is 106 × 604?,The answer is 64024.,math
What is 378 - 905?,The answer is -527.,math
What is 51 - 29?,The answer is 22.,math
What is 296 - 297?,The answer is -1.,math
What is 779 + 407?,The answer is 1186.,math
What is 814 + 613?,The answer is 1427.,math
What is 346 - 622?,The answer is -276.,math
What is 983 + 825?,The answer is 1808.,math
What is 831 × 950?,The answer is 789450.,math
What is 371 × 936?,The answer is 347256.,math
What is 661 + 431?,The answer is 1092.,math
What is 309 - 137?,The answer is 172.,math
What is 436 + 313?,The answer is 749.,math
What is 666 × 937?,The answer is 624042.,math
What is 575 + 244?,The answer is 819.,math
What is 602 - 75?,The answer is 527.,math
What is 386 - 903?,The answer is -517.,math
What is 475 × 418?,The answer is 198550.,math
What is 529 × 640?,The answer is 338560.,math
What is 955 × 876?,The answer is 836580.,math
What is 179 + 182?,The answer is 361.,math
What is 967 - 180?,The answer is 787.,math
What is 501 + 856?,The answer is 1357.,math
What is 177 × 285?,The answer is 50445.,math
What is 662 - 666?,The answer is -4.,math
What is 469 × 49?,The answer is 22981.,math
What is 849 + 84?,The answer is 933.,math
What is 689 - 148?,The answer is 541.,math
What is 342 × 476?,The answer is 162792.,math
What is 701 + 360?,The answer is 1061.,math
What is 327 + 769?,The answer is 1096.,math
What is 990 × 215?,The answer is 212850.,math
What is 891 × 952?,The answer is 848232.,math
What is 318 - 32?,The answer is 286.,math
What is 285 + 305?,The answer is 590.,math
What is 477 × 286?,The answer is 136422.,math
What is 18 - 769?,The answer is -751.,math
What is 371 - 175?,The answer is 196.,math
What is 194 + 502?,The answer is 696.,math
What is 114 - 222?,The answer is -108.,math
What is 947 + 831?,The answer is 1778.,math
What is 264 × 925?,The answer is 244200.,math
What is 871 - 643?,The answer is 228.,math
What is 458 - 979?,The answer is -521.,math
What is 162 + 380?,The answer is 542.,math
What is 87 - 55?,The answer is 32.,math
What is 391 + 349?,The answer is 740.,math
What is 313 × 759?,The answer is 237567.,math
What is 984 × 983?,The answer is 967272.,math
What is 767 - 328?,The answer is 439.,math
What is 761 + 239?,The answer is 1000.,math
What is 579 + 51?,The answer is 630.,math
What is 604 - 264?,The answer is 340.,math
What is 803 - 96?,The answer is 707.,math
What is 288 - 120?,The answer is 168.,math
What is 491 + 912?,The answer is 1403.,math
What is 182 - 469?,The answer is -287.,math
What is 735 - 823?,The answer is -88.,math
What is 7 × 330?,The answer is 2310.,math
What is 673 + 151?,The answer is 824.,math
What is 147 + 624?,The answer is 771.,math
What is 915 + 548?,The answer is 1463.,math
What is 700 - 82?,The answer is 618.,math
What is 897 + 815?,The answer is 1712.,math
What is 916 - 523?,The answer is 393.,math
What is 386 × 707?,The answer is 272902.,math
What is 119 + 396?,The answer is 515.,math
What is 805 - 934?,The answer is -129.,math
What is 905 + 226?,The answer is 1131.,math
What is 940 - 867?,The answer is 73.,math
What is 854 + 364?,The answer is 1218.,math
What is 714 × 158?,The answer is 112812.,math
What is 727 + 128?,The answer is 855.,math
What is 882 + 115?,The answer is 997.,math
What is 526 - 521?,The answer is 5.,math
What is 237 × 281?,The answer is 66597.,math
What is 201 - 758?,The answer is -557.,math
What is 235 - 494?,The answer is -259.,math
What is 442 + 29?,The answer is 471.,math
What is 610 + 727?,The answer is 1337.,math
What is 75 - 838?,The answer is -763.,math
What is 128 - 853?,The answer is -725.,math
What is 356 - 41?,The answer is 315.,math
What is 34 + 17?,The answer is 51.,math
What is 153 - 998?,The answer is -845.,math
What is 588 + 599?,The answer is 1187.,math
What is 874 + 342?,The answer is 1216.,math
What is 27 × 825?,The answer is 22275.,math
What is 646 - 731?,The answer is -85.,math
What is 268 + 749?,The answer is 1017.,math
What is 821 - 455?,The answer is 366.,math
What is 685 - 401?,The answer is 284.,math
What is 981 - 476?,The answer is 505.,math
What is 634 - 558?,The answer is 76.,math
What is 822 + 363?,The answer is 1185.,math
What is 819 × 693?,The answer is 567567.,math
What is 794 + 29?,The answer is 823.,math
What is 779 × 296?,The answer is 230584.,math
What is 512 + 676?,The answer is 1188.,math
What is 187 × 807?,The answer is 150909.,math
What is 310 × 98?,The answer is 30380.,math
What is 623 - 664?,The answer is -41.,math
What is 406 + 69?,The answer is 475.,math
What is 762 × 548?,The answer is 417576.,math
What is 148 × 467?,The answer is 69116.,math
What is 244 + 491?,The answer is 735.,math
What is 958 + 507?,The answer is 1465.,math
What is 482 - 201?,The answer is 281.,math
What is 450 + 501?,The answer is 951.,math
What is 713 + 296?,The answer is 1009.,math
What is 641 + 217?,The answer is 858.,math
What is 939 - 616?,The answer is 323.,math
What is 25 × 39?,The answer is 975.,math
What is 131 + 498?,The answer is 629.,math
What is 108 × 172?,The answer is 18576.,math
What is 478 - 102?,The answer is 376.,math
What is 524 + 275?,The answer is 799.,math
What is 44 × 955?,The answer is 42020.,math
What is 817 + 957?,The answer is 1774.,math
What is 330 × 569?,The answer is 187770.,math
What is 497 - 815?,The answer is -318.,math
What is 592 × 216?,The answer is 127872.,math
What is 776 + 991?,The answer is 1767.,math
What is 81 + 727?,The answer is 808.,math
What is 374 - 976?,The answer is -602.,math
What is 200 - 537?,The answer is -337.,math
What is 89 × 268?,The answer is 23852.,math
What is 571 + 922?,The answer is 1493.,math
What is 877 × 538?,The answer is 471826.,math
What is 288 × 778?,The answer is 224064.,math
What is 401 - 919?,The answer is -518.,math
What is 981 - 86?,The answer is 895.,math
What is 391 × 782?,The answer is 305762.,math
What is 629 + 519?,The answer is 1148.,math
What is 883 - 688?,The answer is 195.,math
What is 827 + 727?,The answer is 1554.,math
What is 594 - 223?,The answer is 371.,math
What is 372 × 935?,The answer is 347820.,math
What is 402 - 443?,The answer is -41.,math
What is 615 - 273?,The answer is 342.,math
What is 159 × 152?,The answer is 24168.,math
What is 620 + 188?,The answer is 808.,math
What is 98 + 131?,The answer is 229.,math
What is 171 - 936?,The answer is -765.,math
What is 183 × 983?,The answer is 179889.,math
What is 527 + 888?,The answer is 1415.,math
What is 516 - 349?,The answer is 167.,math
What is 921 - 397?,The answer is 524.,math
What is 161 + 16?,The answer is 177.,math
What is 426 - 108?,The answer is 318.,math
What is 450 × 311?,The answer is 139950.,math
What is 170 - 546?,The answer is -376.,math
What is 251 + 759?,The answer is 1010.,math
What is 141 × 274?,The answer is 38634.,math
What is 891 - 39?,The answer is 852.,math
What is 29 + 958?,The answer is 987.,math
What is 477 + 318?,The answer is 795.,math
What is 748 × 697?,The answer is 521356.,math
What is 377 - 266?,The answer is 111.,math
What is 921 + 359?,The answer is 1280.,math
What is 577 + 990?,The answer is 1567.,math
What is 3 - 429?,The answer is -426.,math
What is 376 - 670?,The answer is -294.,math
What is 324 - 146?,The answer is 178.,math
What is 293 + 665?,The answer is 958.,math
What is 949 + 975?,The answer is 1924.,math
What is 399 + 817?,The answer is 1216.,math
What is 344 × 964?,The answer is 331616.,math
What is 805 + 61?,The answer is 866.,math
What is 939 - 380?,The answer is 559.,math
What is 807 × 440?,The answer is 355080.,math
What is 302 × 344?,The answer is 103888.,math
What is 62 - 845?,The answer is -783.,math
What is 153 × 711?,The answer is 108783.,math
What is 584 + 660?,The answer is 1244.,math
What is 575 + 310?,The answer is 885.,math
What is 243 - 493?,The answer is -250.,math
What is 330 - 107?,The answer is 223.,math
What is 825 + 218?,The answer is 1043.,math
What is 753 × 506?,The answer is 381018.,math
What is 888 + 774?,The answer is 1662.,math
What is 773 × 54?,The answer is 41742.,math
What is 727 + 689?,The answer is 1416.,math
What is 99 - 20?,The answer is 79.,math
What is 753 × 573?,The answer is 431469.,math
What is 490 - 419?,The answer is 71.,math
What is 850 + 62?,The answer is 912.,math
What is 216 × 3?,The answer is 648.,math
What is 998 + 781?,The answer is 1779.,math
What is 89 - 329?,The answer is -240.,math
What is 357 × 610?,The answer is 217770.,math
What is 617 × 952?,The answer is 587384.,math
What is 635 + 988?,The answer is 1623.,math
What is 649 + 195?,The answer is 844.,math
What is 738 - 332?,The answer is 406.,math
What is 521 + 463?,The answer is 984.,math
What is 261 × 395?,The answer is 103095.,math
What is 226 × 984?,The answer is 222384.,math
What is 38 × 328?,The answer is 12464.,math
What is 901 - 176?,The answer is 725.,math
What is 914 + 454?,The answer is 1368.,math
What is 316 + 688?,The answer is 1004.,math
What is 796 + 965?,The answer is 1761.,math
What is 593 + 114?,The answer is 707.,math
What is 224 + 318?,The answer is 542.,math
What is 115 × 698?,The answer is 80270.,math
What is 568 - 40?,The answer is 528.,math
What is 40 + 859?,The answer is 899.,math
What is 749 - 289?,The answer is 460.,math
What is 216 + 147?,The answer is 363.,math
What is 571 + 571?,The answer is 1142.,math
What is 781 + 363?,The answer is 1144.,math
What is 345 - 693?,The answer is -348.,math
What is 356 × 191?,The answer is 67996.,math
What is 422 × 700?,The answer is 295400.,math
What is 133 + 747?,The answer is 880.,math
What is 826 × 761?,The answer is 628586.,math
What is 31 - 535?,The answer is -504.,math
What is 394 × 672?,The answer is 264768.,math
What is 437 × 670?,The answer is 292790.,math
What is 927 - 82?,The answer is 845.,math
What is 718 + 589?,The answer is 1307.,math
What is 524 - 295?,The answer is 229.,math
What is 224 - 525?,The answer is -301.,math
What is 667 + 113?,The answer is 780.,math
What is 17 × 360?,The answer is 6120.,math
What is 866 + 700?,The answer is 1566.,math
What is 675 × 326?,The answer is 220050.,math
What is 414 - 455?,The answer is -41.,math
What is 233 - 224?,The answer is 9.,math
What is 831 × 412?,The answer is 342372.,math
What is 222 + 37?,The answer is 259.,math
What is 278 - 196?,The answer is 82.,math
What is 324 + 731?,The answer is 1055.,math
What is 524 + 918?,The answer is 1442.,math
What is 906 + 886?,The answer is 1792.,math
What is 22 × 474?,The answer is 10428.,math
What is 210 - 306?,The answer is -96.,math
What is 704 + 687?,The answer is 1391.,math
What is 716 × 676?,The answer is 484016.,math
What is 227 + 948?,The answer is 1175.,math
What is 460 + 7?,The answer is 467.,math
What is 907 - 33?,The answer is 874.,math
What is 879 × 79?,The answer is 69441.,math
What is 459 × 570?,The answer is 261630.,math
What is 538 - 482?,The answer is 56.,math
What is 738 + 285?,The answer is 1023.,math
What is 99 + 397?,The answer is 496.,math
What is 39 × 271?,The answer is 10569.,math
What is 797 × 157?,The answer is 125129.,math
What is 884 - 800?,The answer is 84.,math
What is 687 - 974?,The answer is -287.,math
What is 459 × 539?,The answer is 247401.,math
What is 849 + 382?,The answer is 1231.,math
What is 21 + 303?,The answer is 324.,math
What is 955 - 84?,The answer is 871.,math
What is 659 + 953?,The answer is 1612.,math
What is 387 + 507?,The answer is 894.,math
What is 570 - 892?,The answer is -322.,math
What is 527 + 162?,The answer is 689.,math
What is 163 + 832?,The answer is 995.,math
What is 793 - 792?,The answer is 1.,math
What is 271 × 492?,The answer is 133332.,math
What is 584 - 60?,The answer is 524.,math
What is 985 + 657?,The answer is 1642.,math
What is 309 × 520?,The answer is 160680.,math
What is 27 - 686?,The answer is -659.,math
What is 199 + 387?,The answer is 586.,math
What is 960 + 940?,The answer is 1900.,math
What is 536 - 828?,The answer is -292.,math
What is 899 - 916?,The answer is -17.,math
What is 527 - 153?,The answer is 374.,math
What is 206 + 455?,The answer is 661.,math
What is 894 + 236?,The answer is 1130.,math
What is 678 + 944?,The answer is 1622.,math
What is 956 - 831?,The answer is 125.,math
What is 501 - 117?,The answer is 384.,math
What is 344 × 584?,The answer is 200896.,math
What is 64 + 717?,The answer is 781.,math
What is 72 - 789?,The answer is -717.,math
What is 990 - 320?,The answer is 670.,math
What is 366 × 495?,The answer is 181170.,math
What is 166 × 544?,The answer is 90304.,math
What is 301 + 729?,The answer is 1030.,math
What is 102 × 425?,The answer is 43350.,math
What is 214 + 691?,The answer is 905.,math
What is 401 + 588?,The answer is 989.,math
What is 46 × 672?,The answer is 30912.,math
What is 592 - 310?,The answer is 282.,math
What is 92 + 660?,The answer is 752.,math
What is 714 - 936?,The answer is -222.,math
What is 865 + 2?,The answer is 867.,math
What is 801 + 745?,The answer is 1546.,math
What is 926 + 929?,The answer is 1855.,math
What is 116 - 666?,The answer is -550.,math
What is 103 - 194?,The answer is -91.,math
What is 871 - 90?,The answer is 781.,math
What is 122 - 143?,The answer is -21.,math
What is 106 + 887?,The answer is 993.,math
What is 872 + 971?,The answer is 1843.,math
What is 963 - 635?,The answer is 328.,math
What is 9 + 774?,The answer is 783.,math
What is 359 + 223?,The answer is 582.,math
What is 370 - 716?,The answer is -346.,math
What is 860 - 318?,The answer is 542.,math
What is 111 × 251?,The answer is 27861.,math
What is 7 - 459?,The answer is -452.,math
What is 314 - 22?,The answer is 292.,math
What is 895 × 515?,The answer is 460925.,math
What is 809 - 700?,The answer is 109.,math
What is 14 - 971?,The answer is -957.,math
What is 12 + 87?,The answer is 99.,math
What is 537 × 301?,The answer is 161637.,math
What is 122 × 147?,The answer is 17934.,math
What is 750 + 356?,The answer is 1106.,math
What is 904 × 733?,The answer is 662632.,math
What is 309 × 695?,The answer is 214755.,math
What is 812 - 594?,The answer is 218.,math
What is 914 - 723?,The answer is 191.,math
What is 549 + 352?,The answer is 901.,math
What is 59 - 643?,The answer is -584.,math
What is 755 + 35?,The answer is 790.,math
What is 93 × 950?,The answer is 88350.,math
What is 207 × 353?,The answer is 73071.,math
What is 332 - 817?,The answer is -485.,math
What is 725 - 159?,The answer is 566.,math
What is 957 + 24?,The answer is 981.,math
What is 516 - 732?,The answer is -216.,math
What is 532 - 956?,The answer is -424.,math
What is 689 + 947?,The answer is 1636.,math
What is 420 + 250?,The answer is 670.,math
What is 866 - 512?,The answer is 354.,math
What is 335 - 418?,The answer is -83.,math
What is 295 × 938?,The answer is 276710.,math
What is 371 - 186?,The answer is 185.,math
What is 637 × 268?,The answer is 170716.,math
What is 237 + 530?,The answer is 767.,math
What is 911 × 737?,The answer is 671407.,math
What is 794 - 520?,The answer is 274.,math
What is 599 - 298?,The answer is 301.,math
What is 334 × 2?,The answer is 668.,math
What is 293 - 837?,The answer is -544.,math
What is 553 - 318?,The answer is 235.,math
What is 828 × 381?,The answer is 315468.,math
What is 14 × 504?,The answer is 7056.,math
What is 985 - 84?,The answer is 901.,math
What is 743 + 838?,The answer is 1581.,math
What is 891 + 857?,The answer is 1748.,math
What is 28 × 66?,The answer is 1848.,math
What is 229 × 261?,The answer is 59769.,math
What is 449 + 424?,The answer is 873.,math
What is 919 × 303?,The answer is 278457.,math
What is 395 × 10?,The answer is 3950.,math
What is 630 - 270?,The answer is 360.,math
What is 605 - 778?,The answer is -173.,math
What is 361 + 257?,The answer is 618.,math
What is 276 × 776?,The answer is 214176.,math
What is 972 + 513?,The answer is 1485.,math
What is 576 + 886?,The answer is 1462.,math
What is 107 × 933?,The answer is 99831.,math
What is 997 + 204?,The answer is 1201.,math
What is 305 × 497?,The answer is 151585.,math
What is 719 × 902?,The answer is 648538.,math
What is 957 - 916?,The answer is 41.,math
What is 334 + 642?,The answer is 976.,math
What is 511 - 293?,The answer is 218.,math
What is 797 × 1?,The answer is 797.,math
What is 35 + 198?,The answer is 233.,math
What is 757 + 59?,The answer is 816.,math
What is 161 - 691?,The answer is -530.,math
What is 12 + 490?,The answer is 502.,math
What is 242 × 216?,The answer is 52272.,math
What is 811 - 126?,The answer is 685.,math
What is 217 + 306?,The answer is 523.,math
What is 185 × 39?,The answer is 7215.,math
What is 184 × 495?,The answer is 91080.,math
What is 178 - 919?,The answer is -741.,math
What is 852 - 151?,The answer is 701.,math
What is 813 - 308?,The answer is 505.,math
What is 746 × 892?,The answer is 665432.,math
What is 8 + 341?,The answer is 349.,math
What is 776 - 669?,The answer is 107.,math
What is 517 - 495?,The answer is 22.,math
What is 175 + 802?,The answer is 977.,math
What is 311 - 119?,The answer is 192.,math
What is 427 - 970?,The answer is -543.,math
What is 114 + 978?,The answer is 1092.,math
What is 538 × 648?,The answer is 348624.,math
What is 744 × 881?,The answer is 655464.,math
What is 840 - 345?,The answer is 495.,math
What is 964 + 801?,The answer is 1765.,math
What is 147 - 287?,The answer is -140.,math
What is 53 + 304?,The answer is 357.,math
What is 361 - 602?,The answer is -241.,math
What is 220 - 962?,The answer is -742.,math
What is 704 × 966?,The answer is 680064.,math
What is 585 + 161?,The answer is 746.,math
What is 89 + 688?,The answer is 777.,math
What is 585 + 757?,The answer is 1342.,math
What is 159 × 489?,The answer is 77751.,math
What is 324 + 610?,The answer is 934.,math
What is 102 - 494?,The answer is -392.,math
What is 19 - 454?,The answer is -435.,math
What is 594 + 397?,The answer is 991.,math
What is 279 + 851?,The answer is 1130.,math
What is 331 - 641?,The answer is -310.,math
What is 822 + 455?,The answer is 1277.,math
What is 725 + 655?,The answer is 1380.,math
What is 76 × 711?,The answer is 54036.,math
What is 917 + 915?,The answer is 1832.,math
What is 473 + 417?,The answer is 890.,math
What is 736 × 497?,The answer is 365792.,math
What is 940 - 102?,The answer is 838.,math
What is 267 - 867?,The answer is -600.,math
What is 974 - 842?,The answer is 132.,math
What is 942 × 777?,The answer is 731934.,math
What is 85 - 794?,The answer is -709.,math
What is 454 + 924?,The answer is 1378.,math
What is 221 + 154?,The answer is 375.,math
What is 12 - 133?,The answer is -121.,math
What is 304 × 293?,The answer is 89072.,math
What is 300 × 740?,The answer is 222000.,math
What is 43 × 944?,The answer is 40592.,math
What is 326 - 814?,The answer is -488.,math
What is 364 × 891?,The answer is 324324.,math
What is 21 × 407?,The answer is 8547.,math
What is 336 + 815?,The answer is 1151.,math
What is 124 + 399?,The answer is 523.,math
What is 804 × 715?,The answer is 574860.,math
What is 783 + 324?,The answer is 1107.,math
What is 141 × 470?,The answer is 66270.,math
What is 802 + 334?,The answer is 1136.,math
What is 964 - 373?,The answer is 591.,math
What is 539 × 669?,The answer is 360591.,math
What is 156 - 291?,The answer is -135.,math
What is 420 - 670?,The answer is -250.,math
What is 2 + 945?,The answer is 947.,math
What is 644 + 90?,The answer is 734.,math
What is 350 × 459?,The answer is 160650.,math
What is 351 - 108?,The answer is 243.,math
What is 39 × 909?,The answer is 35451.,math
What is 583 + 959?,The answer is 1542.,math
What is 938 - 445?,The answer is 493.,math
What is 952 - 36?,The answer is 916.,math
What is 775 + 822?,The answer is 1597.,math
What is 172 + 376?,The answer is 548.,math
What is 362 × 559?,The answer is 202358.,math
What is 141 - 887?,The answer is -746.,math
What is 118 - 277?,The answer is -159.,math
What is 220 - 905?,The answer is -685.,math
What is 521 - 783?,The answer is -262.,math
What is 984 + 378?,The answer is 1362.,math
What is 637 + 682?,The answer is 1319.,math
What is 154 + 859?,The answer is 1013.,math
What is 580 × 50?,The answer is 29000.,math
What is 612 × 60?,The answer is 36720.,math
What is 202 - 857?,The answer is -655.,math
What is 915 - 676?,The answer is 239.,math
What is 993 - 439?,The answer is 554.,math
What is 581 + 687?,The answer is 1268.,math
What is 483 - 108?,The answer is 375.,math
What is 673 + 631?,The answer is 1304.,math
What is 977 + 662?,The answer is 1639.,math
What is 655 × 419?,The answer is 274445.,math
What is 160 - 523?,The answer is -363.,math
What is 969 + 590?,The answer is 1559.,math
What is 509 - 441?,The answer is 68.,math
What is 921 × 770?,The answer is 709170.,math
What is 263 - 597?,The answer is -334.,math
What is 835 - 554?,The answer is 281.,math
What is 637 + 167?,The answer is 804.,math
What is 753 × 459?,The answer is 345627.,math
What is 280 - 700?,The answer is -420.,math
What is 531 - 580?,The answer is -49.,math
What is 102 × 554?,The answer is 56508.,math
What is 621 + 36?,The answer is 657.,math
What is 353 × 676?,The answer is 238628.,math
What is 73 + 648?,The answer is 721.,math
What is 891 + 70?,The answer is 961.,math
What is 999 + 708?,The answer is 1707.,math
What is 561 - 828?,The answer is -267.,math
What is 956 × 517?,The answer is 494252.,math
What is 160 - 149?,The answer is 11.,math
What is 712 × 562?,The answer is 400144.,math
What is 812 - 381?,The answer is 431.,math
What is 259 - 342?,The answer is -83.,math
What is 130 - 727?,The answer is -597.,math
What is 614 × 209?,The answer is 128326.,math
What is 354 - 471?,The answer is -117.,math
What is 116 - 264?,The answer is -148.,math
What is 812 + 442?,The answer is 1254.,math
What is 845 × 477?,The answer is 403065.,math
What is 303 - 311?,The answer is -8.,math
What is 446 + 670?,The answer is 1116.,math
What is 55 + 912?,The answer is 967.,math
What is 400 × 908?,The answer is 363200.,math
What is 656 + 542?,The answer is 1198.,math
What is 279 × 348?,The answer is 97092.,math
What is 104 + 630?,The answer is 734.,math
What is 980 + 872?,The answer is 1852.,math
What is 633 + 286?,The answer is 919.,math
What is 84 - 966?,The answer is -882.,math
What is 978 × 456?,The answer is 445968.,math
What is 800 + 161?,The answer is 961.,math
What is 784 - 460?,The answer is 324.,math
What is 500 + 738?,The answer is 1238.,math
What is 654 + 804?,The answer is 1458.,math
What is 663 + 114?,The answer is 777.,math
What is 578 + 361?,The answer is 939.,math
What is 770 + 987?,The answer is 1757.,math
What is 969 × 449?,The answer is 435081.,math
What is 835 - 180?,The answer is 655.,math
What is 407 - 666?,The answer is -259.,math
What is 311 × 262?,The answer is 81482.,math
What is 406 × 939?,The answer is 381234.,math
What is 342 + 316?,The answer is 658.,math
What is 244 × 490?,The answer is 119560.,math
What is 561 - 42?,The answer is 519.,math
What is 594 × 429?,The answer is 254826.,math
What is 158 - 216?,The answer is -58.,math
What is 670 - 462?,The answer is 208.,math
What is 67 × 848?,The answer is 56816.,math
What is 948 + 526?,The answer is 1474.,math
What is 399 × 405?,The answer is 161595.,math
What is 578 - 859?,The answer is -281.,math
What is 931 - 466?,The answer is 465.,math
What is 788 - 978?,The answer is -190.,math
What is 537 + 962?,The answer is 1499.,math
What is 253 + 822?,The answer is 1075.,math
What is 164 - 95?,The answer is 69.,math
What is 833 - 110?,The answer is 723.,math
What is 238 × 381?,The answer is 90678.,math
What is 483 - 937?,The answer is -454.,math
What is 25 + 653?,The answer is 678.,math
What is 482 + 392?,The answer is 874.,math
What is 994 + 964?,The answer is 1958.,math
What is 79 + 580?,The answer is 659.,math
What is 956 + 12?,The answer is 968.,math
What is 543 - 846?,The answer is -303.,math
What is 989 × 828?,The answer is 818892.,math
What is 390 + 672?,The answer is 1062.,math
What is 43 - 254?,The answer is -211.,math
What is 60 × 663?,The answer is 39780.,math
What is 287 × 517?,The answer is 148379.,math
What is 930 + 778?,The answer is 1708.,math
What is 642 × 382?,The answer is 245244.,math
What is 690 × 253?,The answer is 174570.,math
What is 56 + 463?,The answer is 519.,math
What is 983 + 83?,The answer is 1066.,math
What is 99 + 149?,The answer is 248.,math
What is 156 - 190?,The answer is -34.,math
What is 883 + 263?,The answer is 1146.,math
What is 260 × 772?,The answer is 200720.,math
What is 552 + 785?,The answer is 1337.,math
What is 359 + 380?,The answer is 739.,math
What is 820 - 420?,The answer is 400.,math
What is 231 × 690?,The answer is 159390.,math
What is 485 × 628?,The answer is 304580.,math
What is 574 + 768?,The answer is 1342.,math
What is 483 × 519?,The answer is 250677.,math
What is 92 - 982?,The answer is -890.,math
What is 455 + 741?,The answer is 1196.,math
What is 598 - 645?,The answer is -47.,math
What is 183 - 386?,The answer is -203.,math
What is 731 - 405?,The answer is 326.,math
What is 742 + 591?,The answer is 1333.,math
What is 650 - 471?,The answer is 179.,math
What is 888 + 423?,The answer is 1311.,math
What is 65 + 13?,The answer is 78.,math
What is 986 + 242?,The answer is 1228.,math
What is 213 - 693?,The answer is -480.,math
What is 997 + 173?,The answer is 1170.,math
What is 995 × 497?,The answer is 494515.,math
What is 703 × 917?,The answer is 644651.,math
What is 629 - 794?,The answer is -165.,math
What is 708 - 546?,The answer is 162.,math
What is 744 + 227?,The answer is 971.,math
What is 733 + 436?,The answer is 1169.,math
What is 422 + 554?,The answer is 976.,math
What is 554 + 397?,The answer is 951.,math
What is 105 + 192?,The answer is 297.,math
What is 120 + 393?,The answer is 513.,math
What is 129 + 130?,The answer is 259.,math
What is 97 - 10?,The answer is 87.,math
What is 826 + 956?,The answer is 1782.,math
What is 284 × 715?,The answer is 203060.,math
What is 802 × 776?,The answer is 622352.,math
What is 726 + 200?,The answer is 926.,math
What is 79 × 913?,The answer is 72127.,math
What is 856 × 173?,The answer is 148088.,math
What is 581 + 416?,The answer is 997.,math
What is 87 + 101?,The answer is 188.,math
What is 200 × 505?,The answer is 101000.,math
What is 43 + 385?,The answer is 428.,math
What is 435 × 408?,The answer is 177480.,math
What is 664 + 17?,The answer is 681.,math
What is 148 - 277?,The answer is -129.,math
What is 927 × 366?,The answer is 339282.,math
What is 436 × 399?,The answer is 173964.,math
What is 391 × 499?,The answer is 195109.,math
What is 491 + 442?,The answer is 933.,math
What is 773 - 350?,The answer is 423.,math
What is 352 - 520?,The answer is -168.,math
What is 550 + 623?,The answer is 1173.,math
What is 223 + 648?,The answer is 871.,math
What is 329 × 962?,The answer is 316498.,math
What is 946 + 963?,The answer is 1909.,math
What is 804 - 382?,The answer is 422.,math
What is 617 + 169?,The answer is 786.,math
What is 378 - 119?,The answer is 259.,math
What is 767 - 370?,The answer is 397.,math
What is 149 × 676?,The answer is 100724.,math
What is 488 - 770?,The answer is -282.,math
What is 781 × 693?,The answer is 541233.,math
What is 912 - 288?,The answer is 624.,math
What is 523 × 522?,The answer is 273006.,math
What is 273 - 936?,The answer is -663.,math
What is 183 + 969?,The answer is 1152.,math
What is 488 - 827?,The answer is -339.,math
What is 124 - 985?,The answer is -861.,math
What is 790 + 414?,The answer is 1204.,math
What is 172 × 288?,The answer is 49536.,math
What is 686 + 113?,The answer is 799.,math
What is 995 - 122?,The answer is 873.,math
What is 631 + 39?,The answer is 670.,math
What is 780 × 233?,The answer is 181740.,math
What is 530 + 149?,The answer is 679.,math
What is 661 - 638?,The answer is 23.,math
What is 360 × 238?,The answer is 85680.,math
What is 663 × 236?,The answer is 156468.,math
What is 256 - 598?,The answer is -342.,math
What is 235 - 345?,The answer is -110.,math
What is 860 + 797?,The answer is 1657.,math
What is 466 + 770?,The answer is 1236.,math
What is 213 × 463?,The answer is 98619.,math
What is 562 × 607?,The answer is 341134.,math
What is 407 + 88?,The answer is 495.,math
What is 278 + 683?,The answer is 961.,math
What is 701 × 353?,The answer is 247453.,math
What is 703 × 630?,The answer is 442890.,math
What is 23 - 413?,The answer is -390.,math
What is 807 × 108?,The answer is 87156.,math
What is 281 + 128?,The answer is 409.,math
What is 111 - 136?,The answer is -25.,math
What is 186 + 656?,The answer is 842.,math
What is 876 × 261?,The answer is 228636.,math
What is 449 × 900?,The answer is 404100.,math
What is 224 - 832?,The answer is -608.,math
What is 866 + 491?,The answer is 1357.,math
What is 10 - 405?,The answer is -395.,math
What is 231 × 731?,The answer is 168861.,math
What is 66 + 937?,The answer is 1003.,math
What is 393 - 500?,The answer is -107.,math
What is 234 - 602?,The answer is -368.,math
What is 566 + 12?,The answer is 578.,math
What is 974 + 14?,The answer is 988.,math
What is 418 + 437?,The answer is 855.,math
What is 20 × 587?,The answer is 11740.,math
What is 735 × 70?,The answer is 51450.,math
What is 101 × 698?,The answer is 70498.,math
What is 381 - 132?,The answer is 249.,math
What is 536 - 227?,The answer is 309.,math
What is 805 + 742?,The answer is 1547.,math
What is 822 + 871?,The answer is 1693.,math
What is 202 - 38?,The answer is 164.,math
What is 772 + 188?,The answer is 960.,math
What is 941 + 20?,The answer is 961.,math
What is 119 + 583?,The answer is 702.,math
What is 526 + 515?,The answer is 1041.,math
What is 336 × 698?,The answer is 234528.,math
What is 500 - 900?,The answer is -400.,math
What is 536 - 162?,The answer is 374.,math
What is 594 × 915?,The answer is 543510.,math
What is 188 × 60?,The answer is 11280.,math
What is 817 - 319?,The answer is 498.,math
What is 211 + 406?,The answer is 617.,math
What is 76 - 542?,The answer is -466.,math
What is 998 × 117?,The answer is 116766.,math
What is 868 × 704?,The answer is 611072.,math
What is 432 - 685?,The answer is -253.,math
What is 183 × 113?,The answer is 20679.,math
What is 481 × 146?,The answer is 70226.,math
What is 628 × 113?,The answer is 70964.,math
What is 476 × 763?,The answer is 363188.,math
What is 971 - 825?,The answer is 146.,math
What is 813 + 161?,The answer is 974.,math
What is 198 × 260?,The answer is 51480.,math
What is 987 - 399?,The answer is 588.,math
What is 559 × 78?,The answer is 43602.,math
What is 871 - 137?,The answer is 734.,math
What is 400 + 837?,The answer is 1237.,math
What is 500 - 573?,The answer is -73.,math
What is 50 + 771?,The answer is 821.,math
What is 619 - 625?,The answer is -6.,math
What is 254 + 630?,The answer is 884.,math
What is 710 × 849?,The answer is 602790.,math
What is 877 + 563?,The answer is 1440.,math
What is 915 × 426?,The answer is 389790.,math
What is 302 × 922?,The answer is 278444.,math
What is 581 + 349?,The answer is 930.,math
What is 980 + 49?,The answer is 1029.,math
What is 74 + 704?,The answer is 778.,math
What is 356 - 582?,The answer is -226.,math
What is 260 × 638?,The answer is 165880.,math
What is 295 + 931?,The answer is 1226.,math
What is 792 - 313?,The answer is 479.,math
What is 809 - 182?,The answer is 627.,math
What is 828 + 364?,The answer is 1192.,math
What is 543 + 596?,The answer is 1139.,math
What is 548 - 725?,The answer is -177.,math
What is 408 - 876?,The answer is -468.,math
What is 414 × 342?,The answer is 141588.,math
What is 163 - 951?,The answer is -788.,math
What is 632 - 906?,The answer is -274.,math
What is 991 + 618?,The answer is 1609.,math
What is 205 + 582?,The answer is 787.,math
What is 813 × 228?,The answer is 185364.,math
What is 596 - 850?,The answer is -254.,math
What is 875 + 441?,The answer is 1316.,math
What is 196 + 690?,The answer is 886.,math
What is 987 - 519?,The answer is 468.,math
What is 639 - 399?,The answer is 240.,math
What is 672 × 760?,The answer is 510720.,math
What is 148 × 472?,The answer is 69856.,math
What is 944 + 199?,The answer is 1143.,math
What is 426 - 666?,The answer is -240.,math
What is 313 - 165?,The answer is 148.,math
What is 21 + 82?,The answer is 103.,math
What is 131 - 599?,The answer is -468.,math
What is 933 + 984?,The answer is 1917.,math
What is 915 + 371?,The answer is 1286.,math
What is 853 + 384?,The answer is 1237.,math
What is 445 + 425?,The answer is 870.,math
What is 178 × 629?,The answer is 111962.,math
What is 490 - 327?,The answer is 163.,math
What is 289 + 593?,The answer is 882.,math
What is 573 - 354?,The answer is 219.,math
What is 43 × 681?,The answer is 29283.,math
What is 598 + 177?,The answer is 775.,math
What is 610 - 966?,The answer is -356.,math
What is 198 + 610?,The answer is 808.,math
What is 842 + 853?,The answer is 1695.,math
What is 514 + 22?,The answer is 536.,math
What is 66 - 842?,The answer is -776.,math
What is 144 × 880?,The answer is 126720.,math
What is 637 - 679?,The answer is -42.,math
What is 588 × 344?,The answer is 202272.,math
What is 936 × 294?,The answer is 275184.,math
What is 650 × 611?,The answer is 397150.,math
What is 831 × 561?,The answer is 466191.,math
What is 277 - 532?,The answer is -255.,math
What is 383 - 68?,The answer is 315.,math
What is 884 × 214?,The answer is 189176.,math
What is 376 + 744?,The answer is 1120.,math
What is 79 - 726?,The answer is -647.,math
What is 923 + 381?,The answer is 1304.,math
What is 680 - 58?,The answer is 622.,math
What is 881 - 447?,The answer is 434.,math
What is 921 - 760?,The answer is 161.,math
What is 899 + 968?,The answer is 1867.,math
What is 554 - 227?,The answer is 327.,math
What is 679 × 436?,The answer is 296044.,math
What is 601 - 379?,The answer is 222.,math
What is 427 + 915?,The answer is 1342.,math
What is 307 - 779?,The answer is -472.,math
What is 8 + 920?,The answer is 928.,math
What is 164 + 485?,The answer is 649.,math
What is 72 + 567?,The answer is 639.,math
What is 559 - 911?,The answer is -352.,math
What is 104 - 210?,The answer is -106.,math
What is 828 - 468?,The answer is 360.,math
What is 268 × 386?,The answer is 103448.,math
What is 848 + 387?,The answer is 1235.,math
What is 259 - 283?,The answer is -24.,math
What is 875 - 40?,The answer is 835.,math
What is 929 + 220?,The answer is 1149.,math
What is 520 × 613?,The answer is 318760.,math
What is 613 - 260?,The answer is 353.,math
What is 966 - 366?,The answer is 600.,math
What is 787 + 544?,The answer is 1331.,math
What is 524 - 907?,The answer is -383.,math
What is 887 + 16?,The answer is 903.,math
What is 575 × 109?,The answer is 62675.,math
What is 533 + 670?,The answer is 1203.,math
What is 162 - 260?,The answer is -98.,math
What is 506 × 735?,The answer is 371910.,math
What is 247 × 640?,The answer is 158080.,math
What is 837 × 537?,The answer is 449469.,math
What is 353 + 196?,The answer is 549.,math
What is 916 - 930?,The answer is -14.,math
What is 382 × 645?,The answer is 246390.,math
What is 701 + 476?,The answer is 1177.,math
What is 265 - 372?,The answer is -107.,math
What is 434 × 646?,The answer is 280364.,math
What is 572 + 940?,The answer is 1512.,math
What is 395 × 450?,The answer is 177750.,math
What is 364 + 876?,The answer is 1240.,math
What is 725 - 728?,The answer is -3.,math
What is 982 - 131?,The answer is 851.,math
What is 986 - 277?,The answer is 709.,math
What is 190 + 417?,The answer is 607.,math
What is 675 - 692?,The answer is -17.,math
What is 41 × 307?,The answer is 12587.,math
What is 338 × 314?,The answer is 106132.,math
What is 953 - 279?,The answer is 674.,math
What is 273 × 837?,The answer is 228501.,math
What is 862 × 783?,The answer is 674946.,math
What is 931 + 289?,The answer is 1220.,math
What is 272 - 930?,The answer is -658.,math
What is 483 × 936?,The answer is 452088.,math
What is 935 + 454?,The answer is 1389.,math
What is 660 + 124?,The answer is 784.,math
What is 968 × 759?,The answer is 734712.,math
What is 640 × 191?,The answer is 122240.,math
What is 516 + 442?,The answer is 958.,math
What is 815 × 806?,The answer is 656890.,math
What is 191 × 533?,The answer is 101803.,math
What is 313 + 629?,The answer is 942.,math
What is 302 + 654?,The answer is 956.,math
What is 551 × 393?,The answer is 216543.,math
What is 764 × 845?,The answer is 645580.,math
What is 210 + 115?,The answer is 325.,math
What is 646 × 251?,The answer is 162146.,math
What is 407 × 443?,The answer is 180301.,math
What is 354 - 888?,The answer is -534.,math
What is 550 + 142?,The answer is 692.,math
What is 840 × 702?,The answer is 589680.,math
What is 659 × 542?,The answer is 357178.,math
What is 846 + 507?,The answer is 1353.,math
What is 281 - 424?,The answer is -143.,math
What is 154 × 614?,The answer is 94556.,math
What is 662 + 944?,The answer is 1606.,math
What is 83 × 622?,The answer is 51626.,math
What is 899 × 426?,The answer is 382974.,math
What is 713 + 284?,The answer is 997.,math
What is 327 × 718?,The answer is 234786.,math
What is 73 × 763?,The answer is 55699.,math
What is 633 × 508?,The answer is 321564.,math
What is 943 - 398?,The answer is 545.,math
What is 437 + 829?,The answer is 1266.,math
What is 286 + 265?,The answer is 551.,math
What is 376 + 820?,The answer is 1196.,math
What is 654 + 203?,The answer is 857.,math
What is 739 - 955?,The answer is -216.,math
What is 222 × 41?,The answer is 9102.,math
What is 68 - 988?,The answer is -920.,math
What is 873 - 637?,The answer is 236.,math
What is 598 × 937?,The answer is 560326.,math
What is 255 + 695?,The answer is 950.,math
What is 62 - 881?,The answer is -819.,math
What is 268 × 35?,The answer is 9380.,math
What is 576 - 494?,The answer is 82.,math
What is 469 + 767?,The answer is 1236.,math
What is 325 + 304?,The answer is 629.,math
What is 963 + 684?,The answer is 1647.,math
What is 201 + 445?,The answer is 646.,math
What is 324 + 35?,The answer is 359.,math
What is 482 + 728?,The answer is 1210.,math
What is 8 × 301?,The answer is 2408.,math
What is 431 - 424?,The answer is 7.,math
What is 588 × 174?,The answer is 102312.,math
What is 527 × 873?,The answer is 460071.,math
What is 26 + 820?,The answer is 846.,math
What is 406 + 232?,The answer is 638.,math
What is 819 + 550?,The answer is 1369.,math
What is 669 × 179?,The answer is 119751.,math
What is 455 - 348?,The answer is 107.,math
What is 76 × 941?,The answer is 71516.,math
What is 854 - 492?,The answer is 362.,math
What is 984 × 162?,The answer is 159408.,math
What is 951 + 361?,The answer is 1312.,math
What is 584 - 87?,The answer is 497.,math
What is 262 + 214?,The answer is 476.,math
What is 722 + 913?,The answer is 1635.,math
What is 780 - 262?,The answer is 518.,math
What is 283 × 648?,The answer is 183384.,math
What is 380 + 362?,The answer is 742.,math
What is 441 + 93?,The answer is 534.,math
What is 753 - 867?,The answer is -114.,math
What is 291 + 432?,The answer is 723.,math
What is 852 + 824?,The answer is 1676.,math
What is 653 - 701?,The answer is -48.,math
What is 49 + 302?,The answer is 351.,math
What is 190 × 136?,The answer is 25840.,math
What is 404 + 892?,The answer is 1296.,math
What is 602 + 807?,The answer is 1409.,math
What is 757 - 945?,The answer is -188.,math
What is 618 - 363?,The answer is 255.,math
What is 382 + 233?,The answer is 615.,math
What is 344 + 549?,The answer is 893.,math
What is 553 + 529?,The answer is 1082.,math
What is 819 × 571?,The answer is 467649.,math
What is 183 × 41?,The answer is 7503.,math
What is 397 × 704?,The answer is 279488.,math
What is 494 × 659?,The answer is 325546.,math
What is 333 - 127?,The answer is 206.,math
What is 557 × 1?,The answer is 557.,math
What is 332 + 584?,The answer is 916.,math
What is 109 + 268?,The answer is 377.,math
What is 240 + 929?,The answer is 1169.,math
What is 602 - 103?,The answer is 499.,math
What is 453 + 520?,The answer is 973.,math
What is 859 × 174?,The answer is 149466.,math
What is 670 × 431?,The answer is 288770.,math
What is 689 - 687?,The answer is 2.,math
What is 658 - 962?,The answer is -304.,math
What is 673 - 639?,The answer is 34.,math
What is 485 × 659?,The answer is 319615.,math
What is 412 + 936?,The answer is 1348.,math
What is 737 - 332?,The answer is 405.,math
What is 755 + 655?,The answer is 1410.,math
What is 935 × 770?,The answer is 719950.,math
What is 797 - 105?,The answer is 692.,math
What is 450 × 819?,The answer is 368550.,math
What is 973 - 266?,The answer is 707.,math
What is 210 - 563?,The answer is -353.,math
What is 713 × 377?,The answer is 268801.,math
What is 540 - 771?,The answer is -231.,math
What is 667 - 629?,The answer is 38.,math
What is 605 × 678?,The answer is 410190.,math
What is 912 - 350?,The answer is 562.,math
What is 81 - 937?,The answer is -856.,math
What is 268 × 419?,The answer is 112292.,math
What is 833 + 311?,The answer is 1144.,math
What is 975 + 986?,The answer is 1961.,math
What is 213 + 574?,The answer is 787.,math
What is 127 + 223?,The answer is 350.,math
What is 279 + 408?,The answer is 687.,math
What is 294 + 796?,The answer is 1090.,math
What is 438 - 107?,The answer is 331.,math
What is 420 + 611?,The answer is 1031.,math
What is 375 + 73?,The answer is 448.,math
What is 998 - 634?,The answer is 364.,math
What is 188 - 364?,The answer is -176.,math
What is 800 × 451?,The answer is 360800.,math
What is 156 × 172?,The answer is 26832.,math
What is 41 × 63?,The answer is 2583.,math
What is 360 - 75?,The answer is 285.,math
What is 825 + 118?,The answer is 943.,math
What is 920 - 679?,The answer is 241.,math
What is 440 + 668?,The answer is 1108.,math
What is 7 + 196?,The answer is 203.,math
What is 568 + 833?,The answer is 1401.,math
What is 559 × 148?,The answer is 82732.,math
What is 669 - 202?,The answer is 467.,math
What is 988 × 419?,The answer is 413972.,math
What is 479 - 475?,The answer is 4.,math
What is 395 + 817?,The answer is 1212.,math
What is 806 + 576?,The answer is 1382.,math
What is 392 - 930?,The answer is -538.,math
What is 833 + 31?,The answer is 864.,math
What is 877 + 434?,The answer is 1311.,math
What is 926 × 376?,The answer is 348176.,math
What is 579 + 75?,The answer is 654.,math
What is 772 × 666?,The answer is 514152.,math
What is 430 × 363?,The answer is 156090.,math
What is 234 - 563?,The answer is -329.,math
What is 262 + 827?,The answer is 1089.,math
What is 911 - 245?,The answer is 666.,math
What is 938 - 485?,The answer is 453.,math
What is 125 - 549?,The answer is -424.,math
What is 124 × 869?,The answer is 107756.,math
What is 87 - 646?,The answer is -559.,math
What is 201 + 369?,The answer is 570.,math
What is 77 × 59?,The answer is 4543.,math
What is 638 + 500?,The answer is 1138.,math
What is 109 - 736?,The answer is -627.,math
What is 68 + 69?,The answer is 137.,math
What is 489 + 305?,The answer is 794.,math
What is 674 - 365?,The answer is 309.,math
What is 821 × 379?,The answer is 311159.,math
What is 947 - 899?,The answer is 48.,math
What is 354 + 416?,The answer is 770.,math
What is 563 + 762?,The answer is 1325.,math
What is 341 × 942?,The answer is 321222.,math
What is 533 × 300?,The answer is 159900.,math
What is 359 × 836?,The answer is 300124.,math
What is 385 × 604?,The answer is 232540.,math
What is 280 × 637?,The answer is 178360.,math
What is 909 - 111?,The answer is 798.,math
What is 139 × 996?,The answer is 138444.,math
What is 509 × 273?,The answer is 138957.,math
What is 764 - 850?,The answer is -86.,math
What is 761 - 664?,The answer is 97.,math
What is 787 × 165?,The answer is 129855.,math
What is 853 + 520?,The answer is 1373.,math
What is 657 - 613?,The answer is 44.,math
What is 659 × 64?,The answer is 42176.,math
What is 117 × 866?,The answer is 101322.,math
What is 822 × 685?,The answer is 563070.,math
What is 140 + 246?,The answer is 386.,math
What is 758 × 395?,The answer is 299410.,math
What is 476 + 517?,The answer is 993.,math
What is 184 + 20?,The answer is 204.,math
What is 558 - 524?,The answer is 34.,math
What is 529 × 883?,The answer is 467107.,math
What is 666 - 304?,The answer is 362.,math
What is 695 - 762?,The answer is -67.,math
What is 587 - 417?,The answer is 170.,math
What is 216 × 407?,The answer is 87912.,math
What is 923 + 715?,The answer is 1638.,math
What is 499 + 754?,The answer is 1253.,math
What is 691 - 949?,The answer is -258.,math
What is 731 × 82?,The answer is 59942.,math
What is 687 × 751?,The answer is 515937.,math
What is 365 × 163?,The answer is 59495.,math
What is 329 + 840?,The answer is 1169.,math
What is 849 + 337?,The answer is 1186.,math
What is 737 × 864?,The answer is 636768.,math
What is 575 × 806?,The answer is 463450.,math
What is 443 + 837?,The answer is 1280.,math
What is 943 + 494?,The answer is 1437.,math
What is 287 - 720?,The answer is -433.,math
What is 480 + 22?,The answer is 502.,math
What is 726 × 683?,The answer is 495858.,math
What is 566 - 906?,The answer is -340.,math
What is 320 + 126?,The answer is 446.,math
What is 976 - 204?,The answer is 772.,math
What is 681 × 664?,The answer is 452184.,math
What is 696 + 286?,The answer is 982.,math
What is 734 × 303?,The answer is 222402.,math
What is 19 - 370?,The answer is -351.,math
What is 113 × 488?,The answer is 55144.,math
What is 542 × 647?,The answer is 350674.,math
What is 65 + 292?,The answer is 357.,math
What is 549 × 1?,The answer is 549.,math
What is 549 + 141?,The answer is 690.,math
What is 188 + 128?,The answer is 316.,math
What is 127 × 257?,The answer is 32639.,math
What is 194 × 703?,The answer is 136382.,math
What is 265 - 802?,The answer is -537.,math
What is 974 - 384?,The answer is 590.,math
What is 991 × 358?,The answer is 354778.,math
Write a function to add two numbers,"def add(a, b):
    return a + b",code
Write a function to multiply two numbers,"def multiply(a, b):
    return a * b",code
Write a function to check if number is even,"def is_even(n):
    return n % 2 == 0",code
Create an empty list,my_list = [],code
Add element to list,my_list.append(element),code
Write a function to add two numbers,"def add(a, b):
    return a + b",code
Write a function to multiply two numbers,"def multiply(a, b):
    return a * b",code
Write a function to check if number is even,"def is_even(n):
    return n % 2 == 0",code
Create an empty list,my_list = [],code
Add element to list,my_list.append(element),code
Write a function to add two numbers,"def add(a, b):
    return a + b",code
Write a function to multiply two numbers,"def multiply(a, b):
    return a * b",code
Write a function to check if number is even,"def is_even(n):
    return n % 2 == 0",code
Create an empty list,my_list = [],code
Add element to list,my_list.append(element),code
Write a function to add two numbers,"def add(a, b):
    return a + b",code
Write a function to multiply two numbers,"def multiply(a, b):
    return a * b",code
Write a function to check if number is even,"def is_even(n):
    return n % 2 == 0",code
Create an empty list,my_list = [],code
Add element to list,my_list.append(element),code
Write a function to add two numbers,"def add(a, b):
    return a + b",code
Write a function to multiply two numbers,"def multiply(a, b):
    return a * b",code
Write a function to check if number is even,"def is_even(n):
    return n % 2 == 0",code
Create an empty list,my_list = [],code
Add element to list,my_list.append(element),code
Write a function to add two numbers,"def add(a, b):
    return a + b",code
Write a function to multiply two numbers,"def multiply(a, b):
    return a * b",code
Write a function to check if number is even,"def is_even(n):
    return n % 2 == 0",code
Create an empty list,my_list = [],code
Add element to list,my_list.append(element),code
Write a function to add two numbers,"def add(a, b):
    return a + b",code
Write a function to multiply two numbers,"def multiply(a, b):
    return a * b",code
Write a function to check if number is even,"def is_even(n):
    return n % 2 == 0",code
Create an empty list,my_list = [],code
Add element to list,my_list.append(element),code
Write a function to add two numbers,"def add(a, b):
    return a + b",code
Write a function to multiply two numbers,"def multiply(a, b):
    return a * b",code
Write a function to check if number is even,"def is_even(n):
    return n % 2 == 0",code
Create an empty list,my_list = [],code
Add element to list,my_list.append(element),code
Write a function to add two numbers,"def add(a, b):
    return a + b",code
Write a function to multiply two numbers,"def multiply(a, b):
    return a * b",code
Write a function to check if number is even,"def is_even(n):
    return n % 2 == 0",code
Create an empty list,my_list = [],code
Add element to list,my_list.append(element),code
Write a function to add two numbers,"def add(a, b):
    return a + b",code
Write a function to multiply two numbers,"def multiply(a, b):
    return a * b",code
Write a function to check if number is even,"def is_even(n):
    return n % 2 == 0",code
Create an empty list,my_list = [],code
Add element to list,my_list.append(element),code
Write a function to add two numbers,"def add(a, b):
    return a + b",code
Write a function to multiply two numbers,"def multiply(a, b):
    return a * b",code
Write a function to check if number is even,"def is_even(n):
    return n % 2 == 0",code
Create an empty list,my_list = [],code
Add element to list,my_list.append(element),code
Write a function to add two numbers,"def add(a, b):
    return a + b",code
Write a function to multiply two numbers,"def multiply(a, b):
    return a * b",code
Write a function to check if number is even,"def is_even(n):
    return n % 2 == 0",code
Create an empty list,my_list = [],code
Add element to list,my_list.append(element),code
Write a function to add two numbers,"def add(a, b):
    return a + b",code
Write a function to multiply two numbers,"def multiply(a, b):
    return a * b",code
Write a function to check if number is even,"def is_even(n):
    return n % 2 == 0",code
Create an empty list,my_list = [],code
Add element to list,my_list.append(element),code
Write a function to add two numbers,"def add(a, b):
    return a + b",code
Write a function to multiply two numbers,"def multiply(a, b):
    return a * b",code
Write a function to check if number is even,"def is_even(n):
    return n % 2 == 0",code
Create an empty list,my_list = [],code
Add element to list,my_list.append(element),code
Write a function to add two numbers,"def add(a, b):
    return a + b",code
Write a function to multiply two numbers,"def multiply(a, b):
    return a * b",code
Write a function to check if number is even,"def is_even(n):
    return n % 2 == 0",code
Create an empty list,my_list = [],code
Add element to list,my_list.append(element),code
Write a function to add two numbers,"def add(a, b):
    return a + b",code
Write a function to multiply two numbers,"def multiply(a, b):
    return a * b",code
Write a function to check if number is even,"def is_even(n):
    return n % 2 == 0",code
Create an empty list,my_list = [],code
Add element to list,my_list.append(element),code
Write a function to add two numbers,"def add(a, b):
    return a + b",code
Write a function to multiply two numbers,"def multiply(a, b):
    return a * b",code
Write a function to check if number is even,"def is_even(n):
    return n % 2 == 0",code
Create an empty list,my_list = [],code
Add element to list,my_list.append(element),code
Write a function to add two numbers,"def add(a, b):
    return a + b",code
Write a function to multiply two numbers,"def multiply(a, b):
    return a * b",code
Write a function to check if number is even,"def is_even(n):
    return n % 2 == 0",code
Create an empty list,my_list = [],code
Add element to list,my_list.append(element),code
Write a function to add two numbers,"def add(a, b):
    return a + b",code
Write a function to multiply two numbers,"def multiply(a, b):
    return a * b",code
Write a function to check if number is even,"def is_even(n):
    return n % 2 == 0",code
Create an empty list,my_list = [],code
Add element to list,my_list.append(element),code
Write a function to add two numbers,"def add(a, b):
    return a + b",code
Write a function to multiply two numbers,"def multiply(a, b):
    return a * b",code
Write a function to check if number is even,"def is_even(n):
    return n % 2 == 0",code
Create an empty list,my_list = [],code
Add element to list,my_list.append(element),code
Write a function to add two numbers,"def add(a, b):
    return a + b",code
Write a function to multiply two numbers,"def multiply(a, b):
    return a * b",code
Write a function to check if number is even,"def is_even(n):
    return n % 2 == 0",code
Create an empty list,my_list = [],code
Add element to list,my_list.append(element),code
Write a function to add two numbers,"def add(a, b):
    return a + b",code
Write a function to multiply two numbers,"def multiply(a, b):
    return a * b",code
Write a function to check if number is even,"def is_even(n):
    return n % 2 == 0",code
Create an empty list,my_list = [],code
Add element to list,my_list.append(element),code
Write a function to add two numbers,"def add(a, b):
    return a + b",code
Write a function to multiply two numbers,"def multiply(a, b):
    return a * b",code
Write a function to check if number is even,"def is_even(n):
    return n % 2 == 0",code
Create an empty list,my_list = [],code
Add element to list,my_list.append(element),code
Write a function to add two numbers,"def add(a, b):
    return a + b",code
Write a function to multiply two numbers,"def multiply(a, b):
    return a * b",code
Write a function to check if number is even,"def is_even(n):
    return n % 2 == 0",code
Create an empty list,my_list = [],code
Add element to list,my_list.append(element),code
Write a function to add two numbers,"def add(a, b):
    return a + b",code
Write a function to multiply two numbers,"def multiply(a, b):
    return a * b",code
Write a function to check if number is even,"def is_even(n):
    return n % 2 == 0",code
Create an empty list,my_list = [],code
Add element to list,my_list.append(element),code
Write a function to add two numbers,"def add(a, b):
    return a + b",code
Write a function to multiply two numbers,"def multiply(a, b):
    return a * b",code
Write a function to check if number is even,"def is_even(n):
    return n % 2 == 0",code
Create an empty list,my_list = [],code
Add element to list,my_list.append(element),code
Write a function to add two numbers,"def add(a, b):
    return a + b",code
Write a function to multiply two numbers,"def multiply(a, b):
    return a * b",code
Write a function to check if number is even,"def is_even(n):
    return n % 2 == 0",code
Create an empty list,my_list = [],code
Add element to list,my_list.append(element),code
Write a function to add two numbers,"def add(a, b):
    return a + b",code
Write a function to multiply two numbers,"def multiply(a, b):
    return a * b",code
Write a function to check if number is even,"def is_even(n):
    return n % 2 == 0",code
Create an empty list,my_list = [],code
Add element to list,my_list.append(element),code
Write a function to add two numbers,"def add(a, b):
    return a + b",code
Write a function to multiply two numbers,"def multiply(a, b):
    return a * b",code
Write a function to check if number is even,"def is_even(n):
    return n % 2 == 0",code
Create an empty list,my_list = [],code
Add element to list,my_list.append(element),code
Write a function to add two numbers,"def add(a, b):
    return a + b",code
Write a function to multiply two numbers,"def multiply(a, b):
    return a * b",code
Write a function to check if number is even,"def is_even(n):
    return n % 2 == 0",code
Create an empty list,my_list = [],code
Add element to list,my_list.append(element),code
Write a function to add two numbers,"def add(a, b):
    return a + b",code
Write a function to multiply two numbers,"def multiply(a, b):
    return a * b",code
Write a function to check if number is even,"def is_even(n):
    return n % 2 == 0",code
Create an empty list,my_list = [],code
Add element to list,my_list.append(element),code
Write a function to add two numbers,"def add(a, b):
    return a + b",code
Write a function to multiply two numbers,"def multiply(a, b):
    return a * b",code
Write a function to check if number is even,"def is_even(n):
    return n % 2 == 0",code
Create an empty list,my_list = [],code
Add element to list,my_list.append(element),code
Write a function to add two numbers,"def add(a, b):
    return a + b",code
Write a function to multiply two numbers,"def multiply(a, b):
    return a * b",code
Write a function to check if number is even,"def is_even(n):
    return n % 2 == 0",code
Create an empty list,my_list = [],code
Add element to list,my_list.append(element),code
Write a function to add two numbers,"def add(a, b):
    return a + b",code
Write a function to multiply two numbers,"def multiply(a, b):
    return a * b",code
Write a function to check if number is even,"def is_even(n):
    return n % 2 == 0",code
Create an empty list,my_list = [],code
Add element to list,my_list.append(element),code
Write a function to add two numbers,"def add(a, b):
    return a + b",code
Write a function to multiply two numbers,"def multiply(a, b):
    return a * b",code
Write a function to check if number is even,"def is_even(n):
    return n % 2 == 0",code
Create an empty list,my_list = [],code
Add element to list,my_list.append(element),code
Write a function to add two numbers,"def add(a, b):
    return a + b",code
Write a function to multiply two numbers,"def multiply(a, b):
    return a * b",code
Write a function to check if number is even,"def is_even(n):
    return n % 2 == 0",code
Create an empty list,my_list = [],code
Add element to list,my_list.append(element),code
Write a function to add two numbers,"def add(a, b):
    return a + b",code
Write a function to multiply two numbers,"def multiply(a, b):
    return a * b",code
Write a function to check if number is even,"def is_even(n):
    return n % 2 == 0",code
Create an empty list,my_list = [],code
Add element to list,my_list.append(element),code
Write a function to add two numbers,"def add(a, b):
    return a + b",code
Write a function to multiply two numbers,"def multiply(a, b):
    return a * b",code
Write a function to check if number is even,"def is_even(n):
    return n % 2 == 0",code
Create an empty list,my_list = [],code
Add element to list,my_list.append(element),code
Write a function to add two numbers,"def add(a, b):
    return a + b",code
Write a function to multiply two numbers,"def multiply(a, b):
    return a * b",code
Write a function to check if number is even,"def is_even(n):
    return n % 2 == 0",code
Create an empty list,my_list = [],code
Add element to list,my_list.append(element),code
Write a function to add two numbers,"def add(a, b):
    return a + b",code
Write a function to multiply two numbers,"def multiply(a, b):
    return a * b",code
Write a function to check if number is even,"def is_even(n):
    return n % 2 == 0",code
Create an empty list,my_list = [],code
Add element to list,my_list.append(element),code
Write a function to add two numbers,"def add(a, b):
    return a + b",code
Write a function to multiply two numbers,"def multiply(a, b):
    return a * b",code
Write a function to check if number is even,"def is_even(n):
    return n % 2 == 0",code
Create an empty list,my_list = [],code
Add element to list,my_list.append(element),code
Write a function to add two numbers,"def add(a, b):
    return a + b",code
Write a function to multiply two numbers,"def multiply(a, b):
    return a * b",code
Write a function to check if number is even,"def is_even(n):
    return n % 2 == 0",code
Create an empty list,my_list = [],code
Add element to list,my_list.append(element),code
Write a function to add two numbers,"def add(a, b):
    return a + b",code
Write a function to multiply two numbers,"def multiply(a, b):
    return a * b",code
Write a function to check if number is even,"def is_even(n):
    return n % 2 == 0",code
Create an empty list,my_list = [],code
Add element to list,my_list.append(element),code
Write a function to add two numbers,"def add(a, b):
    return a + b",code
Write a function to multiply two numbers,"def multiply(a, b):
    return a * b",code
Write a function to check if number is even,"def is_even(n):
    return n % 2 == 0",code
Create an empty list,my_list = [],code
Add element to list,my_list.append(element),code
Write a function to add two numbers,"def add(a, b):
    return a + b",code
Write a function to multiply two numbers,"def multiply(a, b):
    return a * b",code
Write a function to check if number is even,"def is_even(n):
    return n % 2 == 0",code
Create an empty list,my_list = [],code
Add element to list,my_list.append(element),code
Write a function to add two numbers,"def add(a, b):
    return a + b",code
Write a function to multiply two numbers,"def multiply(a, b):
    return a * b",code
Write a function to check if number is even,"def is_even(n):
    return n % 2 == 0",code
Create an empty list,my_list = [],code
Add element to list,my_list.append(element),code
Write a function to add two numbers,"def add(a, b):
    return a + b",code
Write a function to multiply two numbers,"def multiply(a, b):
    return a * b",code
Write a function to check if number is even,"def is_even(n):
    return n % 2 == 0",code
Create an empty list,my_list = [],code
Add element to list,my_list.append(element),code
Write a function to add two numbers,"def add(a, b):
    return a + b",code
Write a function to multiply two numbers,"def multiply(a, b):
    return a * b",code
Write a function to check if number is even,"def is_even(n):
    return n % 2 == 0",code
Create an empty list,my_list = [],code
Add element to list,my_list.append(element),code
Write a function to add two numbers,"def add(a, b):
    return a + b",code
Write a function to multiply two numbers,"def multiply(a, b):
    return a * b",code
Write a function to check if number is even,"def is_even(n):
    return n % 2 == 0",code
Create an empty list,my_list = [],code
Add element to list,my_list.append(element),code
Write a function to add two numbers,"def add(a, b):
    return a + b",code
Write a function to multiply two numbers,"def multiply(a, b):
    return a * b",code
Write a function to check if number is even,"def is_even(n):
    return n % 2 == 0",code
Create an empty list,my_list = [],code
Add element to list,my_list.append(element),code
Write a function to add two numbers,"def add(a, b):
    return a + b",code
Write a function to multiply two numbers,"def multiply(a, b):
    return a * b",code
Write a function to check if number is even,"def is_even(n):
    return n % 2 == 0",code
Create an empty list,my_list = [],code
Add element to list,my_list.append(element),code
Write a function to add two numbers,"def add(a, b):
    return a + b",code
Write a function to multiply two numbers,"def multiply(a, b):
    return a * b",code
Write a function to check if number is even,"def is_even(n):
    return n % 2 == 0",code
Create an empty list,my_list = [],code
Add element to list,my_list.append(element),code
Write a function to add two numbers,"def add(a, b):
    return a + b",code
Write a function to multiply two numbers,"def multiply(a, b):
    return a * b",code
Write a function to check if number is even,"def is_even(n):
    return n % 2 == 0",code
Create an empty list,my_list = [],code
Add element to list,my_list.append(element),code
Write a function to add two numbers,"def add(a, b):
    return a + b",code
Write a function to multiply two numbers,"def multiply(a, b):
    return a * b",code
Write a function to check if number is even,"def is_even(n):
    return n % 2 == 0",code
Create an empty list,my_list = [],code
Add element to list,my_list.append(element),code
Write a function to add two numbers,"def add(a, b):
    return a + b",code
Write a function to multiply two numbers,"def multiply(a, b):
    return a * b",code
Write a function to check if number is even,"def is_even(n):
    return n % 2 == 0",code
Create an empty list,my_list = [],code
Add element to list,my_list.append(element),code
Write a function to add two numbers,"def add(a, b):
    return a + b",code
Write a function to multiply two numbers,"def multiply(a, b):
    return a * b",code
Write a function to check if number is even,"def is_even(n):
    return n % 2 == 0",code
Create an empty list,my_list = [],code
Add element to list,my_list.append(element),code
Write a function to add two numbers,"def add(a, b):
    return a + b",code
Write a function to multiply two numbers,"def multiply(a, b):
    return a * b",code
Write a function to check if number is even,"def is_even(n):
    return n % 2 == 0",code
Create an empty list,my_list = [],code
Add element to list,my_list.append(element),code
Write a function to add two numbers,"def add(a, b):
    return a + b",code
Write a function to multiply two numbers,"def multiply(a, b):
    return a * b",code
Write a function to check if number is even,"def is_even(n):
    return n % 2 == 0",code
Create an empty list,my_list = [],code
Add element to list,my_list.append(element),code
Write a function to add two numbers,"def add(a, b):
    return a + b",code
Write a function to multiply two numbers,"def multiply(a, b):
    return a * b",code
Write a function to check if number is even,"def is_even(n):
    return n % 2 == 0",code
Create an empty list,my_list = [],code
Add element to list,my_list.append(element),code
Write a function to add two numbers,"def add(a, b):
    return a + b",code
Write a function to multiply two numbers,"def multiply(a, b):
    return a * b",code
Write a function to check if number is even,"def is_even(n):
    return n % 2 == 0",code
Create an empty list,my_list = [],code
Add element to list,my_list.append(element),code
Write a function to add two numbers,"def add(a, b):
    return a + b",code
Write a function to multiply two numbers,"def multiply(a, b):
    return a * b",code
Write a function to check if number is even,"def is_even(n):
    return n % 2 == 0",code
Create an empty list,my_list = [],code
Add element to list,my_list.append(element),code
Write a function to add two numbers,"def add(a, b):
    return a + b",code
Write a function to multiply two numbers,"def multiply(a, b):
    return a * b",code
Write a function to check if number is even,"def is_even(n):
    return n % 2 == 0",code
Create an empty list,my_list = [],code
Add element to list,my_list.append(element),code
Write a function to add two numbers,"def add(a, b):
    return a + b",code
Write a function to multiply two numbers,"def multiply(a, b):
    return a * b",code
Write a function to check if number is even,"def is_even(n):
    return n % 2 == 0",code
Create an empty list,my_list = [],code
Add element to list,my_list.append(element),code
Write a function to add two numbers,"def add(a, b):
    return a + b",code
Write a function to multiply two numbers,"def multiply(a, b):
    return a * b",code
Write a function to check if number is even,"def is_even(n):
    return n % 2 == 0",code
Create an empty list,my_list = [],code
Add element to list,my_list.append(element),code
Write a function to add two numbers,"def add(a, b):
    return a + b",code
Write a function to multiply two numbers,"def multiply(a, b):
    return a * b",code
Write a function to check if number is even,"def is_even(n):
    return n % 2 == 0",code
Create an empty list,my_list = [],code
Add element to list,my_list.append(element),code
Write a function to add two numbers,"def add(a, b):
    return a + b",code
Write a function to multiply two numbers,"def multiply(a, b):
    return a * b",code
Write a function to check if number is even,"def is_even(n):
    return n % 2 == 0",code
Create an empty list,my_list = [],code
Add element to list,my_list.append(element),code
Write a function to add two numbers,"def add(a, b):
    return a + b",code
Write a function to multiply two numbers,"def multiply(a, b):
    return a * b",code
Write a function to check if number is even,"def is_even(n):
    return n % 2 == 0",code
Create an empty list,my_list = [],code
Add element to list,my_list.append(element),code
Write a function to add two numbers,"def add(a, b):
    return a + b",code
Write a function to multiply two numbers,"def multiply(a, b):
    return a * b",code
Write a function to check if number is even,"def is_even(n):
    return n % 2 == 0",code
Create an empty list,my_list = [],code
Add element to list,my_list.append(element),code
Write a function to add two numbers,"def add(a, b):
    return a + b",code
Write a function to multiply two numbers,"def multiply(a, b):
    return a * b",code
Write a function to check if number is even,"def is_even(n):
    return n % 2 == 0",code
Create an empty list,my_list = [],code
Add element to list,my_list.append(element),code
Write a function to add two numbers,"def add(a, b):
    return a + b",code
Write a function to multiply two numbers,"def multiply(a, b):
    return a * b",code
Write a function to check if number is even,"def is_even(n):
    return n % 2 == 0",code
Create an empty list,my_list = [],code
Add element to list,my_list.append(element),code
Write a function to add two numbers,"def add(a, b):
    return a + b",code
Write a function to multiply two numbers,"def multiply(a, b):
    return a * b",code
Write a function to check if number is even,"def is_even(n):
    return n % 2 == 0",code
Create an empty list,my_list = [],code
Add element to list,my_list.append(element),code
Write a function to add two numbers,"def add(a, b):
    return a + b",code
Write a function to multiply two numbers,"def multiply(a, b):
    return a * b",code
Write a function to check if number is even,"def is_even(n):
    return n % 2 == 0",code
Create an empty list,my_list = [],code
Add element to list,my_list.append(element),code
Write a function to add two numbers,"def add(a, b):
    return a + b",code
Write a function to multiply two numbers,"def multiply(a, b):
    return a * b",code
Write a function to check if number is even,"def is_even(n):
    return n % 2 == 0",code
Create an empty list,my_list = [],code
Add element to list,my_list.append(element),code
Write a function to add two numbers,"def add(a, b):
    return a + b",code
Write a function to multiply two numbers,"def multiply(a, b):
    return a * b",code
Write a function to check if number is even,"def is_even(n):
    return n % 2 == 0",code
Create an empty list,my_list = [],code
Add element to list,my_list.append(element),code
Write a function to add two numbers,"def add(a, b):
    return a + b",code
Write a function to multiply two numbers,"def multiply(a, b):
    return a * b",code
Write a function to check if number is even,"def is_even(n):
    return n % 2 == 0",code
Create an empty list,my_list = [],code
Add element to list,my_list.append(element),code
Write a function to add two numbers,"def add(a, b):
    return a + b",code
Write a function to multiply two numbers,"def multiply(a, b):
    return a * b",code
Write a function to check if number is even,"def is_even(n):
    return n % 2 == 0",code
Create an empty list,my_list = [],code
Add element to list,my_list.append(element),code
Write a function to add two numbers,"def add(a, b):
    return a + b",code
Write a function to multiply two numbers,"def multiply(a, b):
    return a * b",code
Write a function to check if number is even,"def is_even(n):
    return n % 2 == 0",code
Create an empty list,my_list = [],code
Add element to list,my_list.append(element),code
Write a function to add two numbers,"def add(a, b):
    return a + b",code
Write a function to multiply two numbers,"def multiply(a, b):
    return a * b",code
Write a function to check if number is even,"def is_even(n):
    return n % 2 == 0",code
Create an empty list,my_list = [],code
Add element to list,my_list.append(element),code
Write a function to add two numbers,"def add(a, b):
    return a + b",code
Write a function to multiply two numbers,"def multiply(a, b):
    return a * b",code
Write a function to check if number is even,"def is_even(n):
    return n % 2 == 0",code
Create an empty list,my_list = [],code
Add element to list,my_list.append(element),code
Write a function to add two numbers,"def add(a, b):
    return a + b",code
Write a function to multiply two numbers,"def multiply(a, b):
    return a * b",code
Write a function to check if number is even,"def is_even(n):
    return n % 2 == 0",code
Create an empty list,my_list = [],code
Add element to list,my_list.append(element),code
Write a function to add two numbers,"def add(a, b):
    return a + b",code
Write a function to multiply two numbers,"def multiply(a, b):
    return a * b",code
Write a function to check if number is even,"def is_even(n):
    return n % 2 == 0",code
Create an empty list,my_list = [],code
Add element to list,my_list.append(element),code
Write a function to add two numbers,"def add(a, b):
    return a + b",code
Write a function to multiply two numbers,"def multiply(a, b):
    return a * b",code
Write a function to check if number is even,"def is_even(n):
    return n % 2 == 0",code
Create an empty list,my_list = [],code
Add element to list,my_list.append(element),code
Write a function to add two numbers,"def add(a, b):
    return a + b",code
Write a function to multiply two numbers,"def multiply(a, b):
    return a * b",code
Write a function to check if number is even,"def is_even(n):
    return n % 2 == 0",code
Create an empty list,my_list = [],code
Add element to list,my_list.append(element),code
Write a function to add two numbers,"def add(a, b):
    return a + b",code
Write a function to multiply two numbers,"def multiply(a, b):
    return a * b",code
Write a function to check if number is even,"def is_even(n):
    return n % 2 == 0",code
Create an empty list,my_list = [],code
Add element to list,my_list.append(element),code
Write a function to add two numbers,"def add(a, b):
    return a + b",code
Write a function to multiply two numbers,"def multiply(a, b):
    return a * b",code
Write a function to check if number is even,"def is_even(n):
    return n % 2 == 0",code
Create an empty list,my_list = [],code
Add element to list,my_list.append(element),code
Write a function to add two numbers,"def add(a, b):
    return a + b",code
Write a function to multiply two numbers,"def multiply(a, b):
    return a * b",code
Write a function to check if number is even,"def is_even(n):
    return n % 2 == 0",code
Create an empty list,my_list = [],code
Add element to list,my_list.append(element),code
Write a function to add two numbers,"def add(a, b):
    return a + b",code
Write a function to multiply two numbers,"def multiply(a, b):
    return a * b",code
Write a function to check if number is even,"def is_even(n):
    return n % 2 == 0",code
Create an empty list,my_list = [],code
Add element to list,my_list.append(element),code
Write a function to add two numbers,"def add(a, b):
    return a + b",code
Write a function to multiply two numbers,"def multiply(a, b):
    return a * b",code
Write a function to check if number is even,"def is_even(n):
    return n % 2 == 0",code
Create an empty list,my_list = [],code
Add element to list,my_list.append(element),code
Write a function to add two numbers,"def add(a, b):
    return a + b",code
Write a function to multiply two numbers,"def multiply(a, b):
    return a * b",code
Write a function to check if number is even,"def is_even(n):
    return n % 2 == 0",code
Create an empty list,my_list = [],code
Add element to list,my_list.append(element),code
Write a function to add two numbers,"def add(a, b):
    return a + b",code
Write a function to multiply two numbers,"def multiply(a, b):
    return a * b",code
Write a function to check if number is even,"def is_even(n):
    return n % 2 == 0",code
Create an empty list,my_list = [],code
Add element to list,my_list.append(element),code
Write a function to add two numbers,"def add(a, b):
    return a + b",code
Write a function to multiply two numbers,"def multiply(a, b):
    return a * b",code
Write a function to check if number is even,"def is_even(n):
    return n % 2 == 0",code
Create an empty list,my_list = [],code
Add element to list,my_list.append(element),code
Write a function to add two numbers,"def add(a, b):
    return a + b",code
Write a function to multiply two numbers,"def multiply(a, b):
    return a * b",code
Write a function to check if number is even,"def is_even(n):
    return n % 2 == 0",code
Create an empty list,my_list = [],code
Add element to list,my_list.append(element),code
Write a function to add two numbers,"def add(a, b):
    return a + b",code
Write a function to multiply two numbers,"def multiply(a, b):
    return a * b",code
Write a function to check if number is even,"def is_even(n):
    return n % 2 == 0",code
Create an empty list,my_list = [],code
Add element to list,my_list.append(element),code
Write a function to add two numbers,"def add(a, b):
    return a + b",code
Write a function to multiply two numbers,"def multiply(a, b):
    return a * b",code
Write a function to check if number is even,"def is_even(n):
    return n % 2 == 0",code
Create an empty list,my_list = [],code
Add element to list,my_list.append(element),code
Write a function to add two numbers,"def add(a, b):
    return a + b",code
Write a function to multiply two numbers,"def multiply(a, b):
    return a * b",code
Write a function to check if number is even,"def is_even(n):
    return n % 2 == 0",code
Create an empty list,my_list = [],code
Add element to list,my_list.append(element),code
Write a function to add two numbers,"def add(a, b):
    return a + b",code
Write a function to multiply two numbers,"def multiply(a, b):
    return a * b",code
Write a function to check if number is even,"def is_even(n):
    return n % 2 == 0",code
Create an empty list,my_list = [],code
Add element to list,my_list.append(element),code
Write a function to add two numbers,"def add(a, b):
    return a + b",code
Write a function to multiply two numbers,"def multiply(a, b):
    return a * b",code
Write a function to check if number is even,"def is_even(n):
    return n % 2 == 0",code
Create an empty list,my_list = [],code
Add element to list,my_list.append(element),code
Write a function to add two numbers,"def add(a, b):
    return a + b",code
Write a function to multiply two numbers,"def multiply(a, b):
    return a * b",code
Write a function to check if number is even,"def is_even(n):
    return n % 2 == 0",code
Create an empty list,my_list = [],code
Add element to list,my_list.append(element),code
Write a function to add two numbers,"def add(a, b):
    return a + b",code
Write a function to multiply two numbers,"def multiply(a, b):
    return a * b",code
Write a function to check if number is even,"def is_even(n):
    return n % 2 == 0",code
Create an empty list,my_list = [],code
Add element to list,my_list.append(element),code
Write a function to add two numbers,"def add(a, b):
    return a + b",code
Write a function to multiply two numbers,"def multiply(a, b):
    return a * b",code
Write a function to check if number is even,"def is_even(n):
    return n % 2 == 0",code
Create an empty list,my_list = [],code
Add element to list,my_list.append(element),code
Write a function to add two numbers,"def add(a, b):
    return a + b",code
Write a function to multiply two numbers,"def multiply(a, b):
    return a * b",code
Write a function to check if number is even,"def is_even(n):
    return n % 2 == 0",code
Create an empty list,my_list = [],code
Add element to list,my_list.append(element),code
Write a function to add two numbers,"def add(a, b):
    return a + b",code
Write a function to multiply two numbers,"def multiply(a, b):
    return a * b",code
Write a function to check if number is even,"def is_even(n):
    return n % 2 == 0",code
Create an empty list,my_list = [],code
Add element to list,my_list.append(element),code
Write a function to add two numbers,"def add(a, b):
    return a + b",code
Write a function to multiply two numbers,"def multiply(a, b):
    return a * b",code
Write a function to check if number is even,"def is_even(n):
    return n % 2 == 0",code
Create an empty list,my_list = [],code
Add element to list,my_list.append(element),code
Write a function to add two numbers,"def add(a, b):
    return a + b",code
Write a function to multiply two numbers,"def multiply(a, b):
    return a * b",code
Write a function to check if number is even,"def is_even(n):
    return n % 2 == 0",code
Create an empty list,my_list = [],code
Add element to list,my_list.append(element),code
Write a function to add two numbers,"def add(a, b):
    return a + b",code
Write a function to multiply two numbers,"def multiply(a, b):
    return a * b",code
Write a function to check if number is even,"def is_even(n):
    return n % 2 == 0",code
Create an empty list,my_list = [],code
Add element to list,my_list.append(element),code
Write a function to add two numbers,"def add(a, b):
    return a + b",code
Write a function to multiply two numbers,"def multiply(a, b):
    return a * b",code
Write a function to check if number is even,"def is_even(n):
    return n % 2 == 0",code
Create an empty list,my_list = [],code
Add element to list,my_list.append(element),code
Write a function to add two numbers,"def add(a, b):
    return a + b",code
Write a function to multiply two numbers,"def multiply(a, b):
    return a * b",code
Write a function to check if number is even,"def is_even(n):
    return n % 2 == 0",code
Create an empty list,my_list = [],code
Add element to list,my_list.append(element),code
Write a function to add two numbers,"def add(a, b):
    return a + b",code
Write a function to multiply two numbers,"def multiply(a, b):
    return a * b",code
Write a function to check if number is even,"def is_even(n):
    return n % 2 == 0",code
Create an empty list,my_list = [],code
Add element to list,my_list.append(element),code
Write a function to add two numbers,"def add(a, b):
    return a + b",code
Write a function to multiply two numbers,"def multiply(a, b):
    return a * b",code
Write a function to check if number is even,"def is_even(n):
    return n % 2 == 0",code
Create an empty list,my_list = [],code
Add element to list,my_list.append(element),code
Write a function to add two numbers,"def add(a, b):
    return a + b",code
Write a function to multiply two numbers,"def multiply(a, b):
    return a * b",code
Write a function to check if number is even,"def is_even(n):
    return n % 2 == 0",code
Create an empty list,my_list = [],code
Add element to list,my_list.append(element),code
Write a function to add two numbers,"def add(a, b):
    return a + b",code
Write a function to multiply two numbers,"def multiply(a, b):
    return a * b",code
Write a function to check if number is even,"def is_even(n):
    return n % 2 == 0",code
Create an empty list,my_list = [],code
Add element to list,my_list.append(element),code
Write a function to add two numbers,"def add(a, b):
    return a + b",code
Write a function to multiply two numbers,"def multiply(a, b):
    return a * b",code
Write a function to check if number is even,"def is_even(n):
    return n % 2 == 0",code
Create an empty list,my_list = [],code
Add element to list,my_list.append(element),code
Write a function to add two numbers,"def add(a, b):
    return a + b",code
Write a function to multiply two numbers,"def multiply(a, b):
    return a * b",code
Write a function to check if number is even,"def is_even(n):
    return n % 2 == 0",code
Create an empty list,my_list = [],code
Add element to list,my_list.append(element),code
Write a function to add two numbers,"def add(a, b):
    return a + b",code
Write a function to multiply two numbers,"def multiply(a, b):
    return a * b",code
Write a function to check if number is even,"def is_even(n):
    return n % 2 == 0",code
Create an empty list,my_list = [],code
Add element to list,my_list.append(element),code
Write a function to add two numbers,"def add(a, b):
    return a + b",code
Write a function to multiply two numbers,"def multiply(a, b):
    return a * b",code
Write a function to check if number is even,"def is_even(n):
    return n % 2 == 0",code
Create an empty list,my_list = [],code
Add element to list,my_list.append(element),code
Write a function to add two numbers,"def add(a, b):
    return a + b",code
Write a function to multiply two numbers,"def multiply(a, b):
    return a * b",code
Write a function to check if number is even,"def is_even(n):
    return n % 2 == 0",code
Create an empty list,my_list = [],code
Add element to list,my_list.append(element),code
Write a function to add two numbers,"def add(a, b):
    return a + b",code
Write a function to multiply two numbers,"def multiply(a, b):
    return a * b",code
Write a function to check if number is even,"def is_even(n):
    return n % 2 == 0",code
Create an empty list,my_list = [],code
Add element to list,my_list.append(element),code
Write a function to add two numbers,"def add(a, b):
    return a + b",code
Write a function to multiply two numbers,"def multiply(a, b):
    return a * b",code
Write a function to check if number is even,"def is_even(n):
    return n % 2 == 0",code
Create an empty list,my_list = [],code
Add element to list,my_list.append(element),code
Write a function to add two numbers,"def add(a, b):
    return a + b",code
Write a function to multiply two numbers,"def multiply(a, b):
    return a * b",code
Write a function to check if number is even,"def is_even(n):
    return n % 2 == 0",code
Create an empty list,my_list = [],code
Add element to list,my_list.append(element),code
Write a function to add two numbers,"def add(a, b):
    return a + b",code
Write a function to multiply two numbers,"def multiply(a, b):
    return a * b",code
Write a function to check if number is even,"def is_even(n):
    return n % 2 == 0",code
Create an empty list,my_list = [],code
Add element to list,my_list.append(element),code
Write a function to add two numbers,"def add(a, b):
    return a + b",code
Write a function to multiply two numbers,"def multiply(a, b):
    return a * b",code
Write a function to check if number is even,"def is_even(n):
    return n % 2 == 0",code
Create an empty list,my_list = [],code
Add element to list,my_list.append(element),code
Write a function to add two numbers,"def add(a, b):
    return a + b",code
Write a function to multiply two numbers,"def multiply(a, b):
    return a * b",code
Write a function to check if number is even,"def is_even(n):
    return n % 2 == 0",code
Create an empty list,my_list = [],code
Add element to list,my_list.append(element),code
Write a function to add two numbers,"def add(a, b):
    return a + b",code
Write a function to multiply two numbers,"def multiply(a, b):
    return a * b",code
Write a function to check if number is even,"def is_even(n):
    return n % 2 == 0",code
Create an empty list,my_list = [],code
Add element to list,my_list.append(element),code
Write a function to add two numbers,"def add(a, b):
    return a + b",code
Write a function to multiply two numbers,"def multiply(a, b):
    return a * b",code
Write a function to check if number is even,"def is_even(n):
    return n % 2 == 0",code
Create an empty list,my_list = [],code
Add element to list,my_list.append(element),code
Write a function to add two numbers,"def add(a, b):
    return a + b",code
Write a function to multiply two numbers,"def multiply(a, b):
    return a * b",code
Write a function to check if number is even,"def is_even(n):
    return n % 2 == 0",code
Create an empty list,my_list = [],code
Add element to list,my_list.append(element),code
Write a function to add two numbers,"def add(a, b):
    return a + b",code
Write a function to multiply two numbers,"def multiply(a, b):
    return a * b",code
Write a function to check if number is even,"def is_even(n):
    return n % 2 == 0",code
Create an empty list,my_list = [],code
Add element to list,my_list.append(element),code
Write a function to add two numbers,"def add(a, b):
    return a + b",code
Write a function to multiply two numbers,"def multiply(a, b):
    return a * b",code
Write a function to check if number is even,"def is_even(n):
    return n % 2 == 0",code
Create an empty list,my_list = [],code
Add element to list,my_list.append(element),code
Write a function to add two numbers,"def add(a, b):
    return a + b",code
Write a function to multiply two numbers,"def multiply(a, b):
    return a * b",code
Write a function to check if number is even,"def is_even(n):
    return n % 2 == 0",code
Create an empty list,my_list = [],code
Add element to list,my_list.append(element),code
Write a function to add two numbers,"def add(a, b):
    return a + b",code
Write a function to multiply two numbers,"def multiply(a, b):
    return a * b",code
Write a function to check if number is even,"def is_even(n):
    return n % 2 == 0",code
Create an empty list,my_list = [],code
Add element to list,my_list.append(element),code
Write a function to add two numbers,"def add(a, b):
    return a + b",code
Write a function to multiply two numbers,"def multiply(a, b):
    return a * b",code
Write a function to check if number is even,"def is_even(n):
    return n % 2 == 0",code
Create an empty list,my_list = [],code
Add element to list,my_list.append(element),code
Write a function to add two numbers,"def add(a, b):
    return a + b",code
Write a function to multiply two numbers,"def multiply(a, b):
    return a * b",code
Write a function to check if number is even,"def is_even(n):
    return n % 2 == 0",code
Create an empty list,my_list = [],code
Add element to list,my_list.append(element),code
Write a function to add two numbers,"def add(a, b):
    return a + b",code
Write a function to multiply two numbers,"def multiply(a, b):
    return a * b",code
Write a function to check if number is even,"def is_even(n):
    return n % 2 == 0",code
Create an empty list,my_list = [],code
Add element to list,my_list.append(element),code
Write a function to add two numbers,"def add(a, b):
    return a + b",code
Write a function to multiply two numbers,"def multiply(a, b):
    return a * b",code
Write a function to check if number is even,"def is_even(n):
    return n % 2 == 0",code
Create an empty list,my_list = [],code
Add element to list,my_list.append(element),code
Write a function to add two numbers,"def add(a, b):
    return a + b",code
Write a function to multiply two numbers,"def multiply(a, b):
    return a * b",code
Write a function to check if number is even,"def is_even(n):
    return n % 2 == 0",code
Create an empty list,my_list = [],code
Add element to list,my_list.append(element),code
Write a function to add two numbers,"def add(a, b):
    return a + b",code
Write a function to multiply two numbers,"def multiply(a, b):
    return a * b",code
Write a function to check if number is even,"def is_even(n):
    return n % 2 == 0",code
Create an empty list,my_list = [],code
Add element to list,my_list.append(element),code
Write a function to add two numbers,"def add(a, b):
    return a + b",code
Write a function to multiply two numbers,"def multiply(a, b):
    return a * b",code
Write a function to check if number is even,"def is_even(n):
    return n % 2 == 0",code
Create an empty list,my_list = [],code
Add element to list,my_list.append(element),code
Write a function to add two numbers,"def add(a, b):
    return a + b",code
Write a function to multiply two numbers,"def multiply(a, b):
    return a * b",code
Write a function to check if number is even,"def is_even(n):
    return n % 2 == 0",code
Create an empty list,my_list = [],code
Add element to list,my_list.append(element),code
Write a function to add two numbers,"def add(a, b):
    return a + b",code
Write a function to multiply two numbers,"def multiply(a, b):
    return a * b",code
Write a function to check if number is even,"def is_even(n):
    return n % 2 == 0",code
Create an empty list,my_list = [],code
Add element to list,my_list.append(element),code
Write a function to add two numbers,"def add(a, b):
    return a + b",code
Write a function to multiply two numbers,"def multiply(a, b):
    return a * b",code
Write a function to check if number is even,"def is_even(n):
    return n % 2 == 0",code
Create an empty list,my_list = [],code
Add element to list,my_list.append(element),code
Write a function to add two numbers,"def add(a, b):
    return a + b",code
Write a function to multiply two numbers,"def multiply(a, b):
    return a * b",code
Write a function to check if number is even,"def is_even(n):
    return n % 2 == 0",code
Create an empty list,my_list = [],code
Add element to list,my_list.append(element),code
Write a function to add two numbers,"def add(a, b):
    return a + b",code
Write a function to multiply two numbers,"def multiply(a, b):
    return a * b",code
Write a function to check if number is even,"def is_even(n):
    return n % 2 == 0",code
Create an empty list,my_list = [],code
Add element to list,my_list.append(element),code
Write a function to add two numbers,"def add(a, b):
    return a + b",code
Write a function to multiply two numbers,"def multiply(a, b):
    return a * b",code
Write a function to check if number is even,"def is_even(n):
    return n % 2 == 0",code
Create an empty list,my_list = [],code
Add element to list,my_list.append(element),code
Write a function to add two numbers,"def add(a, b):
    return a + b",code
Write a function to multiply two numbers,"def multiply(a, b):
    return a * b",code
Write a function to check if number is even,"def is_even(n):
    return n % 2 == 0",code
Create an empty list,my_list = [],code
Add element to list,my_list.append(element),code
Write a function to add two numbers,"def add(a, b):
    return a + b",code
Write a function to multiply two numbers,"def multiply(a, b):
    return a * b",code
Write a function to check if number is even,"def is_even(n):
    return n % 2 == 0",code
Create an empty list,my_list = [],code
Add element to list,my_list.append(element),code
Write a function to add two numbers,"def add(a, b):
    return a + b",code
Write a function to multiply two numbers,"def multiply(a, b):
    return a * b",code
Write a function to check if number is even,"def is_even(n):
    return n % 2 == 0",code
Create an empty list,my_list = [],code
Add element to list,my_list.append(element),code
Write a function to add two numbers,"def add(a, b):
    return a + b",code
Write a function to multiply two numbers,"def multiply(a, b):
    return a * b",code
Write a function to check if number is even,"def is_even(n):
    return n % 2 == 0",code
Create an empty list,my_list = [],code
Add element to list,my_list.append(element),code
Write a function to add two numbers,"def add(a, b):
    return a + b",code
Write a function to multiply two numbers,"def multiply(a, b):
    return a * b",code
Write a function to check if number is even,"def is_even(n):
    return n % 2 == 0",code
Create an empty list,my_list = [],code
Add element to list,my_list.append(element),code
Write a function to add two numbers,"def add(a, b):
    return a + b",code
Write a function to multiply two numbers,"def multiply(a, b):
    return a * b",code
Write a function to check if number is even,"def is_even(n):
    return n % 2 == 0",code
Create an empty list,my_list = [],code
Add element to list,my_list.append(element),code
Write a function to add two numbers,"def add(a, b):
    return a + b",code
Write a function to multiply two numbers,"def multiply(a, b):
    return a * b",code
Write a function to check if number is even,"def is_even(n):
    return n % 2 == 0",code
Create an empty list,my_list = [],code
Add element to list,my_list.append(element),code
Write a function to add two numbers,"def add(a, b):
    return a + b",code
Write a function to multiply two numbers,"def multiply(a, b):
    return a * b",code
Write a function to check if number is even,"def is_even(n):
    return n % 2 == 0",code
Create an empty list,my_list = [],code
Add element to list,my_list.append(element),code
Write a function to add two numbers,"def add(a, b):
    return a + b",code
Write a function to multiply two numbers,"def multiply(a, b):
    return a * b",code
Write a function to check if number is even,"def is_even(n):
    return n % 2 == 0",code
Create an empty list,my_list = [],code
Add element to list,my_list.append(element),code
Write a function to add two numbers,"def add(a, b):
    return a + b",code
Write a function to multiply two numbers,"def multiply(a, b):
    return a * b",code
Write a function to check if number is even,"def is_even(n):
    return n % 2 == 0",code
Create an empty list,my_list = [],code
Add element to list,my_list.append(element),code
Write a function to add two numbers,"def add(a, b):
    return a + b",code
Write a function to multiply two numbers,"def multiply(a, b):
    return a * b",code
Write a function to check if number is even,"def is_even(n):
    return n % 2 == 0",code
Create an empty list,my_list = [],code
Add element to list,my_list.append(element),code
Write a function to add two numbers,"def add(a, b):
    return a + b",code
Write a function to multiply two numbers,"def multiply(a, b):
    return a * b",code
Write a function to check if number is even,"def is_even(n):
    return n % 2 == 0",code
Create an empty list,my_list = [],code
Add element to list,my_list.append(element),code
Write a function to add two numbers,"def add(a, b):
    return a + b",code
Write a function to multiply two numbers,"def multiply(a, b):
    return a * b",code
Write a function to check if number is even,"def is_even(n):
    return n % 2 == 0",code
Create an empty list,my_list = [],code
Add element to list,my_list.append(element),code
Write a function to add two numbers,"def add(a, b):
    return a + b",code
Write a function to multiply two numbers,"def multiply(a, b):
    return a * b",code
Write a function to check if number is even,"def is_even(n):
    return n % 2 == 0",code
Create an empty list,my_list = [],code
Add element to list,my_list.append(element),code
Write a function to add two numbers,"def add(a, b):
    return a + b",code
Write a function to multiply two numbers,"def multiply(a, b):
    return a * b",code
Write a function to check if number is even,"def is_even(n):
    return n % 2 == 0",code
Create an empty list,my_list = [],code
Add element to list,my_list.append(element),code
Write a function to add two numbers,"def add(a, b):
    return a + b",code
Write a function to multiply two numbers,"def multiply(a, b):
    return a * b",code
Write a function to check if number is even,"def is_even(n):
    return n % 2 == 0",code
Create an empty list,my_list = [],code
Add element to list,my_list.append(element),code
Write a function to add two numbers,"def add(a, b):
    return a + b",code
Write a function to multiply two numbers,"def multiply(a, b):
    return a * b",code
Write a function to check if number is even,"def is_even(n):
    return n % 2 == 0",code
Create an empty list,my_list = [],code
Add element to list,my_list.append(element),code
Write a function to add two numbers,"def add(a, b):
    return a + b",code
Write a function to multiply two numbers,"def multiply(a, b):
    return a * b",code
Write a function to check if number is even,"def is_even(n):
    return n % 2 == 0",code
Create an empty list,my_list = [],code
Add element to list,my_list.append(element),code
Write a function to add two numbers,"def add(a, b):
    return a + b",code
Write a function to multiply two numbers,"def multiply(a, b):
    return a * b",code
Write a function to check if number is even,"def is_even(n):
    return n % 2 == 0",code
Create an empty list,my_list = [],code
Add element to list,my_list.append(element),code
Write a function to add two numbers,"def add(a, b):
    return a + b",code
Write a function to multiply two numbers,"def multiply(a, b):
    return a * b",code
Write a function to check if number is even,"def is_even(n):
    return n % 2 == 0",code
Create an empty list,my_list = [],code
Add element to list,my_list.append(element),code
Write a function to add two numbers,"def add(a, b):
    return a + b",code
Write a function to multiply two numbers,"def multiply(a, b):
    return a * b",code
Write a function to check if number is even,"def is_even(n):
    return n % 2 == 0",code
Create an empty list,my_list = [],code
Add element to list,my_list.append(element),code
Write a function to add two numbers,"def add(a, b):
    return a + b",code
Write a function to multiply two numbers,"def multiply(a, b):
    return a * b",code
Write a function to check if number is even,"def is_even(n):
    return n % 2 == 0",code
Create an empty list,my_list = [],code
Add element to list,my_list.append(element),code
Write a function to add two numbers,"def add(a, b):
    return a + b",code
Write a function to multiply two numbers,"def multiply(a, b):
    return a * b",code
Write a function to check if number is even,"def is_even(n):
    return n % 2 == 0",code
Create an empty list,my_list = [],code
Add element to list,my_list.append(element),code
Write a function to add two numbers,"def add(a, b):
    return a + b",code
Write a function to multiply two numbers,"def multiply(a, b):
    return a * b",code
Write a function to check if number is even,"def is_even(n):
    return n % 2 == 0",code
Create an empty list,my_list = [],code
Add element to list,my_list.append(element),code
Write a function to add two numbers,"def add(a, b):
    return a + b",code
Write a function to multiply two numbers,"def multiply(a, b):
    return a * b",code
Write a function to check if number is even,"def is_even(n):
    return n % 2 == 0",code
Create an empty list,my_list = [],code
Add element to list,my_list.append(element),code
Write a function to add two numbers,"def add(a, b):
    return a + b",code
Write a function to multiply two numbers,"def multiply(a, b):
    return a * b",code
Write a function to check if number is even,"def is_even(n):
    return n % 2 == 0",code
Create an empty list,my_list = [],code
Add element to list,my_list.append(element),code
Write a function to add two numbers,"def add(a, b):
    return a + b",code
Write a function to multiply two numbers,"def multiply(a, b):
    return a * b",code
Write a function to check if number is even,"def is_even(n):
    return n % 2 == 0",code
Create an empty list,my_list = [],code
Add element to list,my_list.append(element),code
Write a function to add two numbers,"def add(a, b):
    return a + b",code
Write a function to multiply two numbers,"def multiply(a, b):
    return a * b",code
Write a function to check if number is even,"def is_even(n):
    return n % 2 == 0",code
Create an empty list,my_list = [],code
Add element to list,my_list.append(element),code
Write a function to add two numbers,"def add(a, b):
    return a + b",code
Write a function to multiply two numbers,"def multiply(a, b):
    return a * b",code
Write a function to check if number is even,"def is_even(n):
    return n % 2 == 0",code
Create an empty list,my_list = [],code
Add element to list,my_list.append(element),code
Write a function to add two numbers,"def add(a, b):
    return a + b",code
Write a function to multiply two numbers,"def multiply(a, b):
    return a * b",code
Write a function to check if number is even,"def is_even(n):
    return n % 2 == 0",code
Create an empty list,my_list = [],code
Add element to list,my_list.append(element),code
Write a function to add two numbers,"def add(a, b):
    return a + b",code
Write a function to multiply two numbers,"def multiply(a, b):
    return a * b",code
Write a function to check if number is even,"def is_even(n):
    return n % 2 == 0",code
Create an empty list,my_list = [],code
Add element to list,my_list.append(element),code
Write a function to add two numbers,"def add(a, b):
    return a + b",code
Write a function to multiply two numbers,"def multiply(a, b):
    return a * b",code
Write a function to check if number is even,"def is_even(n):
    return n % 2 == 0",code
Create an empty list,my_list = [],code
Add element to list,my_list.append(element),code
Write a function to add two numbers,"def add(a, b):
    return a + b",code
Write a function to multiply two numbers,"def multiply(a, b):
    return a * b",code
Write a function to check if number is even,"def is_even(n):
    return n % 2 == 0",code
Create an empty list,my_list = [],code
Add element to list,my_list.append(element),code
Write a function to add two numbers,"def add(a, b):
    return a + b",code
Write a function to multiply two numbers,"def multiply(a, b):
    return a * b",code
Write a function to check if number is even,"def is_even(n):
    return n % 2 == 0",code
Create an empty list,my_list = [],code
Add element to list,my_list.append(element),code
Write a function to add two numbers,"def add(a, b):
    return a + b",code
Write a function to multiply two numbers,"def multiply(a, b):
    return a * b",code
Write a function to check if number is even,"def is_even(n):
    return n % 2 == 0",code
Create an empty list,my_list = [],code
Add element to list,my_list.append(element),code
Write a function to add two numbers,"def add(a, b):
    return a + b",code
Write a function to multiply two numbers,"def multiply(a, b):
    return a * b",code
Write a function to check if number is even,"def is_even(n):
    return n % 2 == 0",code
Create an empty list,my_list = [],code
Add element to list,my_list.append(element),code
Write a function to add two numbers,"def add(a, b):
    return a + b",code
Write a function to multiply two numbers,"def multiply(a, b):
    return a * b",code
Write a function to check if number is even,"def is_even(n):
    return n % 2 == 0",code
Create an empty list,my_list = [],code
Add element to list,my_list.append(element),code
Write a function to add two numbers,"def add(a, b):
    return a + b",code
Write a function to multiply two numbers,"def multiply(a, b):
    return a * b",code
Write a function to check if number is even,"def is_even(n):
    return n % 2 == 0",code
Create an empty list,my_list = [],code
Add element to list,my_list.append(element),code
Write a function to add two numbers,"def add(a, b):
    return a + b",code
Write a function to multiply two numbers,"def multiply(a, b):
    return a * b",code
Write a function to check if number is even,"def is_even(n):
    return n % 2 == 0",code
Create an empty list,my_list = [],code
Add element to list,my_list.append(element),code
Write a function to add two numbers,"def add(a, b):
    return a + b",code
Write a function to multiply two numbers,"def multiply(a, b):
    return a * b",code
Write a function to check if number is even,"def is_even(n):
    return n % 2 == 0",code
Create an empty list,my_list = [],code
Add element to list,my_list.append(element),code
Write a function to add two numbers,"def add(a, b):
    return a + b",code
Write a function to multiply two numbers,"def multiply(a, b):
    return a * b",code
Write a function to check if number is even,"def is_even(n):
    return n % 2 == 0",code
Create an empty list,my_list = [],code
Add element to list,my_list.append(element),code
Write a function to add two numbers,"def add(a, b):
    return a + b",code
Write a function to multiply two numbers,"def multiply(a, b):
    return a * b",code
Write a function to check if number is even,"def is_even(n):
    return n % 2 == 0",code
Create an empty list,my_list = [],code
Add element to list,my_list.append(element),code
Write a function to add two numbers,"def add(a, b):
    return a + b",code
Write a function to multiply two numbers,"def multiply(a, b):
    return a * b",code
Write a function to check if number is even,"def is_even(n):
    return n % 2 == 0",code
Create an empty list,my_list = [],code
Add element to list,my_list.append(element),code
Write a function to add two numbers,"def add(a, b):
    return a + b",code
Write a function to multiply two numbers,"def multiply(a, b):
    return a * b",code
Write a function to check if number is even,"def is_even(n):
    return n % 2 == 0",code
Create an empty list,my_list = [],code
Add element to list,my_list.append(element),code
Write a function to add two numbers,"def add(a, b):
    return a + b",code
Write a function to multiply two numbers,"def multiply(a, b):
    return a * b",code
Write a function to check if number is even,"def is_even(n):
    return n % 2 == 0",code
Create an empty list,my_list = [],code
Add element to list,my_list.append(element),code
Write a function to add two numbers,"def add(a, b):
    return a + b",code
Write a function to multiply two numbers,"def multiply(a, b):
    return a * b",code
Write a function to check if number is even,"def is_even(n):
    return n % 2 == 0",code
Create an empty list,my_list = [],code
Add element to list,my_list.append(element),code
Write a function to add two numbers,"def add(a, b):
    return a + b",code
Write a function to multiply two numbers,"def multiply(a, b):
    return a * b",code
Write a function to check if number is even,"def is_even(n):
    return n % 2 == 0",code
Create an empty list,my_list = [],code
Add element to list,my_list.append(element),code
Write a function to add two numbers,"def add(a, b):
    return a + b",code
Write a function to multiply two numbers,"def multiply(a, b):
    return a * b",code
Write a function to check if number is even,"def is_even(n):
    return n % 2 == 0",code
Create an empty list,my_list = [],code
Add element to list,my_list.append(element),code
Write a function to add two numbers,"def add(a, b):
    return a + b",code
Write a function to multiply two numbers,"def multiply(a, b):
    return a * b",code
Write a function to check if number is even,"def is_even(n):
    return n % 2 == 0",code
Create an empty list,my_list = [],code
Add element to list,my_list.append(element),code
Write a function to add two numbers,"def add(a, b):
    return a + b",code
Write a function to multiply two numbers,"def multiply(a, b):
    return a * b",code
Write a function to check if number is even,"def is_even(n):
    return n % 2 == 0",code
Create an empty list,my_list = [],code
Add element to list,my_list.append(element),code
Write a function to add two numbers,"def add(a, b):
    return a + b",code
Write a function to multiply two numbers,"def multiply(a, b):
    return a * b",code
Write a function to check if number is even,"def is_even(n):
    return n % 2 == 0",code
Create an empty list,my_list = [],code
Add element to list,my_list.append(element),code
Write a function to add two numbers,"def add(a, b):
    return a + b",code
Write a function to multiply two numbers,"def multiply(a, b):
    return a * b",code
Write a function to check if number is even,"def is_even(n):
    return n % 2 == 0",code
Create an empty list,my_list = [],code
Add element to list,my_list.append(element),code
Write a function to add two numbers,"def add(a, b):
    return a + b",code
Write a function to multiply two numbers,"def multiply(a, b):
    return a * b",code
Write a function to check if number is even,"def is_even(n):
    return n % 2 == 0",code
Create an empty list,my_list = [],code
Add element to list,my_list.append(element),code
Write a function to add two numbers,"def add(a, b):
    return a + b",code
Write a function to multiply two numbers,"def multiply(a, b):
    return a * b",code
Write a function to check if number is even,"def is_even(n):
    return n % 2 == 0",code
Create an empty list,my_list = [],code
Add element to list,my_list.append(element),code
Write a function to add two numbers,"def add(a, b):
    return a + b",code
Write a function to multiply two numbers,"def multiply(a, b):
    return a * b",code
Write a function to check if number is even,"def is_even(n):
    return n % 2 == 0",code
Create an empty list,my_list = [],code
Add element to list,my_list.append(element),code
Write a function to add two numbers,"def add(a, b):
    return a + b",code
Write a function to multiply two numbers,"def multiply(a, b):
    return a * b",code
Write a function to check if number is even,"def is_even(n):
    return n % 2 == 0",code
Create an empty list,my_list = [],code
Add element to list,my_list.append(element),code
Write a function to add two numbers,"def add(a, b):
    return a + b",code
Write a function to multiply two numbers,"def multiply(a, b):
    return a * b",code
Write a function to check if number is even,"def is_even(n):
    return n % 2 == 0",code
Create an empty list,my_list = [],code
Add element to list,my_list.append(element),code
Write a function to add two numbers,"def add(a, b):
    return a + b",code
Write a function to multiply two numbers,"def multiply(a, b):
    return a * b",code
Write a function to check if number is even,"def is_even(n):
    return n % 2 == 0",code
Create an empty list,my_list = [],code
Add element to list,my_list.append(element),code
Write a function to add two numbers,"def add(a, b):
    return a + b",code
Write a function to multiply two numbers,"def multiply(a, b):
    return a * b",code
Write a function to check if number is even,"def is_even(n):
    return n % 2 == 0",code
Create an empty list,my_list = [],code
Add element to list,my_list.append(element),code
Write a function to add two numbers,"def add(a, b):
    return a + b",code
Write a function to multiply two numbers,"def multiply(a, b):
    return a * b",code
Write a function to check if number is even,"def is_even(n):
    return n % 2 == 0",code
Create an empty list,my_list = [],code
Add element to list,my_list.append(element),code
Write a function to add two numbers,"def add(a, b):
    return a + b",code
Write a function to multiply two numbers,"def multiply(a, b):
    return a * b",code
Write a function to check if number is even,"def is_even(n):
    return n % 2 == 0",code
Create an empty list,my_list = [],code
Add element to list,my_list.append(element),code
Write a function to add two numbers,"def add(a, b):
    return a + b",code
Write a function to multiply two numbers,"def multiply(a, b):
    return a * b",code
Write a function to check if number is even,"def is_even(n):
    return n % 2 == 0",code
Create an empty list,my_list = [],code
Add element to list,my_list.append(element),code
Write a function to add two numbers,"def add(a, b):
    return a + b",code
Write a function to multiply two numbers,"def multiply(a, b):
    return a * b",code
Write a function to check if number is even,"def is_even(n):
    return n % 2 == 0",code
Create an empty list,my_list = [],code
Add element to list,my_list.append(element),code
Write a function to add two numbers,"def add(a, b):
    return a + b",code
Write a function to multiply two numbers,"def multiply(a, b):
    return a * b",code
Write a function to check if number is even,"def is_even(n):
    return n % 2 == 0",code
Create an empty list,my_list = [],code
Add element to list,my_list.append(element),code
Write a function to add two numbers,"def add(a, b):
    return a + b",code
Write a function to multiply two numbers,"def multiply(a, b):
    return a * b",code
Write a function to check if number is even,"def is_even(n):
    return n % 2 == 0",code
Create an empty list,my_list = [],code
Add element to list,my_list.append(element),code
Write a function to add two numbers,"def add(a, b):
    return a + b",code
Write a function to multiply two numbers,"def multiply(a, b):
    return a * b",code
Write a function to check if number is even,"def is_even(n):
    return n % 2 == 0",code
Create an empty list,my_list = [],code
Add element to list,my_list.append(element),code
Write a function to add two numbers,"def add(a, b):
    return a + b",code
Write a function to multiply two numbers,"def multiply(a, b):
    return a * b",code
Write a function to check if number is even,"def is_even(n):
    return n % 2 == 0",code
Create an empty list,my_list = [],code
Add element to list,my_list.append(element),code
Write a function to add two numbers,"def add(a, b):
    return a + b",code
Write a function to multiply two numbers,"def multiply(a, b):
    return a * b",code
Write a function to check if number is even,"def is_even(n):
    return n % 2 == 0",code
Create an empty list,my_list = [],code
Add element to list,my_list.append(element),code
Write a function to add two numbers,"def add(a, b):
    return a + b",code
Write a function to multiply two numbers,"def multiply(a, b):
    return a * b",code
Write a function to check if number is even,"def is_even(n):
    return n % 2 == 0",code
Create an empty list,my_list = [],code
Add element to list,my_list.append(element),code
Write a function to add two numbers,"def add(a, b):
    return a + b",code
Write a function to multiply two numbers,"def multiply(a, b):
    return a * b",code
Write a function to check if number is even,"def is_even(n):
    return n % 2 == 0",code
Create an empty list,my_list = [],code
Add element to list,my_list.append(element),code
Write a function to add two numbers,"def add(a, b):
    return a + b",code
Write a function to multiply two numbers,"def multiply(a, b):
    return a * b",code
Write a function to check if number is even,"def is_even(n):
    return n % 2 == 0",code
Create an empty list,my_list = [],code
Add element to list,my_list.append(element),code
Write a function to add two numbers,"def add(a, b):
    return a + b",code
Write a function to multiply two numbers,"def multiply(a, b):
    return a * b",code
Write a function to check if number is even,"def is_even(n):
    return n % 2 == 0",code
Create an empty list,my_list = [],code
Add element to list,my_list.append(element),code
Write a function to add two numbers,"def add(a, b):
    return a + b",code
Write a function to multiply two numbers,"def multiply(a, b):
    return a * b",code
Write a function to check if number is even,"def is_even(n):
    return n % 2 == 0",code
Create an empty list,my_list = [],code
Add element to list,my_list.append(element),code
Write a function to add two numbers,"def add(a, b):
    return a + b",code
Write a function to multiply two numbers,"def multiply(a, b):
    return a * b",code
Write a function to check if number is even,"def is_even(n):
    return n % 2 == 0",code
Create an empty list,my_list = [],code
Add element to list,my_list.append(element),code
Write a function to add two numbers,"def add(a, b):
    return a + b",code
Write a function to multiply two numbers,"def multiply(a, b):
    return a * b",code
Write a function to check if number is even,"def is_even(n):
    return n % 2 == 0",code
Create an empty list,my_list = [],code
Add element to list,my_list.append(element),code
Write a function to add two numbers,"def add(a, b):
    return a + b",code
Write a function to multiply two numbers,"def multiply(a, b):
    return a * b",code
Write a function to check if number is even,"def is_even(n):
    return n % 2 == 0",code
Create an empty list,my_list = [],code
Add element to list,my_list.append(element),code
Write a function to add two numbers,"def add(a, b):
    return a + b",code
Write a function to multiply two numbers,"def multiply(a, b):
    return a * b",code
Write a function to check if number is even,"def is_even(n):
    return n % 2 == 0",code
Create an empty list,my_list = [],code
Add element to list,my_list.append(element),code
Write a function to add two numbers,"def add(a, b):
    return a + b",code
Write a function to multiply two numbers,"def multiply(a, b):
    return a * b",code
Write a function to check if number is even,"def is_even(n):
    return n % 2 == 0",code
Create an empty list,my_list = [],code
Add element to list,my_list.append(element),code
Write a function to add two numbers,"def add(a, b):
    return a + b",code
Write a function to multiply two numbers,"def multiply(a, b):
    return a * b",code
Write a function to check if number is even,"def is_even(n):
    return n % 2 == 0",code
Create an empty list,my_list = [],code
Add element to list,my_list.append(element),code
Write a function to add two numbers,"def add(a, b):
    return a + b",code
Write a function to multiply two numbers,"def multiply(a, b):
    return a * b",code
Write a function to check if number is even,"def is_even(n):
    return n % 2 == 0",code
Create an empty list,my_list = [],code
Add element to list,my_list.append(element),code
Write a function to add two numbers,"def add(a, b):
    return a + b",code
Write a function to multiply two numbers,"def multiply(a, b):
    return a * b",code
Write a function to check if number is even,"def is_even(n):
    return n % 2 == 0",code
Create an empty list,my_list = [],code
Add element to list,my_list.append(element),code
Write a function to add two numbers,"def add(a, b):
    return a + b",code
Write a function to multiply two numbers,"def multiply(a, b):
    return a * b",code
Write a function to check if number is even,"def is_even(n):
    return n % 2 == 0",code
Create an empty list,my_list = [],code
Add element to list,my_list.append(element),code
Write a function to add two numbers,"def add(a, b):
    return a + b",code
Write a function to multiply two numbers,"def multiply(a, b):
    return a * b",code
Write a function to check if number is even,"def is_even(n):
    return n % 2 == 0",code
Create an empty list,my_list = [],code
Add element to list,my_list.append(element),code
Write a function to add two numbers,"def add(a, b):
    return a + b",code
Write a function to multiply two numbers,"def multiply(a, b):
    return a * b",code
Write a function to check if number is even,"def is_even(n):
    return n % 2 == 0",code
Create an empty list,my_list = [],code
Add element to list,my_list.append(element),code
Write a function to add two numbers,"def add(a, b):
    return a + b",code
Write a function to multiply two numbers,"def multiply(a, b):
    return a * b",code
Write a function to check if number is even,"def is_even(n):
    return n % 2 == 0",code
Create an empty list,my_list = [],code
Add element to list,my_list.append(element),code
Write a function to add two numbers,"def add(a, b):
    return a + b",code
Write a function to multiply two numbers,"def multiply(a, b):
    return a * b",code
Write a function to check if number is even,"def is_even(n):
    return n % 2 == 0",code
Create an empty list,my_list = [],code
Add element to list,my_list.append(element),code
Write a function to add two numbers,"def add(a, b):
    return a + b",code
Write a function to multiply two numbers,"def multiply(a, b):
    return a * b",code
Write a function to check if number is even,"def is_even(n):
    return n % 2 == 0",code
Create an empty list,my_list = [],code
Add element to list,my_list.append(element),code
Write a function to add two numbers,"def add(a, b):
    return a + b",code
Write a function to multiply two numbers,"def multiply(a, b):
    return a * b",code
Write a function to check if number is even,"def is_even(n):
    return n % 2 == 0",code
Create an empty list,my_list = [],code
Add element to list,my_list.append(element),code
Write a function to add two numbers,"def add(a, b):
    return a + b",code
Write a function to multiply two numbers,"def multiply(a, b):
    return a * b",code
Write a function to check if number is even,"def is_even(n):
    return n % 2 == 0",code
Create an empty list,my_list = [],code
Add element to list,my_list.append(element),code
Write a function to add two numbers,"def add(a, b):
    return a + b",code
Write a function to multiply two numbers,"def multiply(a, b):
    return a * b",code
Write a function to check if number is even,"def is_even(n):
    return n % 2 == 0",code
Create an empty list,my_list = [],code
Add element to list,my_list.append(element),code
Write a function to add two numbers,"def add(a, b):
    return a + b",code
Write a function to multiply two numbers,"def multiply(a, b):
    return a * b",code
Write a function to check if number is even,"def is_even(n):
    return n % 2 == 0",code
Create an empty list,my_list = [],code
Add element to list,my_list.append(element),code
Write a function to add two numbers,"def add(a, b):
    return a + b",code
Write a function to multiply two numbers,"def multiply(a, b):
    return a * b",code
Write a function to check if number is even,"def is_even(n):
    return n % 2 == 0",code
Create an empty list,my_list = [],code
Add element to list,my_list.append(element),code
Write a function to add two numbers,"def add(a, b):
    return a + b",code
Write a function to multiply two numbers,"def multiply(a, b):
    return a * b",code
Write a function to check if number is even,"def is_even(n):
    return n % 2 == 0",code
Create an empty list,my_list = [],code
Add element to list,my_list.append(element),code
Write a function to add two numbers,"def add(a, b):
    return a + b",code
Write a function to multiply two numbers,"def multiply(a, b):
    return a * b",code
Write a function to check if number is even,"def is_even(n):
    return n % 2 == 0",code
Create an empty list,my_list = [],code
Add element to list,my_list.append(element),code
Write a function to add two numbers,"def add(a, b):
    return a + b",code
Write a function to multiply two numbers,"def multiply(a, b):
    return a * b",code
Write a function to check if number is even,"def is_even(n):
    return n % 2 == 0",code
Create an empty list,my_list = [],code
Add element to list,my_list.append(element),code
Write a function to add two numbers,"def add(a, b):
    return a + b",code
Write a function to multiply two numbers,"def multiply(a, b):
    return a * b",code
Write a function to check if number is even,"def is_even(n):
    return n % 2 == 0",code
Create an empty list,my_list = [],code
Add element to list,my_list.append(element),code
Write a function to add two numbers,"def add(a, b):
    return a + b",code
Write a function to multiply two numbers,"def multiply(a, b):
    return a * b",code
Write a function to check if number is even,"def is_even(n):
    return n % 2 == 0",code
Create an empty list,my_list = [],code
Add element to list,my_list.append(element),code
Write a function to add two numbers,"def add(a, b):
    return a + b",code
Write a function to multiply two numbers,"def multiply(a, b):
    return a * b",code
Write a function to check if number is even,"def is_even(n):
    return n % 2 == 0",code
Create an empty list,my_list = [],code
Add element to list,my_list.append(element),code
Write a function to add two numbers,"def add(a, b):
    return a + b",code
Write a function to multiply two numbers,"def multiply(a, b):
    return a * b",code
Write a function to check if number is even,"def is_even(n):
    return n % 2 == 0",code
Create an empty list,my_list = [],code
Add element to list,my_list.append(element),code
Write a function to add two numbers,"def add(a, b):
    return a + b",code
Write a function to multiply two numbers,"def multiply(a, b):
    return a * b",code
Write a function to check if number is even,"def is_even(n):
    return n % 2 == 0",code
Create an empty list,my_list = [],code
Add element to list,my_list.append(element),code
Write a function to add two numbers,"def add(a, b):
    return a + b",code
Write a function to multiply two numbers,"def multiply(a, b):
    return a * b",code
Write a function to check if number is even,"def is_even(n):
    return n % 2 == 0",code
Create an empty list,my_list = [],code
Add element to list,my_list.append(element),code
Write a function to add two numbers,"def add(a, b):
    return a + b",code
Write a function to multiply two numbers,"def multiply(a, b):
    return a * b",code
Write a function to check if number is even,"def is_even(n):
    return n % 2 == 0",code
Create an empty list,my_list = [],code
Add element to list,my_list.append(element),code
Write a function to add two numbers,"def add(a, b):
    return a + b",code
Write a function to multiply two numbers,"def multiply(a, b):
    return a * b",code
Write a function to check if number is even,"def is_even(n):
    return n % 2 == 0",code
Create an empty list,my_list = [],code
Add element to list,my_list.append(element),code
Write a function to add two numbers,"def add(a, b):
    return a + b",code
Write a function to multiply two numbers,"def multiply(a, b):
    return a * b",code
Write a function to check if number is even,"def is_even(n):
    return n % 2 == 0",code
Create an empty list,my_list = [],code
Add element to list,my_list.append(element),code
Write a function to add two numbers,"def add(a, b):
    return a + b",code
Write a function to multiply two numbers,"def multiply(a, b):
    return a * b",code
Write a function to check if number is even,"def is_even(n):
    return n % 2 == 0",code
Create an empty list,my_list = [],code
Add element to list,my_list.append(element),code
Write a function to add two numbers,"def add(a, b):
    return a + b",code
Write a function to multiply two numbers,"def multiply(a, b):
    return a * b",code
Write a function to check if number is even,"def is_even(n):
    return n % 2 == 0",code
Create an empty list,my_list = [],code
Add element to list,my_list.append(element),code
Write a function to add two numbers,"def add(a, b):
    return a + b",code
Write a function to multiply two numbers,"def multiply(a, b):
    return a * b",code
Write a function to check if number is even,"def is_even(n):
    return n % 2 == 0",code
Create an empty list,my_list = [],code
Add element to list,my_list.append(element),code
Write a function to add two numbers,"def add(a, b):
    return a + b",code
Write a function to multiply two numbers,"def multiply(a, b):
    return a * b",code
Write a function to check if number is even,"def is_even(n):
    return n % 2 == 0",code
Create an empty list,my_list = [],code
Add element to list,my_list.append(element),code
Write a function to add two numbers,"def add(a, b):
    return a + b",code
Write a function to multiply two numbers,"def multiply(a, b):
    return a * b",code
Write a function to check if number is even,"def is_even(n):
    return n % 2 == 0",code
Create an empty list,my_list = [],code
Add element to list,my_list.append(element),code
Write a function to add two numbers,"def add(a, b):
    return a + b",code
Write a function to multiply two numbers,"def multiply(a, b):
    return a * b",code
Write a function to check if number is even,"def is_even(n):
    return n % 2 == 0",code
Create an empty list,my_list = [],code
Add element to list,my_list.append(element),code
Write a function to add two numbers,"def add(a, b):
    return a + b",code
Write a function to multiply two numbers,"def multiply(a, b):
    return a * b",code
Write a function to check if number is even,"def is_even(n):
    return n % 2 == 0",code
Create an empty list,my_list = [],code
Add element to list,my_list.append(element),code
Write a function to add two numbers,"def add(a, b):
    return a + b",code
Write a function to multiply two numbers,"def multiply(a, b):
    return a * b",code
Write a function to check if number is even,"def is_even(n):
    return n % 2 == 0",code
Create an empty list,my_list = [],code
Add element to list,my_list.append(element),code
Write a function to add two numbers,"def add(a, b):
    return a + b",code
Write a function to multiply two numbers,"def multiply(a, b):
    return a * b",code
Write a function to check if number is even,"def is_even(n):
    return n % 2 == 0",code
Create an empty list,my_list = [],code
Add element to list,my_list.append(element),code
Write a function to add two numbers,"def add(a, b):
    return a + b",code
Write a function to multiply two numbers,"def multiply(a, b):
    return a * b",code
Write a function to check if number is even,"def is_even(n):
    return n % 2 == 0",code
Create an empty list,my_list = [],code
Add element to list,my_list.append(element),code
Write a function to add two numbers,"def add(a, b):
    return a + b",code
Write a function to multiply two numbers,"def multiply(a, b):
    return a * b",code
Write a function to check if number is even,"def is_even(n):
    return n % 2 == 0",code
Create an empty list,my_list = [],code
Add element to list,my_list.append(element),code
Write a function to add two numbers,"def add(a, b):
    return a + b",code
Write a function to multiply two numbers,"def multiply(a, b):
    return a * b",code
Write a function to check if number is even,"def is_even(n):
    return n % 2 == 0",code
Create an empty list,my_list = [],code
Add element to list,my_list.append(element),code
Write a function to add two numbers,"def add(a, b):
    return a + b",code
Write a function to multiply two numbers,"def multiply(a, b):
    return a * b",code
Write a function to check if number is even,"def is_even(n):
    return n % 2 == 0",code
Create an empty list,my_list = [],code
Add element to list,my_list.append(element),code
Write a function to add two numbers,"def add(a, b):
    return a + b",code
Write a function to multiply two numbers,"def multiply(a, b):
    return a * b",code
Write a function to check if number is even,"def is_even(n):
    return n % 2 == 0",code
Create an empty list,my_list = [],code
Add element to list,my_list.append(element),code
Write a function to add two numbers,"def add(a, b):
    return a + b",code
Write a function to multiply two numbers,"def multiply(a, b):
    return a * b",code
Write a function to check if number is even,"def is_even(n):
    return n % 2 == 0",code
Create an empty list,my_list = [],code
Add element to list,my_list.append(element),code
Write a function to add two numbers,"def add(a, b):
    return a + b",code
Write a function to multiply two numbers,"def multiply(a, b):
    return a * b",code
Write a function to check if number is even,"def is_even(n):
    return n % 2 == 0",code
Create an empty list,my_list = [],code
Add element to list,my_list.append(element),code
Write a function to add two numbers,"def add(a, b):
    return a + b",code
Write a function to multiply two numbers,"def multiply(a, b):
    return a * b",code
Write a function to check if number is even,"def is_even(n):
    return n % 2 == 0",code
Create an empty list,my_list = [],code
Add element to list,my_list.append(element),code
Write a function to add two numbers,"def add(a, b):
    return a + b",code
Write a function to multiply two numbers,"def multiply(a, b):
    return a * b",code
Write a function to check if number is even,"def is_even(n):
    return n % 2 == 0",code
Create an empty list,my_list = [],code
Add element to list,my_list.append(element),code
Write a function to add two numbers,"def add(a, b):
    return a + b",code
Write a function to multiply two numbers,"def multiply(a, b):
    return a * b",code
Write a function to check if number is even,"def is_even(n):
    return n % 2 == 0",code
Create an empty list,my_list = [],code
Add element to list,my_list.append(element),code
Write a function to add two numbers,"def add(a, b):
    return a + b",code
Write a function to multiply two numbers,"def multiply(a, b):
    return a * b",code
Write a function to check if number is even,"def is_even(n):
    return n % 2 == 0",code
Create an empty list,my_list = [],code
Add element to list,my_list.append(element),code
Write a function to add two numbers,"def add(a, b):
    return a + b",code
Write a function to multiply two numbers,"def multiply(a, b):
    return a * b",code
Write a function to check if number is even,"def is_even(n):
    return n % 2 == 0",code
Create an empty list,my_list = [],code
Add element to list,my_list.append(element),code
Write a function to add two numbers,"def add(a, b):
    return a + b",code
Write a function to multiply two numbers,"def multiply(a, b):
    return a * b",code
Write a function to check if number is even,"def is_even(n):
    return n % 2 == 0",code
Create an empty list,my_list = [],code
Add element to list,my_list.append(element),code
Write a function to add two numbers,"def add(a, b):
    return a + b",code
Write a function to multiply two numbers,"def multiply(a, b):
    return a * b",code
Write a function to check if number is even,"def is_even(n):
    return n % 2 == 0",code
Create an empty list,my_list = [],code
Add element to list,my_list.append(element),code
Write a function to add two numbers,"def add(a, b):
    return a + b",code
Write a function to multiply two numbers,"def multiply(a, b):
    return a * b",code
Write a function to check if number is even,"def is_even(n):
    return n % 2 == 0",code
Create an empty list,my_list = [],code
Add element to list,my_list.append(element),code
Write a function to add two numbers,"def add(a, b):
    return a + b",code
Write a function to multiply two numbers,"def multiply(a, b):
    return a * b",code
Write a function to check if number is even,"def is_even(n):
    return n % 2 == 0",code
Create an empty list,my_list = [],code
Add element to list,my_list.append(element),code
Write a function to add two numbers,"def add(a, b):
    return a + b",code
Write a function to multiply two numbers,"def multiply(a, b):
    return a * b",code
Write a function to check if number is even,"def is_even(n):
    return n % 2 == 0",code
Create an empty list,my_list = [],code
Add element to list,my_list.append(element),code
Write a function to add two numbers,"def add(a, b):
    return a + b",code
Write a function to multiply two numbers,"def multiply(a, b):
    return a * b",code
Write a function to check if number is even,"def is_even(n):
    return n % 2 == 0",code
Create an empty list,my_list = [],code
Add element to list,my_list.append(element),code
Write a function to add two numbers,"def add(a, b):
    return a + b",code
Write a function to multiply two numbers,"def multiply(a, b):
    return a * b",code
Write a function to check if number is even,"def is_even(n):
    return n % 2 == 0",code
Create an empty list,my_list = [],code
Add element to list,my_list.append(element),code
Write a function to add two numbers,"def add(a, b):
    return a + b",code
Write a function to multiply two numbers,"def multiply(a, b):
    return a * b",code
Write a function to check if number is even,"def is_even(n):
    return n % 2 == 0",code
Create an empty list,my_list = [],code
Add element to list,my_list.append(element),code
Write a function to add two numbers,"def add(a, b):
    return a + b",code
Write a function to multiply two numbers,"def multiply(a, b):
    return a * b",code
Write a function to check if number is even,"def is_even(n):
    return n % 2 == 0",code
Create an empty list,my_list = [],code
Add element to list,my_list.append(element),code
Write a function to add two numbers,"def add(a, b):
    return a + b",code
Write a function to multiply two numbers,"def multiply(a, b):
    return a * b",code
Write a function to check if number is even,"def is_even(n):
    return n % 2 == 0",code
Create an empty list,my_list = [],code
Add element to list,my_list.append(element),code
Write a function to add two numbers,"def add(a, b):
    return a + b",code
Write a function to multiply two numbers,"def multiply(a, b):
    return a * b",code
Write a function to check if number is even,"def is_even(n):
    return n % 2 == 0",code
Create an empty list,my_list = [],code
Add element to list,my_list.append(element),code
Write a function to add two numbers,"def add(a, b):
    return a + b",code
Write a function to multiply two numbers,"def multiply(a, b):
    return a * b",code
Write a function to check if number is even,"def is_even(n):
    return n % 2 == 0",code
Create an empty list,my_list = [],code
Add element to list,my_list.append(element),code
Write a function to add two numbers,"def add(a, b):
    return a + b",code
Write a function to multiply two numbers,"def multiply(a, b):
    return a * b",code
Write a function to check if number is even,"def is_even(n):
    return n % 2 == 0",code
Create an empty list,my_list = [],code
Add element to list,my_list.append(element),code
Write a function to add two numbers,"def add(a, b):
    return a + b",code
Write a function to multiply two numbers,"def multiply(a, b):
    return a * b",code
Write a function to check if number is even,"def is_even(n):
    return n % 2 == 0",code
Create an empty list,my_list = [],code
Add element to list,my_list.append(element),code
Write a function to add two numbers,"def add(a, b):
    return a + b",code
Write a function to multiply two numbers,"def multiply(a, b):
    return a * b",code
Write a function to check if number is even,"def is_even(n):
    return n % 2 == 0",code
Create an empty list,my_list = [],code
Add element to list,my_list.append(element),code
Write a function to add two numbers,"def add(a, b):
    return a + b",code
Write a function to multiply two numbers,"def multiply(a, b):
    return a * b",code
Write a function to check if number is even,"def is_even(n):
    return n % 2 == 0",code
Create an empty list,my_list = [],code
Add element to list,my_list.append(element),code
Write a function to add two numbers,"def add(a, b):
    return a + b",code
Write a function to multiply two numbers,"def multiply(a, b):
    return a * b",code
Write a function to check if number is even,"def is_even(n):
    return n % 2 == 0",code
Create an empty list,my_list = [],code
Add element to list,my_list.append(element),code
Write a function to add two numbers,"def add(a, b):
    return a + b",code
Write a function to multiply two numbers,"def multiply(a, b):
    return a * b",code
Write a function to check if number is even,"def is_even(n):
    return n % 2 == 0",code
Create an empty list,my_list = [],code
Add element to list,my_list.append(element),code
Write a function to add two numbers,"def add(a, b):
    return a + b",code
Write a function to multiply two numbers,"def multiply(a, b):
    return a * b",code
Write a function to check if number is even,"def is_even(n):
    return n % 2 == 0",code
Create an empty list,my_list = [],code
Add element to list,my_list.append(element),code
Write a function to add two numbers,"def add(a, b):
    return a + b",code
Write a function to multiply two numbers,"def multiply(a, b):
    return a * b",code
Write a function to check if number is even,"def is_even(n):
    return n % 2 == 0",code
Create an empty list,my_list = [],code
Add element to list,my_list.append(element),code
Write a function to add two numbers,"def add(a, b):
    return a + b",code
Write a function to multiply two numbers,"def multiply(a, b):
    return a * b",code
Write a function to check if number is even,"def is_even(n):
    return n % 2 == 0",code
Create an empty list,my_list = [],code
Add element to list,my_list.append(element),code
Write a function to add two numbers,"def add(a, b):
    return a + b",code
Write a function to multiply two numbers,"def multiply(a, b):
    return a * b",code
Write a function to check if number is even,"def is_even(n):
    return n % 2 == 0",code
Create an empty list,my_list = [],code
Add element to list,my_list.append(element),code
Write a function to add two numbers,"def add(a, b):
    return a + b",code
Write a function to multiply two numbers,"def multiply(a, b):
    return a * b",code
Write a function to check if number is even,"def is_even(n):
    return n % 2 == 0",code
Create an empty list,my_list = [],code
Add element to list,my_list.append(element),code
Write a function to add two numbers,"def add(a, b):
    return a + b",code
Write a function to multiply two numbers,"def multiply(a, b):
    return a * b",code
Write a function to check if number is even,"def is_even(n):
    return n % 2 == 0",code
Create an empty list,my_list = [],code
Add element to list,my_list.append(element),code
Write a function to add two numbers,"def add(a, b):
    return a + b",code
Write a function to multiply two numbers,"def multiply(a, b):
    return a * b",code
Write a function to check if number is even,"def is_even(n):
    return n % 2 == 0",code
Create an empty list,my_list = [],code
Add element to list,my_list.append(element),code
Write a function to add two numbers,"def add(a, b):
    return a + b",code
Write a function to multiply two numbers,"def multiply(a, b):
    return a * b",code
Write a function to check if number is even,"def is_even(n):
    return n % 2 == 0",code
Create an empty list,my_list = [],code
Add element to list,my_list.append(element),code
Write a function to add two numbers,"def add(a, b):
    return a + b",code
Write a function to multiply two numbers,"def multiply(a, b):
    return a * b",code
Write a function to check if number is even,"def is_even(n):
    return n % 2 == 0",code
Create an empty list,my_list = [],code
Add element to list,my_list.append(element),code
Write a function to add two numbers,"def add(a, b):
    return a + b",code
Write a function to multiply two numbers,"def multiply(a, b):
    return a * b",code
Write a function to check if number is even,"def is_even(n):
    return n % 2 == 0",code
Create an empty list,my_list = [],code
Add element to list,my_list.append(element),code
Write a function to add two numbers,"def add(a, b):
    return a + b",code
Write a function to multiply two numbers,"def multiply(a, b):
    return a * b",code
Write a function to check if number is even,"def is_even(n):
    return n % 2 == 0",code
Create an empty list,my_list = [],code
Add element to list,my_list.append(element),code
Write a function to add two numbers,"def add(a, b):
    return a + b",code
Write a function to multiply two numbers,"def multiply(a, b):
    return a * b",code
Write a function to check if number is even,"def is_even(n):
    return n % 2 == 0",code
Create an empty list,my_list = [],code
Add element to list,my_list.append(element),code
Write a function to add two numbers,"def add(a, b):
    return a + b",code
Write a function to multiply two numbers,"def multiply(a, b):
    return a * b",code
Write a function to check if number is even,"def is_even(n):
    return n % 2 == 0",code
Create an empty list,my_list = [],code
Add element to list,my_list.append(element),code
Write a function to add two numbers,"def add(a, b):
    return a + b",code
Write a function to multiply two numbers,"def multiply(a, b):
    return a * b",code
Write a function to check if number is even,"def is_even(n):
    return n % 2 == 0",code
Create an empty list,my_list = [],code
Add element to list,my_list.append(element),code
Write a function to add two numbers,"def add(a, b):
    return a + b",code
Write a function to multiply two numbers,"def multiply(a, b):
    return a * b",code
Write a function to check if number is even,"def is_even(n):
    return n % 2 == 0",code
Create an empty list,my_list = [],code
Add element to list,my_list.append(element),code
Write a short story about a cat,"Once upon a time, there was a clever cat named Whiskers who loved to explore.",creative
Write a haiku about nature,"Cherry blossoms fall
Gentle breeze carries petals
Spring's fleeting beauty",creative
Describe a magical forest,"Ancient trees with silver bark stretch toward starlit skies, while glowing mushrooms light the winding paths.",creative
Write a short story about a cat,"Once upon a time, there was a clever cat named Whiskers who loved to explore.",creative
Write a haiku about nature,"Cherry blossoms fall
Gentle breeze carries petals
Spring's fleeting beauty",creative
Describe a magical forest,"Ancient trees with silver bark stretch toward starlit skies, while glowing mushrooms light the winding paths.",creative
Write a short story about a cat,"Once upon a time, there was a clever cat named Whiskers who loved to explore.",creative
Write a haiku about nature,"Cherry blossoms fall
Gentle breeze carries petals
Spring's fleeting beauty",creative
Describe a magical forest,"Ancient trees with silver bark stretch toward starlit skies, while glowing mushrooms light the winding paths.",creative
Write a short story about a cat,"Once upon a time, there was a clever cat named Whiskers who loved to explore.",creative
Write a haiku about nature,"Cherry blossoms fall
Gentle breeze carries petals
Spring's fleeting beauty",creative
Describe a magical forest,"Ancient trees with silver bark stretch toward starlit skies, while glowing mushrooms light the winding paths.",creative
Write a short story about a cat,"Once upon a time, there was a clever cat named Whiskers who loved to explore.",creative
Write a haiku about nature,"Cherry blossoms fall
Gentle breeze carries petals
Spring's fleeting beauty",creative
Describe a magical forest,"Ancient trees with silver bark stretch toward starlit skies, while glowing mushrooms light the winding paths.",creative
Write a short story about a cat,"Once upon a time, there was a clever cat named Whiskers who loved to explore.",creative
Write a haiku about nature,"Cherry blossoms fall
Gentle breeze carries petals
Spring's fleeting beauty",creative
Describe a magical forest,"Ancient trees with silver bark stretch toward starlit skies, while glowing mushrooms light the winding paths.",creative
Write a short story about a cat,"Once upon a time, there was a clever cat named Whiskers who loved to explore.",creative
Write a haiku about nature,"Cherry blossoms fall
Gentle breeze carries petals
Spring's fleeting beauty",creative
Describe a magical forest,"Ancient trees with silver bark stretch toward starlit skies, while glowing mushrooms light the winding paths.",creative
Write a short story about a cat,"Once upon a time, there was a clever cat named Whiskers who loved to explore.",creative
Write a haiku about nature,"Cherry blossoms fall
Gentle breeze carries petals
Spring's fleeting beauty",creative
Describe a magical forest,"Ancient trees with silver bark stretch toward starlit skies, while glowing mushrooms light the winding paths.",creative
Write a short story about a cat,"Once upon a time, there was a clever cat named Whiskers who loved to explore.",creative
Write a haiku about nature,"Cherry blossoms fall
Gentle breeze carries petals
Spring's fleeting beauty",creative
Describe a magical forest,"Ancient trees with silver bark stretch toward starlit skies, while glowing mushrooms light the winding paths.",creative
Write a short story about a cat,"Once upon a time, there was a clever cat named Whiskers who loved to explore.",creative
Write a haiku about nature,"Cherry blossoms fall
Gentle breeze carries petals
Spring's fleeting beauty",creative
Describe a magical forest,"Ancient trees with silver bark stretch toward starlit skies, while glowing mushrooms light the winding paths.",creative
Write a short story about a cat,"Once upon a time, there was a clever cat named Whiskers who loved to explore.",creative
Write a haiku about nature,"Cherry blossoms fall
Gentle breeze carries petals
Spring's fleeting beauty",creative
Describe a magical forest,"Ancient trees with silver bark stretch toward starlit skies, while glowing mushrooms light the winding paths.",creative
Write a short story about a cat,"Once upon a time, there was a clever cat named Whiskers who loved to explore.",creative
Write a haiku about nature,"Cherry blossoms fall
Gentle breeze carries petals
Spring's fleeting beauty",creative
Describe a magical forest,"Ancient trees with silver bark stretch toward starlit skies, while glowing mushrooms light the winding paths.",creative
Write a short story about a cat,"Once upon a time, there was a clever cat named Whiskers who loved to explore.",creative
Write a haiku about nature,"Cherry blossoms fall
Gentle breeze carries petals
Spring's fleeting beauty",creative
Describe a magical forest,"Ancient trees with silver bark stretch toward starlit skies, while glowing mushrooms light the winding paths.",creative
Write a short story about a cat,"Once upon a time, there was a clever cat named Whiskers who loved to explore.",creative
Write a haiku about nature,"Cherry blossoms fall
Gentle breeze carries petals
Spring's fleeting beauty",creative
Describe a magical forest,"Ancient trees with silver bark stretch toward starlit skies, while glowing mushrooms light the winding paths.",creative
Write a short story about a cat,"Once upon a time, there was a clever cat named Whiskers who loved to explore.",creative
Write a haiku about nature,"Cherry blossoms fall
Gentle breeze carries petals
Spring's fleeting beauty",creative
Describe a magical forest,"Ancient trees with silver bark stretch toward starlit skies, while glowing mushrooms light the winding paths.",creative
Write a short story about a cat,"Once upon a time, there was a clever cat named Whiskers who loved to explore.",creative
Write a haiku about nature,"Cherry blossoms fall
Gentle breeze carries petals
Spring's fleeting beauty",creative
Describe a magical forest,"Ancient trees with silver bark stretch toward starlit skies, while glowing mushrooms light the winding paths.",creative
Write a short story about a cat,"Once upon a time, there was a clever cat named Whiskers who loved to explore.",creative
Write a haiku about nature,"Cherry blossoms fall
Gentle breeze carries petals
Spring's fleeting beauty",creative
Describe a magical forest,"Ancient trees with silver bark stretch toward starlit skies, while glowing mushrooms light the winding paths.",creative
Write a short story about a cat,"Once upon a time, there was a clever cat named Whiskers who loved to explore.",creative
Write a haiku about nature,"Cherry blossoms fall
Gentle breeze carries petals
Spring's fleeting beauty",creative
Describe a magical forest,"Ancient trees with silver bark stretch toward starlit skies, while glowing mushrooms light the winding paths.",creative
Write a short story about a cat,"Once upon a time, there was a clever cat named Whiskers who loved to explore.",creative
Write a haiku about nature,"Cherry blossoms fall
Gentle breeze carries petals
Spring's fleeting beauty",creative
Describe a magical forest,"Ancient trees with silver bark stretch toward starlit skies, while glowing mushrooms light the winding paths.",creative
Write a short story about a cat,"Once upon a time, there was a clever cat named Whiskers who loved to explore.",creative
Write a haiku about nature,"Cherry blossoms fall
Gentle breeze carries petals
Spring's fleeting beauty",creative
Describe a magical forest,"Ancient trees with silver bark stretch toward starlit skies, while glowing mushrooms light the winding paths.",creative
Write a short story about a cat,"Once upon a time, there was a clever cat named Whiskers who loved to explore.",creative
Write a haiku about nature,"Cherry blossoms fall
Gentle breeze carries petals
Spring's fleeting beauty",creative
Describe a magical forest,"Ancient trees with silver bark stretch toward starlit skies, while glowing mushrooms light the winding paths.",creative
Write a short story about a cat,"Once upon a time, there was a clever cat named Whiskers who loved to explore.",creative
Write a haiku about nature,"Cherry blossoms fall
Gentle breeze carries petals
Spring's fleeting beauty",creative
Describe a magical forest,"Ancient trees with silver bark stretch toward starlit skies, while glowing mushrooms light the winding paths.",creative
Write a short story about a cat,"Once upon a time, there was a clever cat named Whiskers who loved to explore.",creative
Write a haiku about nature,"Cherry blossoms fall
Gentle breeze carries petals
Spring's fleeting beauty",creative
Describe a magical forest,"Ancient trees with silver bark stretch toward starlit skies, while glowing mushrooms light the winding paths.",creative
Write a short story about a cat,"Once upon a time, there was a clever cat named Whiskers who loved to explore.",creative
Write a haiku about nature,"Cherry blossoms fall
Gentle breeze carries petals
Spring's fleeting beauty",creative
Describe a magical forest,"Ancient trees with silver bark stretch toward starlit skies, while glowing mushrooms light the winding paths.",creative
Write a short story about a cat,"Once upon a time, there was a clever cat named Whiskers who loved to explore.",creative
Write a haiku about nature,"Cherry blossoms fall
Gentle breeze carries petals
Spring's fleeting beauty",creative
Describe a magical forest,"Ancient trees with silver bark stretch toward starlit skies, while glowing mushrooms light the winding paths.",creative
Write a short story about a cat,"Once upon a time, there was a clever cat named Whiskers who loved to explore.",creative
Write a haiku about nature,"Cherry blossoms fall
Gentle breeze carries petals
Spring's fleeting beauty",creative
Describe a magical forest,"Ancient trees with silver bark stretch toward starlit skies, while glowing mushrooms light the winding paths.",creative
Write a short story about a cat,"Once upon a time, there was a clever cat named Whiskers who loved to explore.",creative
Write a haiku about nature,"Cherry blossoms fall
Gentle breeze carries petals
Spring's fleeting beauty",creative
Describe a magical forest,"Ancient trees with silver bark stretch toward starlit skies, while glowing mushrooms light the winding paths.",creative
Write a short story about a cat,"Once upon a time, there was a clever cat named Whiskers who loved to explore.",creative
Write a haiku about nature,"Cherry blossoms fall
Gentle breeze carries petals
Spring's fleeting beauty",creative
Describe a magical forest,"Ancient trees with silver bark stretch toward starlit skies, while glowing mushrooms light the winding paths.",creative
Write a short story about a cat,"Once upon a time, there was a clever cat named Whiskers who loved to explore.",creative
Write a haiku about nature,"Cherry blossoms fall
Gentle breeze carries petals
Spring's fleeting beauty",creative
Describe a magical forest,"Ancient trees with silver bark stretch toward starlit skies, while glowing mushrooms light the winding paths.",creative
Write a short story about a cat,"Once upon a time, there was a clever cat named Whiskers who loved to explore.",creative
Write a haiku about nature,"Cherry blossoms fall
Gentle breeze carries petals
Spring's fleeting beauty",creative
Describe a magical forest,"Ancient trees with silver bark stretch toward starlit skies, while glowing mushrooms light the winding paths.",creative
Write a short story about a cat,"Once upon a time, there was a clever cat named Whiskers who loved to explore.",creative
Write a haiku about nature,"Cherry blossoms fall
Gentle breeze carries petals
Spring's fleeting beauty",creative
Describe a magical forest,"Ancient trees with silver bark stretch toward starlit skies, while glowing mushrooms light the winding paths.",creative
Write a short story about a cat,"Once upon a time, there was a clever cat named Whiskers who loved to explore.",creative
Write a haiku about nature,"Cherry blossoms fall
Gentle breeze carries petals
Spring's fleeting beauty",creative
Describe a magical forest,"Ancient trees with silver bark stretch toward starlit skies, while glowing mushrooms light the winding paths.",creative
Write a short story about a cat,"Once upon a time, there was a clever cat named Whiskers who loved to explore.",creative
Write a haiku about nature,"Cherry blossoms fall
Gentle breeze carries petals
Spring's fleeting beauty",creative
Describe a magical forest,"Ancient trees with silver bark stretch toward starlit skies, while glowing mushrooms light the winding paths.",creative
Write a short story about a cat,"Once upon a time, there was a clever cat named Whiskers who loved to explore.",creative
Write a haiku about nature,"Cherry blossoms fall
Gentle breeze carries petals
Spring's fleeting beauty",creative
Describe a magical forest,"Ancient trees with silver bark stretch toward starlit skies, while glowing mushrooms light the winding paths.",creative
Write a short story about a cat,"Once upon a time, there was a clever cat named Whiskers who loved to explore.",creative
Write a haiku about nature,"Cherry blossoms fall
Gentle breeze carries petals
Spring's fleeting beauty",creative
Describe a magical forest,"Ancient trees with silver bark stretch toward starlit skies, while glowing mushrooms light the winding paths.",creative
Write a short story about a cat,"Once upon a time, there was a clever cat named Whiskers who loved to explore.",creative
Write a haiku about nature,"Cherry blossoms fall
Gentle breeze carries petals
Spring's fleeting beauty",creative
Describe a magical forest,"Ancient trees with silver bark stretch toward starlit skies, while glowing mushrooms light the winding paths.",creative
Write a short story about a cat,"Once upon a time, there was a clever cat named Whiskers who loved to explore.",creative
Write a haiku about nature,"Cherry blossoms fall
Gentle breeze carries petals
Spring's fleeting beauty",creative
Describe a magical forest,"Ancient trees with silver bark stretch toward starlit skies, while glowing mushrooms light the winding paths.",creative
Write a short story about a cat,"Once upon a time, there was a clever cat named Whiskers who loved to explore.",creative
Write a haiku about nature,"Cherry blossoms fall
Gentle breeze carries petals
Spring's fleeting beauty",creative
Describe a magical forest,"Ancient trees with silver bark stretch toward starlit skies, while glowing mushrooms light the winding paths.",creative
Write a short story about a cat,"Once upon a time, there was a clever cat named Whiskers who loved to explore.",creative
Write a haiku about nature,"Cherry blossoms fall
Gentle breeze carries petals
Spring's fleeting beauty",creative
Describe a magical forest,"Ancient trees with silver bark stretch toward starlit skies, while glowing mushrooms light the winding paths.",creative
Write a short story about a cat,"Once upon a time, there was a clever cat named Whiskers who loved to explore.",creative
Write a haiku about nature,"Cherry blossoms fall
Gentle breeze carries petals
Spring's fleeting beauty",creative
Describe a magical forest,"Ancient trees with silver bark stretch toward starlit skies, while glowing mushrooms light the winding paths.",creative
Write a short story about a cat,"Once upon a time, there was a clever cat named Whiskers who loved to explore.",creative
Write a haiku about nature,"Cherry blossoms fall
Gentle breeze carries petals
Spring's fleeting beauty",creative
Describe a magical forest,"Ancient trees with silver bark stretch toward starlit skies, while glowing mushrooms light the winding paths.",creative
Write a short story about a cat,"Once upon a time, there was a clever cat named Whiskers who loved to explore.",creative
Write a haiku about nature,"Cherry blossoms fall
Gentle breeze carries petals
Spring's fleeting beauty",creative
Describe a magical forest,"Ancient trees with silver bark stretch toward starlit skies, while glowing mushrooms light the winding paths.",creative
Write a short story about a cat,"Once upon a time, there was a clever cat named Whiskers who loved to explore.",creative
Write a haiku about nature,"Cherry blossoms fall
Gentle breeze carries petals
Spring's fleeting beauty",creative
Describe a magical forest,"Ancient trees with silver bark stretch toward starlit skies, while glowing mushrooms light the winding paths.",creative
Write a short story about a cat,"Once upon a time, there was a clever cat named Whiskers who loved to explore.",creative
Write a haiku about nature,"Cherry blossoms fall
Gentle breeze carries petals
Spring's fleeting beauty",creative
Describe a magical forest,"Ancient trees with silver bark stretch toward starlit skies, while glowing mushrooms light the winding paths.",creative
Write a short story about a cat,"Once upon a time, there was a clever cat named Whiskers who loved to explore.",creative
Write a haiku about nature,"Cherry blossoms fall
Gentle breeze carries petals
Spring's fleeting beauty",creative
Describe a magical forest,"Ancient trees with silver bark stretch toward starlit skies, while glowing mushrooms light the winding paths.",creative
Write a short story about a cat,"Once upon a time, there was a clever cat named Whiskers who loved to explore.",creative
Write a haiku about nature,"Cherry blossoms fall
Gentle breeze carries petals
Spring's fleeting beauty",creative
Describe a magical forest,"Ancient trees with silver bark stretch toward starlit skies, while glowing mushrooms light the winding paths.",creative
Write a short story about a cat,"Once upon a time, there was a clever cat named Whiskers who loved to explore.",creative
Write a haiku about nature,"Cherry blossoms fall
Gentle breeze carries petals
Spring's fleeting beauty",creative
Describe a magical forest,"Ancient trees with silver bark stretch toward starlit skies, while glowing mushrooms light the winding paths.",creative
Write a short story about a cat,"Once upon a time, there was a clever cat named Whiskers who loved to explore.",creative
Write a haiku about nature,"Cherry blossoms fall
Gentle breeze carries petals
Spring's fleeting beauty",creative
Describe a magical forest,"Ancient trees with silver bark stretch toward starlit skies, while glowing mushrooms light the winding paths.",creative
Write a short story about a cat,"Once upon a time, there was a clever cat named Whiskers who loved to explore.",creative
Write a haiku about nature,"Cherry blossoms fall
Gentle breeze carries petals
Spring's fleeting beauty",creative
Describe a magical forest,"Ancient trees with silver bark stretch toward starlit skies, while glowing mushrooms light the winding paths.",creative
Write a short story about a cat,"Once upon a time, there was a clever cat named Whiskers who loved to explore.",creative
Write a haiku about nature,"Cherry blossoms fall
Gentle breeze carries petals
Spring's fleeting beauty",creative
Describe a magical forest,"Ancient trees with silver bark stretch toward starlit skies, while glowing mushrooms light the winding paths.",creative
Write a short story about a cat,"Once upon a time, there was a clever cat named Whiskers who loved to explore.",creative
Write a haiku about nature,"Cherry blossoms fall
Gentle breeze carries petals
Spring's fleeting beauty",creative
Describe a magical forest,"Ancient trees with silver bark stretch toward starlit skies, while glowing mushrooms light the winding paths.",creative
Write a short story about a cat,"Once upon a time, there was a clever cat named Whiskers who loved to explore.",creative
Write a haiku about nature,"Cherry blossoms fall
Gentle breeze carries petals
Spring's fleeting beauty",creative
Describe a magical forest,"Ancient trees with silver bark stretch toward starlit skies, while glowing mushrooms light the winding paths.",creative
Write a short story about a cat,"Once upon a time, there was a clever cat named Whiskers who loved to explore.",creative
Write a haiku about nature,"Cherry blossoms fall
Gentle breeze carries petals
Spring's fleeting beauty",creative
Describe a magical forest,"Ancient trees with silver bark stretch toward starlit skies, while glowing mushrooms light the winding paths.",creative
Write a short story about a cat,"Once upon a time, there was a clever cat named Whiskers who loved to explore.",creative
Write a haiku about nature,"Cherry blossoms fall
Gentle breeze carries petals
Spring's fleeting beauty",creative
Describe a magical forest,"Ancient trees with silver bark stretch toward starlit skies, while glowing mushrooms light the winding paths.",creative
Write a short story about a cat,"Once upon a time, there was a clever cat named Whiskers who loved to explore.",creative
Write a haiku about nature,"Cherry blossoms fall
Gentle breeze carries petals
Spring's fleeting beauty",creative
Describe a magical forest,"Ancient trees with silver bark stretch toward starlit skies, while glowing mushrooms light the winding paths.",creative
Write a short story about a cat,"Once upon a time, there was a clever cat named Whiskers who loved to explore.",creative
Write a haiku about nature,"Cherry blossoms fall
Gentle breeze carries petals
Spring's fleeting beauty",creative
Describe a magical forest,"Ancient trees with silver bark stretch toward starlit skies, while glowing mushrooms light the winding paths.",creative
Write a short story about a cat,"Once upon a time, there was a clever cat named Whiskers who loved to explore.",creative
Write a haiku about nature,"Cherry blossoms fall
Gentle breeze carries petals
Spring's fleeting beauty",creative
Describe a magical forest,"Ancient trees with silver bark stretch toward starlit skies, while glowing mushrooms light the winding paths.",creative
Write a short story about a cat,"Once upon a time, there was a clever cat named Whiskers who loved to explore.",creative
Write a haiku about nature,"Cherry blossoms fall
Gentle breeze carries petals
Spring's fleeting beauty",creative
Describe a magical forest,"Ancient trees with silver bark stretch toward starlit skies, while glowing mushrooms light the winding paths.",creative
Write a short story about a cat,"Once upon a time, there was a clever cat named Whiskers who loved to explore.",creative
Write a haiku about nature,"Cherry blossoms fall
Gentle breeze carries petals
Spring's fleeting beauty",creative
Describe a magical forest,"Ancient trees with silver bark stretch toward starlit skies, while glowing mushrooms light the winding paths.",creative
Write a short story about a cat,"Once upon a time, there was a clever cat named Whiskers who loved to explore.",creative
Write a haiku about nature,"Cherry blossoms fall
Gentle breeze carries petals
Spring's fleeting beauty",creative
Describe a magical forest,"Ancient trees with silver bark stretch toward starlit skies, while glowing mushrooms light the winding paths.",creative
Write a short story about a cat,"Once upon a time, there was a clever cat named Whiskers who loved to explore.",creative
Write a haiku about nature,"Cherry blossoms fall
Gentle breeze carries petals
Spring's fleeting beauty",creative
Describe a magical forest,"Ancient trees with silver bark stretch toward starlit skies, while glowing mushrooms light the winding paths.",creative
Write a short story about a cat,"Once upon a time, there was a clever cat named Whiskers who loved to explore.",creative
Write a haiku about nature,"Cherry blossoms fall
Gentle breeze carries petals
Spring's fleeting beauty",creative
Describe a magical forest,"Ancient trees with silver bark stretch toward starlit skies, while glowing mushrooms light the winding paths.",creative
Write a short story about a cat,"Once upon a time, there was a clever cat named Whiskers who loved to explore.",creative
Write a haiku about nature,"Cherry blossoms fall
Gentle breeze carries petals
Spring's fleeting beauty",creative
Describe a magical forest,"Ancient trees with silver bark stretch toward starlit skies, while glowing mushrooms light the winding paths.",creative
Write a short story about a cat,"Once upon a time, there was a clever cat named Whiskers who loved to explore.",creative
Write a haiku about nature,"Cherry blossoms fall
Gentle breeze carries petals
Spring's fleeting beauty",creative
Describe a magical forest,"Ancient trees with silver bark stretch toward starlit skies, while glowing mushrooms light the winding paths.",creative
Write a short story about a cat,"Once upon a time, there was a clever cat named Whiskers who loved to explore.",creative
Write a haiku about nature,"Cherry blossoms fall
Gentle breeze carries petals
Spring's fleeting beauty",creative
Describe a magical forest,"Ancient trees with silver bark stretch toward starlit skies, while glowing mushrooms light the winding paths.",creative
Write a short story about a cat,"Once upon a time, there was a clever cat named Whiskers who loved to explore.",creative
Write a haiku about nature,"Cherry blossoms fall
Gentle breeze carries petals
Spring's fleeting beauty",creative
Describe a magical forest,"Ancient trees with silver bark stretch toward starlit skies, while glowing mushrooms light the winding paths.",creative
Write a short story about a cat,"Once upon a time, there was a clever cat named Whiskers who loved to explore.",creative
Write a haiku about nature,"Cherry blossoms fall
Gentle breeze carries petals
Spring's fleeting beauty",creative
Describe a magical forest,"Ancient trees with silver bark stretch toward starlit skies, while glowing mushrooms light the winding paths.",creative
Write a short story about a cat,"Once upon a time, there was a clever cat named Whiskers who loved to explore.",creative
Write a haiku about nature,"Cherry blossoms fall
Gentle breeze carries petals
Spring's fleeting beauty",creative
Describe a magical forest,"Ancient trees with silver bark stretch toward starlit skies, while glowing mushrooms light the winding paths.",creative
Write a short story about a cat,"Once upon a time, there was a clever cat named Whiskers who loved to explore.",creative
Write a haiku about nature,"Cherry blossoms fall
Gentle breeze carries petals
Spring's fleeting beauty",creative
Describe a magical forest,"Ancient trees with silver bark stretch toward starlit skies, while glowing mushrooms light the winding paths.",creative
Write a short story about a cat,"Once upon a time, there was a clever cat named Whiskers who loved to explore.",creative
Write a haiku about nature,"Cherry blossoms fall
Gentle breeze carries petals
Spring's fleeting beauty",creative
Describe a magical forest,"Ancient trees with silver bark stretch toward starlit skies, while glowing mushrooms light the winding paths.",creative
Write a short story about a cat,"Once upon a time, there was a clever cat named Whiskers who loved to explore.",creative
Write a haiku about nature,"Cherry blossoms fall
Gentle breeze carries petals
Spring's fleeting beauty",creative
Describe a magical forest,"Ancient trees with silver bark stretch toward starlit skies, while glowing mushrooms light the winding paths.",creative
Write a short story about a cat,"Once upon a time, there was a clever cat named Whiskers who loved to explore.",creative
Write a haiku about nature,"Cherry blossoms fall
Gentle breeze carries petals
Spring's fleeting beauty",creative
Describe a magical forest,"Ancient trees with silver bark stretch toward starlit skies, while glowing mushrooms light the winding paths.",creative
Write a short story about a cat,"Once upon a time, there was a clever cat named Whiskers who loved to explore.",creative
Write a haiku about nature,"Cherry blossoms fall
Gentle breeze carries petals
Spring's fleeting beauty",creative
Describe a magical forest,"Ancient trees with silver bark stretch toward starlit skies, while glowing mushrooms light the winding paths.",creative
Write a short story about a cat,"Once upon a time, there was a clever cat named Whiskers who loved to explore.",creative
Write a haiku about nature,"Cherry blossoms fall
Gentle breeze carries petals
Spring's fleeting beauty",creative
Describe a magical forest,"Ancient trees with silver bark stretch toward starlit skies, while glowing mushrooms light the winding paths.",creative
Write a short story about a cat,"Once upon a time, there was a clever cat named Whiskers who loved to explore.",creative
Write a haiku about nature,"Cherry blossoms fall
Gentle breeze carries petals
Spring's fleeting beauty",creative
Describe a magical forest,"Ancient trees with silver bark stretch toward starlit skies, while glowing mushrooms light the winding paths.",creative
Write a short story about a cat,"Once upon a time, there was a clever cat named Whiskers who loved to explore.",creative
Write a haiku about nature,"Cherry blossoms fall
Gentle breeze carries petals
Spring's fleeting beauty",creative
Describe a magical forest,"Ancient trees with silver bark stretch toward starlit skies, while glowing mushrooms light the winding paths.",creative
Write a short story about a cat,"Once upon a time, there was a clever cat named Whiskers who loved to explore.",creative
Write a haiku about nature,"Cherry blossoms fall
Gentle breeze carries petals
Spring's fleeting beauty",creative
Describe a magical forest,"Ancient trees with silver bark stretch toward starlit skies, while glowing mushrooms light the winding paths.",creative
Write a short story about a cat,"Once upon a time, there was a clever cat named Whiskers who loved to explore.",creative
Write a haiku about nature,"Cherry blossoms fall
Gentle breeze carries petals
Spring's fleeting beauty",creative
Describe a magical forest,"Ancient trees with silver bark stretch toward starlit skies, while glowing mushrooms light the winding paths.",creative
Write a short story about a cat,"Once upon a time, there was a clever cat named Whiskers who loved to explore.",creative
Write a haiku about nature,"Cherry blossoms fall
Gentle breeze carries petals
Spring's fleeting beauty",creative
Describe a magical forest,"Ancient trees with silver bark stretch toward starlit skies, while glowing mushrooms light the winding paths.",creative
Write a short story about a cat,"Once upon a time, there was a clever cat named Whiskers who loved to explore.",creative
Write a haiku about nature,"Cherry blossoms fall
Gentle breeze carries petals
Spring's fleeting beauty",creative
Describe a magical forest,"Ancient trees with silver bark stretch toward starlit skies, while glowing mushrooms light the winding paths.",creative
Write a short story about a cat,"Once upon a time, there was a clever cat named Whiskers who loved to explore.",creative
Write a haiku about nature,"Cherry blossoms fall
Gentle breeze carries petals
Spring's fleeting beauty",creative
Describe a magical forest,"Ancient trees with silver bark stretch toward starlit skies, while glowing mushrooms light the winding paths.",creative
Write a short story about a cat,"Once upon a time, there was a clever cat named Whiskers who loved to explore.",creative
Write a haiku about nature,"Cherry blossoms fall
Gentle breeze carries petals
Spring's fleeting beauty",creative
Describe a magical forest,"Ancient trees with silver bark stretch toward starlit skies, while glowing mushrooms light the winding paths.",creative
Write a short story about a cat,"Once upon a time, there was a clever cat named Whiskers who loved to explore.",creative
Write a haiku about nature,"Cherry blossoms fall
Gentle breeze carries petals
Spring's fleeting beauty",creative
Describe a magical forest,"Ancient trees with silver bark stretch toward starlit skies, while glowing mushrooms light the winding paths.",creative
Write a short story about a cat,"Once upon a time, there was a clever cat named Whiskers who loved to explore.",creative
Write a haiku about nature,"Cherry blossoms fall
Gentle breeze carries petals
Spring's fleeting beauty",creative
Describe a magical forest,"Ancient trees with silver bark stretch toward starlit skies, while glowing mushrooms light the winding paths.",creative
Write a short story about a cat,"Once upon a time, there was a clever cat named Whiskers who loved to explore.",creative
Write a haiku about nature,"Cherry blossoms fall
Gentle breeze carries petals
Spring's fleeting beauty",creative
Describe a magical forest,"Ancient trees with silver bark stretch toward starlit skies, while glowing mushrooms light the winding paths.",creative
Write a short story about a cat,"Once upon a time, there was a clever cat named Whiskers who loved to explore.",creative
Write a haiku about nature,"Cherry blossoms fall
Gentle breeze carries petals
Spring's fleeting beauty",creative
Describe a magical forest,"Ancient trees with silver bark stretch toward starlit skies, while glowing mushrooms light the winding paths.",creative
Write a short story about a cat,"Once upon a time, there was a clever cat named Whiskers who loved to explore.",creative
Write a haiku about nature,"Cherry blossoms fall
Gentle breeze carries petals
Spring's fleeting beauty",creative
Describe a magical forest,"Ancient trees with silver bark stretch toward starlit skies, while glowing mushrooms light the winding paths.",creative
Write a short story about a cat,"Once upon a time, there was a clever cat named Whiskers who loved to explore.",creative
Write a haiku about nature,"Cherry blossoms fall
Gentle breeze carries petals
Spring's fleeting beauty",creative
Describe a magical forest,"Ancient trees with silver bark stretch toward starlit skies, while glowing mushrooms light the winding paths.",creative
Write a short story about a cat,"Once upon a time, there was a clever cat named Whiskers who loved to explore.",creative
Write a haiku about nature,"Cherry blossoms fall
Gentle breeze carries petals
Spring's fleeting beauty",creative
Describe a magical forest,"Ancient trees with silver bark stretch toward starlit skies, while glowing mushrooms light the winding paths.",creative
Write a short story about a cat,"Once upon a time, there was a clever cat named Whiskers who loved to explore.",creative
Write a haiku about nature,"Cherry blossoms fall
Gentle breeze carries petals
Spring's fleeting beauty",creative
Describe a magical forest,"Ancient trees with silver bark stretch toward starlit skies, while glowing mushrooms light the winding paths.",creative
Write a short story about a cat,"Once upon a time, there was a clever cat named Whiskers who loved to explore.",creative
Write a haiku about nature,"Cherry blossoms fall
Gentle breeze carries petals
Spring's fleeting beauty",creative
Describe a magical forest,"Ancient trees with silver bark stretch toward starlit skies, while glowing mushrooms light the winding paths.",creative
Write a short story about a cat,"Once upon a time, there was a clever cat named Whiskers who loved to explore.",creative
Write a haiku about nature,"Cherry blossoms fall
Gentle breeze carries petals
Spring's fleeting beauty",creative
Describe a magical forest,"Ancient trees with silver bark stretch toward starlit skies, while glowing mushrooms light the winding paths.",creative
Write a short story about a cat,"Once upon a time, there was a clever cat named Whiskers who loved to explore.",creative
Write a haiku about nature,"Cherry blossoms fall
Gentle breeze carries petals
Spring's fleeting beauty",creative
Describe a magical forest,"Ancient trees with silver bark stretch toward starlit skies, while glowing mushrooms light the winding paths.",creative
Write a short story about a cat,"Once upon a time, there was a clever cat named Whiskers who loved to explore.",creative
Write a haiku about nature,"Cherry blossoms fall
Gentle breeze carries petals
Spring's fleeting beauty",creative
Describe a magical forest,"Ancient trees with silver bark stretch toward starlit skies, while glowing mushrooms light the winding paths.",creative
Write a short story about a cat,"Once upon a time, there was a clever cat named Whiskers who loved to explore.",creative
Write a haiku about nature,"Cherry blossoms fall
Gentle breeze carries petals
Spring's fleeting beauty",creative
Describe a magical forest,"Ancient trees with silver bark stretch toward starlit skies, while glowing mushrooms light the winding paths.",creative
Write a short story about a cat,"Once upon a time, there was a clever cat named Whiskers who loved to explore.",creative
Write a haiku about nature,"Cherry blossoms fall
Gentle breeze carries petals
Spring's fleeting beauty",creative
Describe a magical forest,"Ancient trees with silver bark stretch toward starlit skies, while glowing mushrooms light the winding paths.",creative
Write a short story about a cat,"Once upon a time, there was a clever cat named Whiskers who loved to explore.",creative
Write a haiku about nature,"Cherry blossoms fall
Gentle breeze carries petals
Spring's fleeting beauty",creative
Describe a magical forest,"Ancient trees with silver bark stretch toward starlit skies, while glowing mushrooms light the winding paths.",creative
Write a short story about a cat,"Once upon a time, there was a clever cat named Whiskers who loved to explore.",creative
Write a haiku about nature,"Cherry blossoms fall
Gentle breeze carries petals
Spring's fleeting beauty",creative
Describe a magical forest,"Ancient trees with silver bark stretch toward starlit skies, while glowing mushrooms light the winding paths.",creative
Write a short story about a cat,"Once upon a time, there was a clever cat named Whiskers who loved to explore.",creative
Write a haiku about nature,"Cherry blossoms fall
Gentle breeze carries petals
Spring's fleeting beauty",creative
Describe a magical forest,"Ancient trees with silver bark stretch toward starlit skies, while glowing mushrooms light the winding paths.",creative
Write a short story about a cat,"Once upon a time, there was a clever cat named Whiskers who loved to explore.",creative
Write a haiku about nature,"Cherry blossoms fall
Gentle breeze carries petals
Spring's fleeting beauty",creative
Describe a magical forest,"Ancient trees with silver bark stretch toward starlit skies, while glowing mushrooms light the winding paths.",creative
Write a short story about a cat,"Once upon a time, there was a clever cat named Whiskers who loved to explore.",creative
Write a haiku about nature,"Cherry blossoms fall
Gentle breeze carries petals
Spring's fleeting beauty",creative
Describe a magical forest,"Ancient trees with silver bark stretch toward starlit skies, while glowing mushrooms light the winding paths.",creative
Write a short story about a cat,"Once upon a time, there was a clever cat named Whiskers who loved to explore.",creative
Write a haiku about nature,"Cherry blossoms fall
Gentle breeze carries petals
Spring's fleeting beauty",creative
Describe a magical forest,"Ancient trees with silver bark stretch toward starlit skies, while glowing mushrooms light the winding paths.",creative
Write a short story about a cat,"Once upon a time, there was a clever cat named Whiskers who loved to explore.",creative
Write a haiku about nature,"Cherry blossoms fall
Gentle breeze carries petals
Spring's fleeting beauty",creative
Describe a magical forest,"Ancient trees with silver bark stretch toward starlit skies, while glowing mushrooms light the winding paths.",creative
Write a short story about a cat,"Once upon a time, there was a clever cat named Whiskers who loved to explore.",creative
Write a haiku about nature,"Cherry blossoms fall
Gentle breeze carries petals
Spring's fleeting beauty",creative
Describe a magical forest,"Ancient trees with silver bark stretch toward starlit skies, while glowing mushrooms light the winding paths.",creative
Write a short story about a cat,"Once upon a time, there was a clever cat named Whiskers who loved to explore.",creative
Write a haiku about nature,"Cherry blossoms fall
Gentle breeze carries petals
Spring's fleeting beauty",creative
Describe a magical forest,"Ancient trees with silver bark stretch toward starlit skies, while glowing mushrooms light the winding paths.",creative
Write a short story about a cat,"Once upon a time, there was a clever cat named Whiskers who loved to explore.",creative
Write a haiku about nature,"Cherry blossoms fall
Gentle breeze carries petals
Spring's fleeting beauty",creative
Describe a magical forest,"Ancient trees with silver bark stretch toward starlit skies, while glowing mushrooms light the winding paths.",creative
Write a short story about a cat,"Once upon a time, there was a clever cat named Whiskers who loved to explore.",creative
Write a haiku about nature,"Cherry blossoms fall
Gentle breeze carries petals
Spring's fleeting beauty",creative
Describe a magical forest,"Ancient trees with silver bark stretch toward starlit skies, while glowing mushrooms light the winding paths.",creative
Write a short story about a cat,"Once upon a time, there was a clever cat named Whiskers who loved to explore.",creative
Write a haiku about nature,"Cherry blossoms fall
Gentle breeze carries petals
Spring's fleeting beauty",creative
Describe a magical forest,"Ancient trees with silver bark stretch toward starlit skies, while glowing mushrooms light the winding paths.",creative
Write a short story about a cat,"Once upon a time, there was a clever cat named Whiskers who loved to explore.",creative
Write a haiku about nature,"Cherry blossoms fall
Gentle breeze carries petals
Spring's fleeting beauty",creative
Describe a magical forest,"Ancient trees with silver bark stretch toward starlit skies, while glowing mushrooms light the winding paths.",creative
Write a short story about a cat,"Once upon a time, there was a clever cat named Whiskers who loved to explore.",creative
Write a haiku about nature,"Cherry blossoms fall
Gentle breeze carries petals
Spring's fleeting beauty",creative
Describe a magical forest,"Ancient trees with silver bark stretch toward starlit skies, while glowing mushrooms light the winding paths.",creative
Write a short story about a cat,"Once upon a time, there was a clever cat named Whiskers who loved to explore.",creative
Write a haiku about nature,"Cherry blossoms fall
Gentle breeze carries petals
Spring's fleeting beauty",creative
Describe a magical forest,"Ancient trees with silver bark stretch toward starlit skies, while glowing mushrooms light the winding paths.",creative
Write a short story about a cat,"Once upon a time, there was a clever cat named Whiskers who loved to explore.",creative
Write a haiku about nature,"Cherry blossoms fall
Gentle breeze carries petals
Spring's fleeting beauty",creative
Describe a magical forest,"Ancient trees with silver bark stretch toward starlit skies, while glowing mushrooms light the winding paths.",creative
Write a short story about a cat,"Once upon a time, there was a clever cat named Whiskers who loved to explore.",creative
Write a haiku about nature,"Cherry blossoms fall
Gentle breeze carries petals
Spring's fleeting beauty",creative
Describe a magical forest,"Ancient trees with silver bark stretch toward starlit skies, while glowing mushrooms light the winding paths.",creative
Write a short story about a cat,"Once upon a time, there was a clever cat named Whiskers who loved to explore.",creative
Write a haiku about nature,"Cherry blossoms fall
Gentle breeze carries petals
Spring's fleeting beauty",creative
Describe a magical forest,"Ancient trees with silver bark stretch toward starlit skies, while glowing mushrooms light the winding paths.",creative
Write a short story about a cat,"Once upon a time, there was a clever cat named Whiskers who loved to explore.",creative
Write a haiku about nature,"Cherry blossoms fall
Gentle breeze carries petals
Spring's fleeting beauty",creative
Describe a magical forest,"Ancient trees with silver bark stretch toward starlit skies, while glowing mushrooms light the winding paths.",creative
Write a short story about a cat,"Once upon a time, there was a clever cat named Whiskers who loved to explore.",creative
Write a haiku about nature,"Cherry blossoms fall
Gentle breeze carries petals
Spring's fleeting beauty",creative
Describe a magical forest,"Ancient trees with silver bark stretch toward starlit skies, while glowing mushrooms light the winding paths.",creative
Write a short story about a cat,"Once upon a time, there was a clever cat named Whiskers who loved to explore.",creative
Write a haiku about nature,"Cherry blossoms fall
Gentle breeze carries petals
Spring's fleeting beauty",creative
Describe a magical forest,"Ancient trees with silver bark stretch toward starlit skies, while glowing mushrooms light the winding paths.",creative
Write a short story about a cat,"Once upon a time, there was a clever cat named Whiskers who loved to explore.",creative
Write a haiku about nature,"Cherry blossoms fall
Gentle breeze carries petals
Spring's fleeting beauty",creative
Describe a magical forest,"Ancient trees with silver bark stretch toward starlit skies, while glowing mushrooms light the winding paths.",creative
Write a short story about a cat,"Once upon a time, there was a clever cat named Whiskers who loved to explore.",creative
Write a haiku about nature,"Cherry blossoms fall
Gentle breeze carries petals
Spring's fleeting beauty",creative
Describe a magical forest,"Ancient trees with silver bark stretch toward starlit skies, while glowing mushrooms light the winding paths.",creative
Write a short story about a cat,"Once upon a time, there was a clever cat named Whiskers who loved to explore.",creative
Write a haiku about nature,"Cherry blossoms fall
Gentle breeze carries petals
Spring's fleeting beauty",creative
Describe a magical forest,"Ancient trees with silver bark stretch toward starlit skies, while glowing mushrooms light the winding paths.",creative
Write a short story about a cat,"Once upon a time, there was a clever cat named Whiskers who loved to explore.",creative
Write a haiku about nature,"Cherry blossoms fall
Gentle breeze carries petals
Spring's fleeting beauty",creative
Describe a magical forest,"Ancient trees with silver bark stretch toward starlit skies, while glowing mushrooms light the winding paths.",creative
Write a short story about a cat,"Once upon a time, there was a clever cat named Whiskers who loved to explore.",creative
Write a haiku about nature,"Cherry blossoms fall
Gentle breeze carries petals
Spring's fleeting beauty",creative
Describe a magical forest,"Ancient trees with silver bark stretch toward starlit skies, while glowing mushrooms light the winding paths.",creative
Write a short story about a cat,"Once upon a time, there was a clever cat named Whiskers who loved to explore.",creative
Write a haiku about nature,"Cherry blossoms fall
Gentle breeze carries petals
Spring's fleeting beauty",creative
Describe a magical forest,"Ancient trees with silver bark stretch toward starlit skies, while glowing mushrooms light the winding paths.",creative
Write a short story about a cat,"Once upon a time, there was a clever cat named Whiskers who loved to explore.",creative
Write a haiku about nature,"Cherry blossoms fall
Gentle breeze carries petals
Spring's fleeting beauty",creative
Describe a magical forest,"Ancient trees with silver bark stretch toward starlit skies, while glowing mushrooms light the winding paths.",creative
Write a short story about a cat,"Once upon a time, there was a clever cat named Whiskers who loved to explore.",creative
Write a haiku about nature,"Cherry blossoms fall
Gentle breeze carries petals
Spring's fleeting beauty",creative
Describe a magical forest,"Ancient trees with silver bark stretch toward starlit skies, while glowing mushrooms light the winding paths.",creative
Write a short story about a cat,"Once upon a time, there was a clever cat named Whiskers who loved to explore.",creative
Write a haiku about nature,"Cherry blossoms fall
Gentle breeze carries petals
Spring's fleeting beauty",creative
Describe a magical forest,"Ancient trees with silver bark stretch toward starlit skies, while glowing mushrooms light the winding paths.",creative
Write a short story about a cat,"Once upon a time, there was a clever cat named Whiskers who loved to explore.",creative
Write a haiku about nature,"Cherry blossoms fall
Gentle breeze carries petals
Spring's fleeting beauty",creative
Describe a magical forest,"Ancient trees with silver bark stretch toward starlit skies, while glowing mushrooms light the winding paths.",creative
Write a short story about a cat,"Once upon a time, there was a clever cat named Whiskers who loved to explore.",creative
Write a haiku about nature,"Cherry blossoms fall
Gentle breeze carries petals
Spring's fleeting beauty",creative
Describe a magical forest,"Ancient trees with silver bark stretch toward starlit skies, while glowing mushrooms light the winding paths.",creative
Write a short story about a cat,"Once upon a time, there was a clever cat named Whiskers who loved to explore.",creative
Write a haiku about nature,"Cherry blossoms fall
Gentle breeze carries petals
Spring's fleeting beauty",creative
Describe a magical forest,"Ancient trees with silver bark stretch toward starlit skies, while glowing mushrooms light the winding paths.",creative
Write a short story about a cat,"Once upon a time, there was a clever cat named Whiskers who loved to explore.",creative
Write a haiku about nature,"Cherry blossoms fall
Gentle breeze carries petals
Spring's fleeting beauty",creative
Describe a magical forest,"Ancient trees with silver bark stretch toward starlit skies, while glowing mushrooms light the winding paths.",creative
Write a short story about a cat,"Once upon a time, there was a clever cat named Whiskers who loved to explore.",creative
Write a haiku about nature,"Cherry blossoms fall
Gentle breeze carries petals
Spring's fleeting beauty",creative
Describe a magical forest,"Ancient trees with silver bark stretch toward starlit skies, while glowing mushrooms light the winding paths.",creative
Write a short story about a cat,"Once upon a time, there was a clever cat named Whiskers who loved to explore.",creative
Write a haiku about nature,"Cherry blossoms fall
Gentle breeze carries petals
Spring's fleeting beauty",creative
Describe a magical forest,"Ancient trees with silver bark stretch toward starlit skies, while glowing mushrooms light the winding paths.",creative
Write a short story about a cat,"Once upon a time, there was a clever cat named Whiskers who loved to explore.",creative
Write a haiku about nature,"Cherry blossoms fall
Gentle breeze carries petals
Spring's fleeting beauty",creative
Describe a magical forest,"Ancient trees with silver bark stretch toward starlit skies, while glowing mushrooms light the winding paths.",creative
Write a short story about a cat,"Once upon a time, there was a clever cat named Whiskers who loved to explore.",creative
Write a haiku about nature,"Cherry blossoms fall
Gentle breeze carries petals
Spring's fleeting beauty",creative
Describe a magical forest,"Ancient trees with silver bark stretch toward starlit skies, while glowing mushrooms light the winding paths.",creative
Write a short story about a cat,"Once upon a time, there was a clever cat named Whiskers who loved to explore.",creative
Write a haiku about nature,"Cherry blossoms fall
Gentle breeze carries petals
Spring's fleeting beauty",creative
Describe a magical forest,"Ancient trees with silver bark stretch toward starlit skies, while glowing mushrooms light the winding paths.",creative
Write a short story about a cat,"Once upon a time, there was a clever cat named Whiskers who loved to explore.",creative
Write a haiku about nature,"Cherry blossoms fall
Gentle breeze carries petals
Spring's fleeting beauty",creative
Describe a magical forest,"Ancient trees with silver bark stretch toward starlit skies, while glowing mushrooms light the winding paths.",creative
Write a short story about a cat,"Once upon a time, there was a clever cat named Whiskers who loved to explore.",creative
Write a haiku about nature,"Cherry blossoms fall
Gentle breeze carries petals
Spring's fleeting beauty",creative
Describe a magical forest,"Ancient trees with silver bark stretch toward starlit skies, while glowing mushrooms light the winding paths.",creative
Write a short story about a cat,"Once upon a time, there was a clever cat named Whiskers who loved to explore.",creative
Write a haiku about nature,"Cherry blossoms fall
Gentle breeze carries petals
Spring's fleeting beauty",creative
Describe a magical forest,"Ancient trees with silver bark stretch toward starlit skies, while glowing mushrooms light the winding paths.",creative
Write a short story about a cat,"Once upon a time, there was a clever cat named Whiskers who loved to explore.",creative
Write a haiku about nature,"Cherry blossoms fall
Gentle breeze carries petals
Spring's fleeting beauty",creative
Describe a magical forest,"Ancient trees with silver bark stretch toward starlit skies, while glowing mushrooms light the winding paths.",creative
Write a short story about a cat,"Once upon a time, there was a clever cat named Whiskers who loved to explore.",creative
Write a haiku about nature,"Cherry blossoms fall
Gentle breeze carries petals
Spring's fleeting beauty",creative
Describe a magical forest,"Ancient trees with silver bark stretch toward starlit skies, while glowing mushrooms light the winding paths.",creative
Write a short story about a cat,"Once upon a time, there was a clever cat named Whiskers who loved to explore.",creative
Write a haiku about nature,"Cherry blossoms fall
Gentle breeze carries petals
Spring's fleeting beauty",creative
Describe a magical forest,"Ancient trees with silver bark stretch toward starlit skies, while glowing mushrooms light the winding paths.",creative
Write a short story about a cat,"Once upon a time, there was a clever cat named Whiskers who loved to explore.",creative
Write a haiku about nature,"Cherry blossoms fall
Gentle breeze carries petals
Spring's fleeting beauty",creative
Describe a magical forest,"Ancient trees with silver bark stretch toward starlit skies, while glowing mushrooms light the winding paths.",creative
Write a short story about a cat,"Once upon a time, there was a clever cat named Whiskers who loved to explore.",creative
Write a haiku about nature,"Cherry blossoms fall
Gentle breeze carries petals
Spring's fleeting beauty",creative
Describe a magical forest,"Ancient trees with silver bark stretch toward starlit skies, while glowing mushrooms light the winding paths.",creative
Write a short story about a cat,"Once upon a time, there was a clever cat named Whiskers who loved to explore.",creative
Write a haiku about nature,"Cherry blossoms fall
Gentle breeze carries petals
Spring's fleeting beauty",creative
Describe a magical forest,"Ancient trees with silver bark stretch toward starlit skies, while glowing mushrooms light the winding paths.",creative
Write a short story about a cat,"Once upon a time, there was a clever cat named Whiskers who loved to explore.",creative
Write a haiku about nature,"Cherry blossoms fall
Gentle breeze carries petals
Spring's fleeting beauty",creative
Describe a magical forest,"Ancient trees with silver bark stretch toward starlit skies, while glowing mushrooms light the winding paths.",creative
Write a short story about a cat,"Once upon a time, there was a clever cat named Whiskers who loved to explore.",creative
Write a haiku about nature,"Cherry blossoms fall
Gentle breeze carries petals
Spring's fleeting beauty",creative
Describe a magical forest,"Ancient trees with silver bark stretch toward starlit skies, while glowing mushrooms light the winding paths.",creative
Write a short story about a cat,"Once upon a time, there was a clever cat named Whiskers who loved to explore.",creative
Write a haiku about nature,"Cherry blossoms fall
Gentle breeze carries petals
Spring's fleeting beauty",creative
Describe a magical forest,"Ancient trees with silver bark stretch toward starlit skies, while glowing mushrooms light the winding paths.",creative
Write a short story about a cat,"Once upon a time, there was a clever cat named Whiskers who loved to explore.",creative
Write a haiku about nature,"Cherry blossoms fall
Gentle breeze carries petals
Spring's fleeting beauty",creative
Describe a magical forest,"Ancient trees with silver bark stretch toward starlit skies, while glowing mushrooms light the winding paths.",creative
Write a short story about a cat,"Once upon a time, there was a clever cat named Whiskers who loved to explore.",creative
Write a haiku about nature,"Cherry blossoms fall
Gentle breeze carries petals
Spring's fleeting beauty",creative
Describe a magical forest,"Ancient trees with silver bark stretch toward starlit skies, while glowing mushrooms light the winding paths.",creative
Write a short story about a cat,"Once upon a time, there was a clever cat named Whiskers who loved to explore.",creative
Write a haiku about nature,"Cherry blossoms fall
Gentle breeze carries petals
Spring's fleeting beauty",creative
Describe a magical forest,"Ancient trees with silver bark stretch toward starlit skies, while glowing mushrooms light the winding paths.",creative
Write a short story about a cat,"Once upon a time, there was a clever cat named Whiskers who loved to explore.",creative
Write a haiku about nature,"Cherry blossoms fall
Gentle breeze carries petals
Spring's fleeting beauty",creative
Describe a magical forest,"Ancient trees with silver bark stretch toward starlit skies, while glowing mushrooms light the winding paths.",creative
Write a short story about a cat,"Once upon a time, there was a clever cat named Whiskers who loved to explore.",creative
Write a haiku about nature,"Cherry blossoms fall
Gentle breeze carries petals
Spring's fleeting beauty",creative
Describe a magical forest,"Ancient trees with silver bark stretch toward starlit skies, while glowing mushrooms light the winding paths.",creative
Write a short story about a cat,"Once upon a time, there was a clever cat named Whiskers who loved to explore.",creative
Write a haiku about nature,"Cherry blossoms fall
Gentle breeze carries petals
Spring's fleeting beauty",creative
Describe a magical forest,"Ancient trees with silver bark stretch toward starlit skies, while glowing mushrooms light the winding paths.",creative
Write a short story about a cat,"Once upon a time, there was a clever cat named Whiskers who loved to explore.",creative
Write a haiku about nature,"Cherry blossoms fall
Gentle breeze carries petals
Spring's fleeting beauty",creative
Describe a magical forest,"Ancient trees with silver bark stretch toward starlit skies, while glowing mushrooms light the winding paths.",creative
Write a short story about a cat,"Once upon a time, there was a clever cat named Whiskers who loved to explore.",creative
Write a haiku about nature,"Cherry blossoms fall
Gentle breeze carries petals
Spring's fleeting beauty",creative
Describe a magical forest,"Ancient trees with silver bark stretch toward starlit skies, while glowing mushrooms light the winding paths.",creative
Write a short story about a cat,"Once upon a time, there was a clever cat named Whiskers who loved to explore.",creative
Write a haiku about nature,"Cherry blossoms fall
Gentle breeze carries petals
Spring's fleeting beauty",creative
Describe a magical forest,"Ancient trees with silver bark stretch toward starlit skies, while glowing mushrooms light the winding paths.",creative
Write a short story about a cat,"Once upon a time, there was a clever cat named Whiskers who loved to explore.",creative
Write a haiku about nature,"Cherry blossoms fall
Gentle breeze carries petals
Spring's fleeting beauty",creative
Describe a magical forest,"Ancient trees with silver bark stretch toward starlit skies, while glowing mushrooms light the winding paths.",creative
Write a short story about a cat,"Once upon a time, there was a clever cat named Whiskers who loved to explore.",creative
Write a haiku about nature,"Cherry blossoms fall
Gentle breeze carries petals
Spring's fleeting beauty",creative
Describe a magical forest,"Ancient trees with silver bark stretch toward starlit skies, while glowing mushrooms light the winding paths.",creative
Write a short story about a cat,"Once upon a time, there was a clever cat named Whiskers who loved to explore.",creative
Write a haiku about nature,"Cherry blossoms fall
Gentle breeze carries petals
Spring's fleeting beauty",creative
Describe a magical forest,"Ancient trees with silver bark stretch toward starlit skies, while glowing mushrooms light the winding paths.",creative
Write a short story about a cat,"Once upon a time, there was a clever cat named Whiskers who loved to explore.",creative
Write a haiku about nature,"Cherry blossoms fall
Gentle breeze carries petals
Spring's fleeting beauty",creative
Describe a magical forest,"Ancient trees with silver bark stretch toward starlit skies, while glowing mushrooms light the winding paths.",creative
Write a short story about a cat,"Once upon a time, there was a clever cat named Whiskers who loved to explore.",creative
Write a haiku about nature,"Cherry blossoms fall
Gentle breeze carries petals
Spring's fleeting beauty",creative
Describe a magical forest,"Ancient trees with silver bark stretch toward starlit skies, while glowing mushrooms light the winding paths.",creative
Write a short story about a cat,"Once upon a time, there was a clever cat named Whiskers who loved to explore.",creative
Write a haiku about nature,"Cherry blossoms fall
Gentle breeze carries petals
Spring's fleeting beauty",creative
Describe a magical forest,"Ancient trees with silver bark stretch toward starlit skies, while glowing mushrooms light the winding paths.",creative
Write a short story about a cat,"Once upon a time, there was a clever cat named Whiskers who loved to explore.",creative
Write a haiku about nature,"Cherry blossoms fall
Gentle breeze carries petals
Spring's fleeting beauty",creative
Describe a magical forest,"Ancient trees with silver bark stretch toward starlit skies, while glowing mushrooms light the winding paths.",creative
Write a short story about a cat,"Once upon a time, there was a clever cat named Whiskers who loved to explore.",creative
Write a haiku about nature,"Cherry blossoms fall
Gentle breeze carries petals
Spring's fleeting beauty",creative
Describe a magical forest,"Ancient trees with silver bark stretch toward starlit skies, while glowing mushrooms light the winding paths.",creative
Write a short story about a cat,"Once upon a time, there was a clever cat named Whiskers who loved to explore.",creative
Write a haiku about nature,"Cherry blossoms fall
Gentle breeze carries petals
Spring's fleeting beauty",creative
Describe a magical forest,"Ancient trees with silver bark stretch toward starlit skies, while glowing mushrooms light the winding paths.",creative
Write a short story about a cat,"Once upon a time, there was a clever cat named Whiskers who loved to explore.",creative
Write a haiku about nature,"Cherry blossoms fall
Gentle breeze carries petals
Spring's fleeting beauty",creative
Describe a magical forest,"Ancient trees with silver bark stretch toward starlit skies, while glowing mushrooms light the winding paths.",creative
Write a short story about a cat,"Once upon a time, there was a clever cat named Whiskers who loved to explore.",creative
Write a haiku about nature,"Cherry blossoms fall
Gentle breeze carries petals
Spring's fleeting beauty",creative
Describe a magical forest,"Ancient trees with silver bark stretch toward starlit skies, while glowing mushrooms light the winding paths.",creative
Write a short story about a cat,"Once upon a time, there was a clever cat named Whiskers who loved to explore.",creative
Write a haiku about nature,"Cherry blossoms fall
Gentle breeze carries petals
Spring's fleeting beauty",creative
Describe a magical forest,"Ancient trees with silver bark stretch toward starlit skies, while glowing mushrooms light the winding paths.",creative
Write a short story about a cat,"Once upon a time, there was a clever cat named Whiskers who loved to explore.",creative
Write a haiku about nature,"Cherry blossoms fall
Gentle breeze carries petals
Spring's fleeting beauty",creative
Describe a magical forest,"Ancient trees with silver bark stretch toward starlit skies, while glowing mushrooms light the winding paths.",creative
Write a short story about a cat,"Once upon a time, there was a clever cat named Whiskers who loved to explore.",creative
Write a haiku about nature,"Cherry blossoms fall
Gentle breeze carries petals
Spring's fleeting beauty",creative
Describe a magical forest,"Ancient trees with silver bark stretch toward starlit skies, while glowing mushrooms light the winding paths.",creative
Write a short story about a cat,"Once upon a time, there was a clever cat named Whiskers who loved to explore.",creative
Write a haiku about nature,"Cherry blossoms fall
Gentle breeze carries petals
Spring's fleeting beauty",creative
Describe a magical forest,"Ancient trees with silver bark stretch toward starlit skies, while glowing mushrooms light the winding paths.",creative
Write a short story about a cat,"Once upon a time, there was a clever cat named Whiskers who loved to explore.",creative
Write a haiku about nature,"Cherry blossoms fall
Gentle breeze carries petals
Spring's fleeting beauty",creative
Describe a magical forest,"Ancient trees with silver bark stretch toward starlit skies, while glowing mushrooms light the winding paths.",creative
Write a short story about a cat,"Once upon a time, there was a clever cat named Whiskers who loved to explore.",creative
Write a haiku about nature,"Cherry blossoms fall
Gentle breeze carries petals
Spring's fleeting beauty",creative
Describe a magical forest,"Ancient trees with silver bark stretch toward starlit skies, while glowing mushrooms light the winding paths.",creative
Write a short story about a cat,"Once upon a time, there was a clever cat named Whiskers who loved to explore.",creative
Write a haiku about nature,"Cherry blossoms fall
Gentle breeze carries petals
Spring's fleeting beauty",creative
Describe a magical forest,"Ancient trees with silver bark stretch toward starlit skies, while glowing mushrooms light the winding paths.",creative
Write a short story about a cat,"Once upon a time, there was a clever cat named Whiskers who loved to explore.",creative
Write a haiku about nature,"Cherry blossoms fall
Gentle breeze carries petals
Spring's fleeting beauty",creative
Describe a magical forest,"Ancient trees with silver bark stretch toward starlit skies, while glowing mushrooms light the winding paths.",creative
Write a short story about a cat,"Once upon a time, there was a clever cat named Whiskers who loved to explore.",creative
Write a haiku about nature,"Cherry blossoms fall
Gentle breeze carries petals
Spring's fleeting beauty",creative
Describe a magical forest,"Ancient trees with silver bark stretch toward starlit skies, while glowing mushrooms light the winding paths.",creative
Write a short story about a cat,"Once upon a time, there was a clever cat named Whiskers who loved to explore.",creative
Write a haiku about nature,"Cherry blossoms fall
Gentle breeze carries petals
Spring's fleeting beauty",creative
Describe a magical forest,"Ancient trees with silver bark stretch toward starlit skies, while glowing mushrooms light the winding paths.",creative
Write a short story about a cat,"Once upon a time, there was a clever cat named Whiskers who loved to explore.",creative
Write a haiku about nature,"Cherry blossoms fall
Gentle breeze carries petals
Spring's fleeting beauty",creative
Describe a magical forest,"Ancient trees with silver bark stretch toward starlit skies, while glowing mushrooms light the winding paths.",creative
Write a short story about a cat,"Once upon a time, there was a clever cat named Whiskers who loved to explore.",creative
Write a haiku about nature,"Cherry blossoms fall
Gentle breeze carries petals
Spring's fleeting beauty",creative
Describe a magical forest,"Ancient trees with silver bark stretch toward starlit skies, while glowing mushrooms light the winding paths.",creative
Write a short story about a cat,"Once upon a time, there was a clever cat named Whiskers who loved to explore.",creative
Write a haiku about nature,"Cherry blossoms fall
Gentle breeze carries petals
Spring's fleeting beauty",creative
Describe a magical forest,"Ancient trees with silver bark stretch toward starlit skies, while glowing mushrooms light the winding paths.",creative
Write a short story about a cat,"Once upon a time, there was a clever cat named Whiskers who loved to explore.",creative
Write a haiku about nature,"Cherry blossoms fall
Gentle breeze carries petals
Spring's fleeting beauty",creative
Describe a magical forest,"Ancient trees with silver bark stretch toward starlit skies, while glowing mushrooms light the winding paths.",creative
Write a short story about a cat,"Once upon a time, there was a clever cat named Whiskers who loved to explore.",creative
Write a haiku about nature,"Cherry blossoms fall
Gentle breeze carries petals
Spring's fleeting beauty",creative
Describe a magical forest,"Ancient trees with silver bark stretch toward starlit skies, while glowing mushrooms light the winding paths.",creative
Write a short story about a cat,"Once upon a time, there was a clever cat named Whiskers who loved to explore.",creative
Write a haiku about nature,"Cherry blossoms fall
Gentle breeze carries petals
Spring's fleeting beauty",creative
Describe a magical forest,"Ancient trees with silver bark stretch toward starlit skies, while glowing mushrooms light the winding paths.",creative
Write a short story about a cat,"Once upon a time, there was a clever cat named Whiskers who loved to explore.",creative
Write a haiku about nature,"Cherry blossoms fall
Gentle breeze carries petals
Spring's fleeting beauty",creative
Describe a magical forest,"Ancient trees with silver bark stretch toward starlit skies, while glowing mushrooms light the winding paths.",creative
Write a short story about a cat,"Once upon a time, there was a clever cat named Whiskers who loved to explore.",creative
Write a haiku about nature,"Cherry blossoms fall
Gentle breeze carries petals
Spring's fleeting beauty",creative
Describe a magical forest,"Ancient trees with silver bark stretch toward starlit skies, while glowing mushrooms light the winding paths.",creative
Write a short story about a cat,"Once upon a time, there was a clever cat named Whiskers who loved to explore.",creative
Write a haiku about nature,"Cherry blossoms fall
Gentle breeze carries petals
Spring's fleeting beauty",creative
Describe a magical forest,"Ancient trees with silver bark stretch toward starlit skies, while glowing mushrooms light the winding paths.",creative
Write a short story about a cat,"Once upon a time, there was a clever cat named Whiskers who loved to explore.",creative
Write a haiku about nature,"Cherry blossoms fall
Gentle breeze carries petals
Spring's fleeting beauty",creative
Describe a magical forest,"Ancient trees with silver bark stretch toward starlit skies, while glowing mushrooms light the winding paths.",creative
Write a short story about a cat,"Once upon a time, there was a clever cat named Whiskers who loved to explore.",creative
Write a haiku about nature,"Cherry blossoms fall
Gentle breeze carries petals
Spring's fleeting beauty",creative
Describe a magical forest,"Ancient trees with silver bark stretch toward starlit skies, while glowing mushrooms light the winding paths.",creative
Write a short story about a cat,"Once upon a time, there was a clever cat named Whiskers who loved to explore.",creative
Write a haiku about nature,"Cherry blossoms fall
Gentle breeze carries petals
Spring's fleeting beauty",creative
Describe a magical forest,"Ancient trees with silver bark stretch toward starlit skies, while glowing mushrooms light the winding paths.",creative
Write a short story about a cat,"Once upon a time, there was a clever cat named Whiskers who loved to explore.",creative
Write a haiku about nature,"Cherry blossoms fall
Gentle breeze carries petals
Spring's fleeting beauty",creative
Describe a magical forest,"Ancient trees with silver bark stretch toward starlit skies, while glowing mushrooms light the winding paths.",creative
Write a short story about a cat,"Once upon a time, there was a clever cat named Whiskers who loved to explore.",creative
Write a haiku about nature,"Cherry blossoms fall
Gentle breeze carries petals
Spring's fleeting beauty",creative
Describe a magical forest,"Ancient trees with silver bark stretch toward starlit skies, while glowing mushrooms light the winding paths.",creative
Write a short story about a cat,"Once upon a time, there was a clever cat named Whiskers who loved to explore.",creative
Write a haiku about nature,"Cherry blossoms fall
Gentle breeze carries petals
Spring's fleeting beauty",creative
Describe a magical forest,"Ancient trees with silver bark stretch toward starlit skies, while glowing mushrooms light the winding paths.",creative
Write a short story about a cat,"Once upon a time, there was a clever cat named Whiskers who loved to explore.",creative
Write a haiku about nature,"Cherry blossoms fall
Gentle breeze carries petals
Spring's fleeting beauty",creative
Describe a magical forest,"Ancient trees with silver bark stretch toward starlit skies, while glowing mushrooms light the winding paths.",creative
Write a short story about a cat,"Once upon a time, there was a clever cat named Whiskers who loved to explore.",creative
Write a haiku about nature,"Cherry blossoms fall
Gentle breeze carries petals
Spring's fleeting beauty",creative
Describe a magical forest,"Ancient trees with silver bark stretch toward starlit skies, while glowing mushrooms light the winding paths.",creative
Write a short story about a cat,"Once upon a time, there was a clever cat named Whiskers who loved to explore.",creative
Write a haiku about nature,"Cherry blossoms fall
Gentle breeze carries petals
Spring's fleeting beauty",creative
Describe a magical forest,"Ancient trees with silver bark stretch toward starlit skies, while glowing mushrooms light the winding paths.",creative
Write a short story about a cat,"Once upon a time, there was a clever cat named Whiskers who loved to explore.",creative
Write a haiku about nature,"Cherry blossoms fall
Gentle breeze carries petals
Spring's fleeting beauty",creative
Describe a magical forest,"Ancient trees with silver bark stretch toward starlit skies, while glowing mushrooms light the winding paths.",creative
Write a short story about a cat,"Once upon a time, there was a clever cat named Whiskers who loved to explore.",creative
Write a haiku about nature,"Cherry blossoms fall
Gentle breeze carries petals
Spring's fleeting beauty",creative
Describe a magical forest,"Ancient trees with silver bark stretch toward starlit skies, while glowing mushrooms light the winding paths.",creative
Write a short story about a cat,"Once upon a time, there was a clever cat named Whiskers who loved to explore.",creative
Write a haiku about nature,"Cherry blossoms fall
Gentle breeze carries petals
Spring's fleeting beauty",creative
Describe a magical forest,"Ancient trees with silver bark stretch toward starlit skies, while glowing mushrooms light the winding paths.",creative
Write a short story about a cat,"Once upon a time, there was a clever cat named Whiskers who loved to explore.",creative
Write a haiku about nature,"Cherry blossoms fall
Gentle breeze carries petals
Spring's fleeting beauty",creative
Describe a magical forest,"Ancient trees with silver bark stretch toward starlit skies, while glowing mushrooms light the winding paths.",creative
Write a short story about a cat,"Once upon a time, there was a clever cat named Whiskers who loved to explore.",creative
Write a haiku about nature,"Cherry blossoms fall
Gentle breeze carries petals
Spring's fleeting beauty",creative
Describe a magical forest,"Ancient trees with silver bark stretch toward starlit skies, while glowing mushrooms light the winding paths.",creative
Write a short story about a cat,"Once upon a time, there was a clever cat named Whiskers who loved to explore.",creative
Write a haiku about nature,"Cherry blossoms fall
Gentle breeze carries petals
Spring's fleeting beauty",creative
Describe a magical forest,"Ancient trees with silver bark stretch toward starlit skies, while glowing mushrooms light the winding paths.",creative
Write a short story about a cat,"Once upon a time, there was a clever cat named Whiskers who loved to explore.",creative
Write a haiku about nature,"Cherry blossoms fall
Gentle breeze carries petals
Spring's fleeting beauty",creative
Describe a magical forest,"Ancient trees with silver bark stretch toward starlit skies, while glowing mushrooms light the winding paths.",creative
Write a short story about a cat,"Once upon a time, there was a clever cat named Whiskers who loved to explore.",creative
Write a haiku about nature,"Cherry blossoms fall
Gentle breeze carries petals
Spring's fleeting beauty",creative
Describe a magical forest,"Ancient trees with silver bark stretch toward starlit skies, while glowing mushrooms light the winding paths.",creative
Write a short story about a cat,"Once upon a time, there was a clever cat named Whiskers who loved to explore.",creative
Write a haiku about nature,"Cherry blossoms fall
Gentle breeze carries petals
Spring's fleeting beauty",creative
Describe a magical forest,"Ancient trees with silver bark stretch toward starlit skies, while glowing mushrooms light the winding paths.",creative
Write a short story about a cat,"Once upon a time, there was a clever cat named Whiskers who loved to explore.",creative
Write a haiku about nature,"Cherry blossoms fall
Gentle breeze carries petals
Spring's fleeting beauty",creative
Describe a magical forest,"Ancient trees with silver bark stretch toward starlit skies, while glowing mushrooms light the winding paths.",creative
Write a short story about a cat,"Once upon a time, there was a clever cat named Whiskers who loved to explore.",creative
Write a haiku about nature,"Cherry blossoms fall
Gentle breeze carries petals
Spring's fleeting beauty",creative
Describe a magical forest,"Ancient trees with silver bark stretch toward starlit skies, while glowing mushrooms light the winding paths.",creative
Write a short story about a cat,"Once upon a time, there was a clever cat named Whiskers who loved to explore.",creative
Write a haiku about nature,"Cherry blossoms fall
Gentle breeze carries petals
Spring's fleeting beauty",creative
Describe a magical forest,"Ancient trees with silver bark stretch toward starlit skies, while glowing mushrooms light the winding paths.",creative
Write a short story about a cat,"Once upon a time, there was a clever cat named Whiskers who loved to explore.",creative
Write a haiku about nature,"Cherry blossoms fall
Gentle breeze carries petals
Spring's fleeting beauty",creative
Describe a magical forest,"Ancient trees with silver bark stretch toward starlit skies, while glowing mushrooms light the winding paths.",creative
Write a short story about a cat,"Once upon a time, there was a clever cat named Whiskers who loved to explore.",creative
Write a haiku about nature,"Cherry blossoms fall
Gentle breeze carries petals
Spring's fleeting beauty",creative
Describe a magical forest,"Ancient trees with silver bark stretch toward starlit skies, while glowing mushrooms light the winding paths.",creative
Write a short story about a cat,"Once upon a time, there was a clever cat named Whiskers who loved to explore.",creative
Write a haiku about nature,"Cherry blossoms fall
Gentle breeze carries petals
Spring's fleeting beauty",creative
Describe a magical forest,"Ancient trees with silver bark stretch toward starlit skies, while glowing mushrooms light the winding paths.",creative
Write a short story about a cat,"Once upon a time, there was a clever cat named Whiskers who loved to explore.",creative
Write a haiku about nature,"Cherry blossoms fall
Gentle breeze carries petals
Spring's fleeting beauty",creative
Describe a magical forest,"Ancient trees with silver bark stretch toward starlit skies, while glowing mushrooms light the winding paths.",creative
Write a short story about a cat,"Once upon a time, there was a clever cat named Whiskers who loved to explore.",creative
Write a haiku about nature,"Cherry blossoms fall
Gentle breeze carries petals
Spring's fleeting beauty",creative
Describe a magical forest,"Ancient trees with silver bark stretch toward starlit skies, while glowing mushrooms light the winding paths.",creative
Write a short story about a cat,"Once upon a time, there was a clever cat named Whiskers who loved to explore.",creative
Write a haiku about nature,"Cherry blossoms fall
Gentle breeze carries petals
Spring's fleeting beauty",creative
Describe a magical forest,"Ancient trees with silver bark stretch toward starlit skies, while glowing mushrooms light the winding paths.",creative
Write a short story about a cat,"Once upon a time, there was a clever cat named Whiskers who loved to explore.",creative
Write a haiku about nature,"Cherry blossoms fall
Gentle breeze carries petals
Spring's fleeting beauty",creative
Describe a magical forest,"Ancient trees with silver bark stretch toward starlit skies, while glowing mushrooms light the winding paths.",creative
Write a short story about a cat,"Once upon a time, there was a clever cat named Whiskers who loved to explore.",creative
Write a haiku about nature,"Cherry blossoms fall
Gentle breeze carries petals
Spring's fleeting beauty",creative
Describe a magical forest,"Ancient trees with silver bark stretch toward starlit skies, while glowing mushrooms light the winding paths.",creative
Write a short story about a cat,"Once upon a time, there was a clever cat named Whiskers who loved to explore.",creative
Write a haiku about nature,"Cherry blossoms fall
Gentle breeze carries petals
Spring's fleeting beauty",creative
Describe a magical forest,"Ancient trees with silver bark stretch toward starlit skies, while glowing mushrooms light the winding paths.",creative
Write a short story about a cat,"Once upon a time, there was a clever cat named Whiskers who loved to explore.",creative
Write a haiku about nature,"Cherry blossoms fall
Gentle breeze carries petals
Spring's fleeting beauty",creative
Describe a magical forest,"Ancient trees with silver bark stretch toward starlit skies, while glowing mushrooms light the winding paths.",creative
Write a short story about a cat,"Once upon a time, there was a clever cat named Whiskers who loved to explore.",creative
Write a haiku about nature,"Cherry blossoms fall
Gentle breeze carries petals
Spring's fleeting beauty",creative
Describe a magical forest,"Ancient trees with silver bark stretch toward starlit skies, while glowing mushrooms light the winding paths.",creative
Write a short story about a cat,"Once upon a time, there was a clever cat named Whiskers who loved to explore.",creative
Write a haiku about nature,"Cherry blossoms fall
Gentle breeze carries petals
Spring's fleeting beauty",creative
Describe a magical forest,"Ancient trees with silver bark stretch toward starlit skies, while glowing mushrooms light the winding paths.",creative
Write a short story about a cat,"Once upon a time, there was a clever cat named Whiskers who loved to explore.",creative
Write a haiku about nature,"Cherry blossoms fall
Gentle breeze carries petals
Spring's fleeting beauty",creative
Describe a magical forest,"Ancient trees with silver bark stretch toward starlit skies, while glowing mushrooms light the winding paths.",creative
Write a short story about a cat,"Once upon a time, there was a clever cat named Whiskers who loved to explore.",creative
Write a haiku about nature,"Cherry blossoms fall
Gentle breeze carries petals
Spring's fleeting beauty",creative
Describe a magical forest,"Ancient trees with silver bark stretch toward starlit skies, while glowing mushrooms light the winding paths.",creative
Write a short story about a cat,"Once upon a time, there was a clever cat named Whiskers who loved to explore.",creative
Write a haiku about nature,"Cherry blossoms fall
Gentle breeze carries petals
Spring's fleeting beauty",creative
Describe a magical forest,"Ancient trees with silver bark stretch toward starlit skies, while glowing mushrooms light the winding paths.",creative
Write a short story about a cat,"Once upon a time, there was a clever cat named Whiskers who loved to explore.",creative
Write a haiku about nature,"Cherry blossoms fall
Gentle breeze carries petals
Spring's fleeting beauty",creative
Describe a magical forest,"Ancient trees with silver bark stretch toward starlit skies, while glowing mushrooms light the winding paths.",creative
Write a short story about a cat,"Once upon a time, there was a clever cat named Whiskers who loved to explore.",creative
Write a haiku about nature,"Cherry blossoms fall
Gentle breeze carries petals
Spring's fleeting beauty",creative
Describe a magical forest,"Ancient trees with silver bark stretch toward starlit skies, while glowing mushrooms light the winding paths.",creative
Write a short story about a cat,"Once upon a time, there was a clever cat named Whiskers who loved to explore.",creative
Write a haiku about nature,"Cherry blossoms fall
Gentle breeze carries petals
Spring's fleeting beauty",creative
Describe a magical forest,"Ancient trees with silver bark stretch toward starlit skies, while glowing mushrooms light the winding paths.",creative
Write a short story about a cat,"Once upon a time, there was a clever cat named Whiskers who loved to explore.",creative
Write a haiku about nature,"Cherry blossoms fall
Gentle breeze carries petals
Spring's fleeting beauty",creative
Describe a magical forest,"Ancient trees with silver bark stretch toward starlit skies, while glowing mushrooms light the winding paths.",creative
Write a short story about a cat,"Once upon a time, there was a clever cat named Whiskers who loved to explore.",creative
Write a haiku about nature,"Cherry blossoms fall
Gentle breeze carries petals
Spring's fleeting beauty",creative
Describe a magical forest,"Ancient trees with silver bark stretch toward starlit skies, while glowing mushrooms light the winding paths.",creative
Write a short story about a cat,"Once upon a time, there was a clever cat named Whiskers who loved to explore.",creative
Write a haiku about nature,"Cherry blossoms fall
Gentle breeze carries petals
Spring's fleeting beauty",creative
Describe a magical forest,"Ancient trees with silver bark stretch toward starlit skies, while glowing mushrooms light the winding paths.",creative
Write a short story about a cat,"Once upon a time, there was a clever cat named Whiskers who loved to explore.",creative
Write a haiku about nature,"Cherry blossoms fall
Gentle breeze carries petals
Spring's fleeting beauty",creative
Describe a magical forest,"Ancient trees with silver bark stretch toward starlit skies, while glowing mushrooms light the winding paths.",creative
Write a short story about a cat,"Once upon a time, there was a clever cat named Whiskers who loved to explore.",creative
Write a haiku about nature,"Cherry blossoms fall
Gentle breeze carries petals
Spring's fleeting beauty",creative
Describe a magical forest,"Ancient trees with silver bark stretch toward starlit skies, while glowing mushrooms light the winding paths.",creative
Write a short story about a cat,"Once upon a time, there was a clever cat named Whiskers who loved to explore.",creative
Write a haiku about nature,"Cherry blossoms fall
Gentle breeze carries petals
Spring's fleeting beauty",creative
Describe a magical forest,"Ancient trees with silver bark stretch toward starlit skies, while glowing mushrooms light the winding paths.",creative
Write a short story about a cat,"Once upon a time, there was a clever cat named Whiskers who loved to explore.",creative
Write a haiku about nature,"Cherry blossoms fall
Gentle breeze carries petals
Spring's fleeting beauty",creative
Describe a magical forest,"Ancient trees with silver bark stretch toward starlit skies, while glowing mushrooms light the winding paths.",creative
Write a short story about a cat,"Once upon a time, there was a clever cat named Whiskers who loved to explore.",creative
Write a haiku about nature,"Cherry blossoms fall
Gentle breeze carries petals
Spring's fleeting beauty",creative
Describe a magical forest,"Ancient trees with silver bark stretch toward starlit skies, while glowing mushrooms light the winding paths.",creative
Write a short story about a cat,"Once upon a time, there was a clever cat named Whiskers who loved to explore.",creative
Write a haiku about nature,"Cherry blossoms fall
Gentle breeze carries petals
Spring's fleeting beauty",creative
Describe a magical forest,"Ancient trees with silver bark stretch toward starlit skies, while glowing mushrooms light the winding paths.",creative
Write a short story about a cat,"Once upon a time, there was a clever cat named Whiskers who loved to explore.",creative
Write a haiku about nature,"Cherry blossoms fall
Gentle breeze carries petals
Spring's fleeting beauty",creative
Describe a magical forest,"Ancient trees with silver bark stretch toward starlit skies, while glowing mushrooms light the winding paths.",creative
Write a short story about a cat,"Once upon a time, there was a clever cat named Whiskers who loved to explore.",creative
Write a haiku about nature,"Cherry blossoms fall
Gentle breeze carries petals
Spring's fleeting beauty",creative
Describe a magical forest,"Ancient trees with silver bark stretch toward starlit skies, while glowing mushrooms light the winding paths.",creative
Write a short story about a cat,"Once upon a time, there was a clever cat named Whiskers who loved to explore.",creative
Write a haiku about nature,"Cherry blossoms fall
Gentle breeze carries petals
Spring's fleeting beauty",creative
Describe a magical forest,"Ancient trees with silver bark stretch toward starlit skies, while glowing mushrooms light the winding paths.",creative
Write a short story about a cat,"Once upon a time, there was a clever cat named Whiskers who loved to explore.",creative
Write a haiku about nature,"Cherry blossoms fall
Gentle breeze carries petals
Spring's fleeting beauty",creative
Describe a magical forest,"Ancient trees with silver bark stretch toward starlit skies, while glowing mushrooms light the winding paths.",creative
Write a short story about a cat,"Once upon a time, there was a clever cat named Whiskers who loved to explore.",creative
Write a haiku about nature,"Cherry blossoms fall
Gentle breeze carries petals
Spring's fleeting beauty",creative
Describe a magical forest,"Ancient trees with silver bark stretch toward starlit skies, while glowing mushrooms light the winding paths.",creative
Write a short story about a cat,"Once upon a time, there was a clever cat named Whiskers who loved to explore.",creative
Write a haiku about nature,"Cherry blossoms fall
Gentle breeze carries petals
Spring's fleeting beauty",creative
Describe a magical forest,"Ancient trees with silver bark stretch toward starlit skies, while glowing mushrooms light the winding paths.",creative
Write a short story about a cat,"Once upon a time, there was a clever cat named Whiskers who loved to explore.",creative
Write a haiku about nature,"Cherry blossoms fall
Gentle breeze carries petals
Spring's fleeting beauty",creative
Describe a magical forest,"Ancient trees with silver bark stretch toward starlit skies, while glowing mushrooms light the winding paths.",creative
Write a short story about a cat,"Once upon a time, there was a clever cat named Whiskers who loved to explore.",creative
Write a haiku about nature,"Cherry blossoms fall
Gentle breeze carries petals
Spring's fleeting beauty",creative
Describe a magical forest,"Ancient trees with silver bark stretch toward starlit skies, while glowing mushrooms light the winding paths.",creative
Write a short story about a cat,"Once upon a time, there was a clever cat named Whiskers who loved to explore.",creative
Write a haiku about nature,"Cherry blossoms fall
Gentle breeze carries petals
Spring's fleeting beauty",creative
Describe a magical forest,"Ancient trees with silver bark stretch toward starlit skies, while glowing mushrooms light the winding paths.",creative
Write a short story about a cat,"Once upon a time, there was a clever cat named Whiskers who loved to explore.",creative
Write a haiku about nature,"Cherry blossoms fall
Gentle breeze carries petals
Spring's fleeting beauty",creative
Describe a magical forest,"Ancient trees with silver bark stretch toward starlit skies, while glowing mushrooms light the winding paths.",creative
Write a short story about a cat,"Once upon a time, there was a clever cat named Whiskers who loved to explore.",creative
Write a haiku about nature,"Cherry blossoms fall
Gentle breeze carries petals
Spring's fleeting beauty",creative
Describe a magical forest,"Ancient trees with silver bark stretch toward starlit skies, while glowing mushrooms light the winding paths.",creative
Write a short story about a cat,"Once upon a time, there was a clever cat named Whiskers who loved to explore.",creative
Write a haiku about nature,"Cherry blossoms fall
Gentle breeze carries petals
Spring's fleeting beauty",creative
Describe a magical forest,"Ancient trees with silver bark stretch toward starlit skies, while glowing mushrooms light the winding paths.",creative
Write a short story about a cat,"Once upon a time, there was a clever cat named Whiskers who loved to explore.",creative
Write a haiku about nature,"Cherry blossoms fall
Gentle breeze carries petals
Spring's fleeting beauty",creative
Describe a magical forest,"Ancient trees with silver bark stretch toward starlit skies, while glowing mushrooms light the winding paths.",creative
Write a short story about a cat,"Once upon a time, there was a clever cat named Whiskers who loved to explore.",creative
Write a haiku about nature,"Cherry blossoms fall
Gentle breeze carries petals
Spring's fleeting beauty",creative
Describe a magical forest,"Ancient trees with silver bark stretch toward starlit skies, while glowing mushrooms light the winding paths.",creative
Write a short story about a cat,"Once upon a time, there was a clever cat named Whiskers who loved to explore.",creative
Write a haiku about nature,"Cherry blossoms fall
Gentle breeze carries petals
Spring's fleeting beauty",creative
Describe a magical forest,"Ancient trees with silver bark stretch toward starlit skies, while glowing mushrooms light the winding paths.",creative
Write a short story about a cat,"Once upon a time, there was a clever cat named Whiskers who loved to explore.",creative
Write a haiku about nature,"Cherry blossoms fall
Gentle breeze carries petals
Spring's fleeting beauty",creative
Describe a magical forest,"Ancient trees with silver bark stretch toward starlit skies, while glowing mushrooms light the winding paths.",creative
Write a short story about a cat,"Once upon a time, there was a clever cat named Whiskers who loved to explore.",creative
Write a haiku about nature,"Cherry blossoms fall
Gentle breeze carries petals
Spring's fleeting beauty",creative
Describe a magical forest,"Ancient trees with silver bark stretch toward starlit skies, while glowing mushrooms light the winding paths.",creative
Write a short story about a cat,"Once upon a time, there was a clever cat named Whiskers who loved to explore.",creative
Write a haiku about nature,"Cherry blossoms fall
Gentle breeze carries petals
Spring's fleeting beauty",creative
Describe a magical forest,"Ancient trees with silver bark stretch toward starlit skies, while glowing mushrooms light the winding paths.",creative
Write a short story about a cat,"Once upon a time, there was a clever cat named Whiskers who loved to explore.",creative
Write a haiku about nature,"Cherry blossoms fall
Gentle breeze carries petals
Spring's fleeting beauty",creative
Describe a magical forest,"Ancient trees with silver bark stretch toward starlit skies, while glowing mushrooms light the winding paths.",creative
Write a short story about a cat,"Once upon a time, there was a clever cat named Whiskers who loved to explore.",creative
Write a haiku about nature,"Cherry blossoms fall
Gentle breeze carries petals
Spring's fleeting beauty",creative
Describe a magical forest,"Ancient trees with silver bark stretch toward starlit skies, while glowing mushrooms light the winding paths.",creative
Write a short story about a cat,"Once upon a time, there was a clever cat named Whiskers who loved to explore.",creative
Write a haiku about nature,"Cherry blossoms fall
Gentle breeze carries petals
Spring's fleeting beauty",creative
Describe a magical forest,"Ancient trees with silver bark stretch toward starlit skies, while glowing mushrooms light the winding paths.",creative
Write a short story about a cat,"Once upon a time, there was a clever cat named Whiskers who loved to explore.",creative
Write a haiku about nature,"Cherry blossoms fall
Gentle breeze carries petals
Spring's fleeting beauty",creative
Describe a magical forest,"Ancient trees with silver bark stretch toward starlit skies, while glowing mushrooms light the winding paths.",creative
Write a short story about a cat,"Once upon a time, there was a clever cat named Whiskers who loved to explore.",creative
Write a haiku about nature,"Cherry blossoms fall
Gentle breeze carries petals
Spring's fleeting beauty",creative
Describe a magical forest,"Ancient trees with silver bark stretch toward starlit skies, while glowing mushrooms light the winding paths.",creative
Write a short story about a cat,"Once upon a time, there was a clever cat named Whiskers who loved to explore.",creative
Write a haiku about nature,"Cherry blossoms fall
Gentle breeze carries petals
Spring's fleeting beauty",creative
Describe a magical forest,"Ancient trees with silver bark stretch toward starlit skies, while glowing mushrooms light the winding paths.",creative
Write a short story about a cat,"Once upon a time, there was a clever cat named Whiskers who loved to explore.",creative
Write a haiku about nature,"Cherry blossoms fall
Gentle breeze carries petals
Spring's fleeting beauty",creative
Describe a magical forest,"Ancient trees with silver bark stretch toward starlit skies, while glowing mushrooms light the winding paths.",creative
Write a short story about a cat,"Once upon a time, there was a clever cat named Whiskers who loved to explore.",creative
Write a haiku about nature,"Cherry blossoms fall
Gentle breeze carries petals
Spring's fleeting beauty",creative
Describe a magical forest,"Ancient trees with silver bark stretch toward starlit skies, while glowing mushrooms light the winding paths.",creative
Write a short story about a cat,"Once upon a time, there was a clever cat named Whiskers who loved to explore.",creative
Write a haiku about nature,"Cherry blossoms fall
Gentle breeze carries petals
Spring's fleeting beauty",creative
Describe a magical forest,"Ancient trees with silver bark stretch toward starlit skies, while glowing mushrooms light the winding paths.",creative
Write a short story about a cat,"Once upon a time, there was a clever cat named Whiskers who loved to explore.",creative
Write a haiku about nature,"Cherry blossoms fall
Gentle breeze carries petals
Spring's fleeting beauty",creative
Describe a magical forest,"Ancient trees with silver bark stretch toward starlit skies, while glowing mushrooms light the winding paths.",creative
Write a short story about a cat,"Once upon a time, there was a clever cat named Whiskers who loved to explore.",creative
Write a haiku about nature,"Cherry blossoms fall
Gentle breeze carries petals
Spring's fleeting beauty",creative
Describe a magical forest,"Ancient trees with silver bark stretch toward starlit skies, while glowing mushrooms light the winding paths.",creative
Write a short story about a cat,"Once upon a time, there was a clever cat named Whiskers who loved to explore.",creative
Write a haiku about nature,"Cherry blossoms fall
Gentle breeze carries petals
Spring's fleeting beauty",creative
Describe a magical forest,"Ancient trees with silver bark stretch toward starlit skies, while glowing mushrooms light the winding paths.",creative
Write a short story about a cat,"Once upon a time, there was a clever cat named Whiskers who loved to explore.",creative
Write a haiku about nature,"Cherry blossoms fall
Gentle breeze carries petals
Spring's fleeting beauty",creative
Describe a magical forest,"Ancient trees with silver bark stretch toward starlit skies, while glowing mushrooms light the winding paths.",creative
Write a short story about a cat,"Once upon a time, there was a clever cat named Whiskers who loved to explore.",creative
Write a haiku about nature,"Cherry blossoms fall
Gentle breeze carries petals
Spring's fleeting beauty",creative
Describe a magical forest,"Ancient trees with silver bark stretch toward starlit skies, while glowing mushrooms light the winding paths.",creative
Write a short story about a cat,"Once upon a time, there was a clever cat named Whiskers who loved to explore.",creative
Write a haiku about nature,"Cherry blossoms fall
Gentle breeze carries petals
Spring's fleeting beauty",creative
Describe a magical forest,"Ancient trees with silver bark stretch toward starlit skies, while glowing mushrooms light the winding paths.",creative
Write a short story about a cat,"Once upon a time, there was a clever cat named Whiskers who loved to explore.",creative
Write a haiku about nature,"Cherry blossoms fall
Gentle breeze carries petals
Spring's fleeting beauty",creative
Describe a magical forest,"Ancient trees with silver bark stretch toward starlit skies, while glowing mushrooms light the winding paths.",creative
Write a short story about a cat,"Once upon a time, there was a clever cat named Whiskers who loved to explore.",creative
Write a haiku about nature,"Cherry blossoms fall
Gentle breeze carries petals
Spring's fleeting beauty",creative
Describe a magical forest,"Ancient trees with silver bark stretch toward starlit skies, while glowing mushrooms light the winding paths.",creative
Write a short story about a cat,"Once upon a time, there was a clever cat named Whiskers who loved to explore.",creative
Write a haiku about nature,"Cherry blossoms fall
Gentle breeze carries petals
Spring's fleeting beauty",creative
Describe a magical forest,"Ancient trees with silver bark stretch toward starlit skies, while glowing mushrooms light the winding paths.",creative
Write a short story about a cat,"Once upon a time, there was a clever cat named Whiskers who loved to explore.",creative
Write a haiku about nature,"Cherry blossoms fall
Gentle breeze carries petals
Spring's fleeting beauty",creative
Describe a magical forest,"Ancient trees with silver bark stretch toward starlit skies, while glowing mushrooms light the winding paths.",creative
Write a short story about a cat,"Once upon a time, there was a clever cat named Whiskers who loved to explore.",creative
Write a haiku about nature,"Cherry blossoms fall
Gentle breeze carries petals
Spring's fleeting beauty",creative
Describe a magical forest,"Ancient trees with silver bark stretch toward starlit skies, while glowing mushrooms light the winding paths.",creative
Write a short story about a cat,"Once upon a time, there was a clever cat named Whiskers who loved to explore.",creative
Write a haiku about nature,"Cherry blossoms fall
Gentle breeze carries petals
Spring's fleeting beauty",creative
Describe a magical forest,"Ancient trees with silver bark stretch toward starlit skies, while glowing mushrooms light the winding paths.",creative
Write a short story about a cat,"Once upon a time, there was a clever cat named Whiskers who loved to explore.",creative
Write a haiku about nature,"Cherry blossoms fall
Gentle breeze carries petals
Spring's fleeting beauty",creative
Describe a magical forest,"Ancient trees with silver bark stretch toward starlit skies, while glowing mushrooms light the winding paths.",creative
Write a short story about a cat,"Once upon a time, there was a clever cat named Whiskers who loved to explore.",creative
Write a haiku about nature,"Cherry blossoms fall
Gentle breeze carries petals
Spring's fleeting beauty",creative
Describe a magical forest,"Ancient trees with silver bark stretch toward starlit skies, while glowing mushrooms light the winding paths.",creative
Write a short story about a cat,"Once upon a time, there was a clever cat named Whiskers who loved to explore.",creative
Write a haiku about nature,"Cherry blossoms fall
Gentle breeze carries petals
Spring's fleeting beauty",creative
Describe a magical forest,"Ancient trees with silver bark stretch toward starlit skies, while glowing mushrooms light the winding paths.",creative
Write a short story about a cat,"Once upon a time, there was a clever cat named Whiskers who loved to explore.",creative
Write a haiku about nature,"Cherry blossoms fall
Gentle breeze carries petals
Spring's fleeting beauty",creative
Describe a magical forest,"Ancient trees with silver bark stretch toward starlit skies, while glowing mushrooms light the winding paths.",creative
Write a short story about a cat,"Once upon a time, there was a clever cat named Whiskers who loved to explore.",creative
Write a haiku about nature,"Cherry blossoms fall
Gentle breeze carries petals
Spring's fleeting beauty",creative
Describe a magical forest,"Ancient trees with silver bark stretch toward starlit skies, while glowing mushrooms light the winding paths.",creative
Write a short story about a cat,"Once upon a time, there was a clever cat named Whiskers who loved to explore.",creative
Write a haiku about nature,"Cherry blossoms fall
Gentle breeze carries petals
Spring's fleeting beauty",creative
Describe a magical forest,"Ancient trees with silver bark stretch toward starlit skies, while glowing mushrooms light the winding paths.",creative
Write a short story about a cat,"Once upon a time, there was a clever cat named Whiskers who loved to explore.",creative
Write a haiku about nature,"Cherry blossoms fall
Gentle breeze carries petals
Spring's fleeting beauty",creative
Describe a magical forest,"Ancient trees with silver bark stretch toward starlit skies, while glowing mushrooms light the winding paths.",creative
Write a short story about a cat,"Once upon a time, there was a clever cat named Whiskers who loved to explore.",creative
Write a haiku about nature,"Cherry blossoms fall
Gentle breeze carries petals
Spring's fleeting beauty",creative
Describe a magical forest,"Ancient trees with silver bark stretch toward starlit skies, while glowing mushrooms light the winding paths.",creative
Write a short story about a cat,"Once upon a time, there was a clever cat named Whiskers who loved to explore.",creative
Write a haiku about nature,"Cherry blossoms fall
Gentle breeze carries petals
Spring's fleeting beauty",creative
Describe a magical forest,"Ancient trees with silver bark stretch toward starlit skies, while glowing mushrooms light the winding paths.",creative
Write a short story about a cat,"Once upon a time, there was a clever cat named Whiskers who loved to explore.",creative
Write a haiku about nature,"Cherry blossoms fall
Gentle breeze carries petals
Spring's fleeting beauty",creative
Describe a magical forest,"Ancient trees with silver bark stretch toward starlit skies, while glowing mushrooms light the winding paths.",creative
Write a short story about a cat,"Once upon a time, there was a clever cat named Whiskers who loved to explore.",creative
Write a haiku about nature,"Cherry blossoms fall
Gentle breeze carries petals
Spring's fleeting beauty",creative
Describe a magical forest,"Ancient trees with silver bark stretch toward starlit skies, while glowing mushrooms light the winding paths.",creative
Write a short story about a cat,"Once upon a time, there was a clever cat named Whiskers who loved to explore.",creative
Write a haiku about nature,"Cherry blossoms fall
Gentle breeze carries petals
Spring's fleeting beauty",creative
Describe a magical forest,"Ancient trees with silver bark stretch toward starlit skies, while glowing mushrooms light the winding paths.",creative
Write a short story about a cat,"Once upon a time, there was a clever cat named Whiskers who loved to explore.",creative
Write a haiku about nature,"Cherry blossoms fall
Gentle breeze carries petals
Spring's fleeting beauty",creative
Describe a magical forest,"Ancient trees with silver bark stretch toward starlit skies, while glowing mushrooms light the winding paths.",creative
Write a short story about a cat,"Once upon a time, there was a clever cat named Whiskers who loved to explore.",creative
Write a haiku about nature,"Cherry blossoms fall
Gentle breeze carries petals
Spring's fleeting beauty",creative
Describe a magical forest,"Ancient trees with silver bark stretch toward starlit skies, while glowing mushrooms light the winding paths.",creative
Write a short story about a cat,"Once upon a time, there was a clever cat named Whiskers who loved to explore.",creative
Write a haiku about nature,"Cherry blossoms fall
Gentle breeze carries petals
Spring's fleeting beauty",creative
Describe a magical forest,"Ancient trees with silver bark stretch toward starlit skies, while glowing mushrooms light the winding paths.",creative
Write a short story about a cat,"Once upon a time, there was a clever cat named Whiskers who loved to explore.",creative
Write a haiku about nature,"Cherry blossoms fall
Gentle breeze carries petals
Spring's fleeting beauty",creative
Describe a magical forest,"Ancient trees with silver bark stretch toward starlit skies, while glowing mushrooms light the winding paths.",creative
Write a short story about a cat,"Once upon a time, there was a clever cat named Whiskers who loved to explore.",creative
Write a haiku about nature,"Cherry blossoms fall
Gentle breeze carries petals
Spring's fleeting beauty",creative
Describe a magical forest,"Ancient trees with silver bark stretch toward starlit skies, while glowing mushrooms light the winding paths.",creative
Write a short story about a cat,"Once upon a time, there was a clever cat named Whiskers who loved to explore.",creative
Write a haiku about nature,"Cherry blossoms fall
Gentle breeze carries petals
Spring's fleeting beauty",creative
Describe a magical forest,"Ancient trees with silver bark stretch toward starlit skies, while glowing mushrooms light the winding paths.",creative
Write a short story about a cat,"Once upon a time, there was a clever cat named Whiskers who loved to explore.",creative
Write a haiku about nature,"Cherry blossoms fall
Gentle breeze carries petals
Spring's fleeting beauty",creative
Describe a magical forest,"Ancient trees with silver bark stretch toward starlit skies, while glowing mushrooms light the winding paths.",creative
Write a short story about a cat,"Once upon a time, there was a clever cat named Whiskers who loved to explore.",creative
Write a haiku about nature,"Cherry blossoms fall
Gentle breeze carries petals
Spring's fleeting beauty",creative
Describe a magical forest,"Ancient trees with silver bark stretch toward starlit skies, while glowing mushrooms light the winding paths.",creative
Write a short story about a cat,"Once upon a time, there was a clever cat named Whiskers who loved to explore.",creative
Write a haiku about nature,"Cherry blossoms fall
Gentle breeze carries petals
Spring's fleeting beauty",creative
Describe a magical forest,"Ancient trees with silver bark stretch toward starlit skies, while glowing mushrooms light the winding paths.",creative
Write a short story about a cat,"Once upon a time, there was a clever cat named Whiskers who loved to explore.",creative
Write a haiku about nature,"Cherry blossoms fall
Gentle breeze carries petals
Spring's fleeting beauty",creative
Describe a magical forest,"Ancient trees with silver bark stretch toward starlit skies, while glowing mushrooms light the winding paths.",creative
Write a short story about a cat,"Once upon a time, there was a clever cat named Whiskers who loved to explore.",creative
Write a haiku about nature,"Cherry blossoms fall
Gentle breeze carries petals
Spring's fleeting beauty",creative
Describe a magical forest,"Ancient trees with silver bark stretch toward starlit skies, while glowing mushrooms light the winding paths.",creative
Write a short story about a cat,"Once upon a time, there was a clever cat named Whiskers who loved to explore.",creative
Write a haiku about nature,"Cherry blossoms fall
Gentle breeze carries petals
Spring's fleeting beauty",creative
Describe a magical forest,"Ancient trees with silver bark stretch toward starlit skies, while glowing mushrooms light the winding paths.",creative
Write a short story about a cat,"Once upon a time, there was a clever cat named Whiskers who loved to explore.",creative
Write a haiku about nature,"Cherry blossoms fall
Gentle breeze carries petals
Spring's fleeting beauty",creative
Describe a magical forest,"Ancient trees with silver bark stretch toward starlit skies, while glowing mushrooms light the winding paths.",creative
Write a short story about a cat,"Once upon a time, there was a clever cat named Whiskers who loved to explore.",creative
Write a haiku about nature,"Cherry blossoms fall
Gentle breeze carries petals
Spring's fleeting beauty",creative
Describe a magical forest,"Ancient trees with silver bark stretch toward starlit skies, while glowing mushrooms light the winding paths.",creative
Write a short story about a cat,"Once upon a time, there was a clever cat named Whiskers who loved to explore.",creative
Write a haiku about nature,"Cherry blossoms fall
Gentle breeze carries petals
Spring's fleeting beauty",creative
Describe a magical forest,"Ancient trees with silver bark stretch toward starlit skies, while glowing mushrooms light the winding paths.",creative
Write a short story about a cat,"Once upon a time, there was a clever cat named Whiskers who loved to explore.",creative
Write a haiku about nature,"Cherry blossoms fall
Gentle breeze carries petals
Spring's fleeting beauty",creative
Describe a magical forest,"Ancient trees with silver bark stretch toward starlit skies, while glowing mushrooms light the winding paths.",creative
Write a short story about a cat,"Once upon a time, there was a clever cat named Whiskers who loved to explore.",creative
Write a haiku about nature,"Cherry blossoms fall
Gentle breeze carries petals
Spring's fleeting beauty",creative
Describe a magical forest,"Ancient trees with silver bark stretch toward starlit skies, while glowing mushrooms light the winding paths.",creative
Write a short story about a cat,"Once upon a time, there was a clever cat named Whiskers who loved to explore.",creative
Write a haiku about nature,"Cherry blossoms fall
Gentle breeze carries petals
Spring's fleeting beauty",creative
Describe a magical forest,"Ancient trees with silver bark stretch toward starlit skies, while glowing mushrooms light the winding paths.",creative
Write a short story about a cat,"Once upon a time, there was a clever cat named Whiskers who loved to explore.",creative
Write a haiku about nature,"Cherry blossoms fall
Gentle breeze carries petals
Spring's fleeting beauty",creative
Describe a magical forest,"Ancient trees with silver bark stretch toward starlit skies, while glowing mushrooms light the winding paths.",creative
Write a short story about a cat,"Once upon a time, there was a clever cat named Whiskers who loved to explore.",creative
Write a haiku about nature,"Cherry blossoms fall
Gentle breeze carries petals
Spring's fleeting beauty",creative
Describe a magical forest,"Ancient trees with silver bark stretch toward starlit skies, while glowing mushrooms light the winding paths.",creative
Write a short story about a cat,"Once upon a time, there was a clever cat named Whiskers who loved to explore.",creative
Write a haiku about nature,"Cherry blossoms fall
Gentle breeze carries petals
Spring's fleeting beauty",creative
Describe a magical forest,"Ancient trees with silver bark stretch toward starlit skies, while glowing mushrooms light the winding paths.",creative
Write a short story about a cat,"Once upon a time, there was a clever cat named Whiskers who loved to explore.",creative
Write a haiku about nature,"Cherry blossoms fall
Gentle breeze carries petals
Spring's fleeting beauty",creative
Describe a magical forest,"Ancient trees with silver bark stretch toward starlit skies, while glowing mushrooms light the winding paths.",creative
Write a short story about a cat,"Once upon a time, there was a clever cat named Whiskers who loved to explore.",creative
Write a haiku about nature,"Cherry blossoms fall
Gentle breeze carries petals
Spring's fleeting beauty",creative
Describe a magical forest,"Ancient trees with silver bark stretch toward starlit skies, while glowing mushrooms light the winding paths.",creative
Write a short story about a cat,"Once upon a time, there was a clever cat named Whiskers who loved to explore.",creative
Write a haiku about nature,"Cherry blossoms fall
Gentle breeze carries petals
Spring's fleeting beauty",creative
Describe a magical forest,"Ancient trees with silver bark stretch toward starlit skies, while glowing mushrooms light the winding paths.",creative
Write a short story about a cat,"Once upon a time, there was a clever cat named Whiskers who loved to explore.",creative
Write a haiku about nature,"Cherry blossoms fall
Gentle breeze carries petals
Spring's fleeting beauty",creative
Describe a magical forest,"Ancient trees with silver bark stretch toward starlit skies, while glowing mushrooms light the winding paths.",creative
Write a short story about a cat,"Once upon a time, there was a clever cat named Whiskers who loved to explore.",creative
Write a haiku about nature,"Cherry blossoms fall
Gentle breeze carries petals
Spring's fleeting beauty",creative
Describe a magical forest,"Ancient trees with silver bark stretch toward starlit skies, while glowing mushrooms light the winding paths.",creative
Write a short story about a cat,"Once upon a time, there was a clever cat named Whiskers who loved to explore.",creative
Write a haiku about nature,"Cherry blossoms fall
Gentle breeze carries petals
Spring's fleeting beauty",creative
Describe a magical forest,"Ancient trees with silver bark stretch toward starlit skies, while glowing mushrooms light the winding paths.",creative
Write a short story about a cat,"Once upon a time, there was a clever cat named Whiskers who loved to explore.",creative
Write a haiku about nature,"Cherry blossoms fall
Gentle breeze carries petals
Spring's fleeting beauty",creative
Describe a magical forest,"Ancient trees with silver bark stretch toward starlit skies, while glowing mushrooms light the winding paths.",creative
Write a short story about a cat,"Once upon a time, there was a clever cat named Whiskers who loved to explore.",creative
Write a haiku about nature,"Cherry blossoms fall
Gentle breeze carries petals
Spring's fleeting beauty",creative
Describe a magical forest,"Ancient trees with silver bark stretch toward starlit skies, while glowing mushrooms light the winding paths.",creative
Write a short story about a cat,"Once upon a time, there was a clever cat named Whiskers who loved to explore.",creative
Write a haiku about nature,"Cherry blossoms fall
Gentle breeze carries petals
Spring's fleeting beauty",creative
Describe a magical forest,"Ancient trees with silver bark stretch toward starlit skies, while glowing mushrooms light the winding paths.",creative
Write a short story about a cat,"Once upon a time, there was a clever cat named Whiskers who loved to explore.",creative
Write a haiku about nature,"Cherry blossoms fall
Gentle breeze carries petals
Spring's fleeting beauty",creative
Describe a magical forest,"Ancient trees with silver bark stretch toward starlit skies, while glowing mushrooms light the winding paths.",creative
Write a short story about a cat,"Once upon a time, there was a clever cat named Whiskers who loved to explore.",creative
Write a haiku about nature,"Cherry blossoms fall
Gentle breeze carries petals
Spring's fleeting beauty",creative
Describe a magical forest,"Ancient trees with silver bark stretch toward starlit skies, while glowing mushrooms light the winding paths.",creative
Write a short story about a cat,"Once upon a time, there was a clever cat named Whiskers who loved to explore.",creative
Write a haiku about nature,"Cherry blossoms fall
Gentle breeze carries petals
Spring's fleeting beauty",creative
Describe a magical forest,"Ancient trees with silver bark stretch toward starlit skies, while glowing mushrooms light the winding paths.",creative
Write a short story about a cat,"Once upon a time, there was a clever cat named Whiskers who loved to explore.",creative
Write a haiku about nature,"Cherry blossoms fall
Gentle breeze carries petals
Spring's fleeting beauty",creative
Describe a magical forest,"Ancient trees with silver bark stretch toward starlit skies, while glowing mushrooms light the winding paths.",creative
Write a short story about a cat,"Once upon a time, there was a clever cat named Whiskers who loved to explore.",creative
Write a haiku about nature,"Cherry blossoms fall
Gentle breeze carries petals
Spring's fleeting beauty",creative
Describe a magical forest,"Ancient trees with silver bark stretch toward starlit skies, while glowing mushrooms light the winding paths.",creative
Write a short story about a cat,"Once upon a time, there was a clever cat named Whiskers who loved to explore.",creative
Write a haiku about nature,"Cherry blossoms fall
Gentle breeze carries petals
Spring's fleeting beauty",creative
Describe a magical forest,"Ancient trees with silver bark stretch toward starlit skies, while glowing mushrooms light the winding paths.",creative
Write a short story about a cat,"Once upon a time, there was a clever cat named Whiskers who loved to explore.",creative
Write a haiku about nature,"Cherry blossoms fall
Gentle breeze carries petals
Spring's fleeting beauty",creative
Describe a magical forest,"Ancient trees with silver bark stretch toward starlit skies, while glowing mushrooms light the winding paths.",creative
Write a short story about a cat,"Once upon a time, there was a clever cat named Whiskers who loved to explore.",creative
Write a haiku about nature,"Cherry blossoms fall
Gentle breeze carries petals
Spring's fleeting beauty",creative
Describe a magical forest,"Ancient trees with silver bark stretch toward starlit skies, while glowing mushrooms light the winding paths.",creative
Write a short story about a cat,"Once upon a time, there was a clever cat named Whiskers who loved to explore.",creative
Write a haiku about nature,"Cherry blossoms fall
Gentle breeze carries petals
Spring's fleeting beauty",creative
Describe a magical forest,"Ancient trees with silver bark stretch toward starlit skies, while glowing mushrooms light the winding paths.",creative
Write a short story about a cat,"Once upon a time, there was a clever cat named Whiskers who loved to explore.",creative
Write a haiku about nature,"Cherry blossoms fall
Gentle breeze carries petals
Spring's fleeting beauty",creative
Describe a magical forest,"Ancient trees with silver bark stretch toward starlit skies, while glowing mushrooms light the winding paths.",creative
Write a short story about a cat,"Once upon a time, there was a clever cat named Whiskers who loved to explore.",creative
Write a haiku about nature,"Cherry blossoms fall
Gentle breeze carries petals
Spring's fleeting beauty",creative
Describe a magical forest,"Ancient trees with silver bark stretch toward starlit skies, while glowing mushrooms light the winding paths.",creative
Write a short story about a cat,"Once upon a time, there was a clever cat named Whiskers who loved to explore.",creative
Write a haiku about nature,"Cherry blossoms fall
Gentle breeze carries petals
Spring's fleeting beauty",creative
Describe a magical forest,"Ancient trees with silver bark stretch toward starlit skies, while glowing mushrooms light the winding paths.",creative
Write a short story about a cat,"Once upon a time, there was a clever cat named Whiskers who loved to explore.",creative
Write a haiku about nature,"Cherry blossoms fall
Gentle breeze carries petals
Spring's fleeting beauty",creative
Describe a magical forest,"Ancient trees with silver bark stretch toward starlit skies, while glowing mushrooms light the winding paths.",creative
Write a short story about a cat,"Once upon a time, there was a clever cat named Whiskers who loved to explore.",creative
Write a haiku about nature,"Cherry blossoms fall
Gentle breeze carries petals
Spring's fleeting beauty",creative
Describe a magical forest,"Ancient trees with silver bark stretch toward starlit skies, while glowing mushrooms light the winding paths.",creative
Write a short story about a cat,"Once upon a time, there was a clever cat named Whiskers who loved to explore.",creative
Write a haiku about nature,"Cherry blossoms fall
Gentle breeze carries petals
Spring's fleeting beauty",creative
Describe a magical forest,"Ancient trees with silver bark stretch toward starlit skies, while glowing mushrooms light the winding paths.",creative
Write a short story about a cat,"Once upon a time, there was a clever cat named Whiskers who loved to explore.",creative
Write a haiku about nature,"Cherry blossoms fall
Gentle breeze carries petals
Spring's fleeting beauty",creative
Describe a magical forest,"Ancient trees with silver bark stretch toward starlit skies, while glowing mushrooms light the winding paths.",creative
Write a short story about a cat,"Once upon a time, there was a clever cat named Whiskers who loved to explore.",creative
Write a haiku about nature,"Cherry blossoms fall
Gentle breeze carries petals
Spring's fleeting beauty",creative
Describe a magical forest,"Ancient trees with silver bark stretch toward starlit skies, while glowing mushrooms light the winding paths.",creative
Write a short story about a cat,"Once upon a time, there was a clever cat named Whiskers who loved to explore.",creative
Write a haiku about nature,"Cherry blossoms fall
Gentle breeze carries petals
Spring's fleeting beauty",creative
Describe a magical forest,"Ancient trees with silver bark stretch toward starlit skies, while glowing mushrooms light the winding paths.",creative
Write a short story about a cat,"Once upon a time, there was a clever cat named Whiskers who loved to explore.",creative
Write a haiku about nature,"Cherry blossoms fall
Gentle breeze carries petals
Spring's fleeting beauty",creative
Describe a magical forest,"Ancient trees with silver bark stretch toward starlit skies, while glowing mushrooms light the winding paths.",creative
Write a short story about a cat,"Once upon a time, there was a clever cat named Whiskers who loved to explore.",creative
Write a haiku about nature,"Cherry blossoms fall
Gentle breeze carries petals
Spring's fleeting beauty",creative
Describe a magical forest,"Ancient trees with silver bark stretch toward starlit skies, while glowing mushrooms light the winding paths.",creative
Write a short story about a cat,"Once upon a time, there was a clever cat named Whiskers who loved to explore.",creative
Write a haiku about nature,"Cherry blossoms fall
Gentle breeze carries petals
Spring's fleeting beauty",creative
Describe a magical forest,"Ancient trees with silver bark stretch toward starlit skies, while glowing mushrooms light the winding paths.",creative
Write a short story about a cat,"Once upon a time, there was a clever cat named Whiskers who loved to explore.",creative
Write a haiku about nature,"Cherry blossoms fall
Gentle breeze carries petals
Spring's fleeting beauty",creative
Describe a magical forest,"Ancient trees with silver bark stretch toward starlit skies, while glowing mushrooms light the winding paths.",creative
Write a short story about a cat,"Once upon a time, there was a clever cat named Whiskers who loved to explore.",creative
Write a haiku about nature,"Cherry blossoms fall
Gentle breeze carries petals
Spring's fleeting beauty",creative
Describe a magical forest,"Ancient trees with silver bark stretch toward starlit skies, while glowing mushrooms light the winding paths.",creative
Write a short story about a cat,"Once upon a time, there was a clever cat named Whiskers who loved to explore.",creative
Write a haiku about nature,"Cherry blossoms fall
Gentle breeze carries petals
Spring's fleeting beauty",creative
Describe a magical forest,"Ancient trees with silver bark stretch toward starlit skies, while glowing mushrooms light the winding paths.",creative
Write a short story about a cat,"Once upon a time, there was a clever cat named Whiskers who loved to explore.",creative
Write a haiku about nature,"Cherry blossoms fall
Gentle breeze carries petals
Spring's fleeting beauty",creative
Describe a magical forest,"Ancient trees with silver bark stretch toward starlit skies, while glowing mushrooms light the winding paths.",creative
Write a short story about a cat,"Once upon a time, there was a clever cat named Whiskers who loved to explore.",creative
Write a haiku about nature,"Cherry blossoms fall
Gentle breeze carries petals
Spring's fleeting beauty",creative
Describe a magical forest,"Ancient trees with silver bark stretch toward starlit skies, while glowing mushrooms light the winding paths.",creative
Write a short story about a cat,"Once upon a time, there was a clever cat named Whiskers who loved to explore.",creative
Write a haiku about nature,"Cherry blossoms fall
Gentle breeze carries petals
Spring's fleeting beauty",creative
Describe a magical forest,"Ancient trees with silver bark stretch toward starlit skies, while glowing mushrooms light the winding paths.",creative
Write a short story about a cat,"Once upon a time, there was a clever cat named Whiskers who loved to explore.",creative
Write a haiku about nature,"Cherry blossoms fall
Gentle breeze carries petals
Spring's fleeting beauty",creative
Describe a magical forest,"Ancient trees with silver bark stretch toward starlit skies, while glowing mushrooms light the winding paths.",creative
Write a short story about a cat,"Once upon a time, there was a clever cat named Whiskers who loved to explore.",creative
Write a haiku about nature,"Cherry blossoms fall
Gentle breeze carries petals
Spring's fleeting beauty",creative
Describe a magical forest,"Ancient trees with silver bark stretch toward starlit skies, while glowing mushrooms light the winding paths.",creative
Write a short story about a cat,"Once upon a time, there was a clever cat named Whiskers who loved to explore.",creative
Write a haiku about nature,"Cherry blossoms fall
Gentle breeze carries petals
Spring's fleeting beauty",creative
Describe a magical forest,"Ancient trees with silver bark stretch toward starlit skies, while glowing mushrooms light the winding paths.",creative
Write a short story about a cat,"Once upon a time, there was a clever cat named Whiskers who loved to explore.",creative
Write a haiku about nature,"Cherry blossoms fall
Gentle breeze carries petals
Spring's fleeting beauty",creative
Describe a magical forest,"Ancient trees with silver bark stretch toward starlit skies, while glowing mushrooms light the winding paths.",creative
Write a short story about a cat,"Once upon a time, there was a clever cat named Whiskers who loved to explore.",creative
Write a haiku about nature,"Cherry blossoms fall
Gentle breeze carries petals
Spring's fleeting beauty",creative
Describe a magical forest,"Ancient trees with silver bark stretch toward starlit skies, while glowing mushrooms light the winding paths.",creative
Write a short story about a cat,"Once upon a time, there was a clever cat named Whiskers who loved to explore.",creative
Write a haiku about nature,"Cherry blossoms fall
Gentle breeze carries petals
Spring's fleeting beauty",creative
Describe a magical forest,"Ancient trees with silver bark stretch toward starlit skies, while glowing mushrooms light the winding paths.",creative
Write a short story about a cat,"Once upon a time, there was a clever cat named Whiskers who loved to explore.",creative
Write a haiku about nature,"Cherry blossoms fall
Gentle breeze carries petals
Spring's fleeting beauty",creative
Describe a magical forest,"Ancient trees with silver bark stretch toward starlit skies, while glowing mushrooms light the winding paths.",creative
Write a short story about a cat,"Once upon a time, there was a clever cat named Whiskers who loved to explore.",creative
Write a haiku about nature,"Cherry blossoms fall
Gentle breeze carries petals
Spring's fleeting beauty",creative
Describe a magical forest,"Ancient trees with silver bark stretch toward starlit skies, while glowing mushrooms light the winding paths.",creative
Write a short story about a cat,"Once upon a time, there was a clever cat named Whiskers who loved to explore.",creative
Write a haiku about nature,"Cherry blossoms fall
Gentle breeze carries petals
Spring's fleeting beauty",creative
Describe a magical forest,"Ancient trees with silver bark stretch toward starlit skies, while glowing mushrooms light the winding paths.",creative
Write a short story about a cat,"Once upon a time, there was a clever cat named Whiskers who loved to explore.",creative
Write a haiku about nature,"Cherry blossoms fall
Gentle breeze carries petals
Spring's fleeting beauty",creative
Describe a magical forest,"Ancient trees with silver bark stretch toward starlit skies, while glowing mushrooms light the winding paths.",creative
Write a short story about a cat,"Once upon a time, there was a clever cat named Whiskers who loved to explore.",creative
Write a haiku about nature,"Cherry blossoms fall
Gentle breeze carries petals
Spring's fleeting beauty",creative
Describe a magical forest,"Ancient trees with silver bark stretch toward starlit skies, while glowing mushrooms light the winding paths.",creative
Write a short story about a cat,"Once upon a time, there was a clever cat named Whiskers who loved to explore.",creative
Write a haiku about nature,"Cherry blossoms fall
Gentle breeze carries petals
Spring's fleeting beauty",creative
Describe a magical forest,"Ancient trees with silver bark stretch toward starlit skies, while glowing mushrooms light the winding paths.",creative
Write a short story about a cat,"Once upon a time, there was a clever cat named Whiskers who loved to explore.",creative
Write a haiku about nature,"Cherry blossoms fall
Gentle breeze carries petals
Spring's fleeting beauty",creative
Describe a magical forest,"Ancient trees with silver bark stretch toward starlit skies, while glowing mushrooms light the winding paths.",creative
Write a short story about a cat,"Once upon a time, there was a clever cat named Whiskers who loved to explore.",creative
Write a haiku about nature,"Cherry blossoms fall
Gentle breeze carries petals
Spring's fleeting beauty",creative
Describe a magical forest,"Ancient trees with silver bark stretch toward starlit skies, while glowing mushrooms light the winding paths.",creative
Write a short story about a cat,"Once upon a time, there was a clever cat named Whiskers who loved to explore.",creative
Write a haiku about nature,"Cherry blossoms fall
Gentle breeze carries petals
Spring's fleeting beauty",creative
Describe a magical forest,"Ancient trees with silver bark stretch toward starlit skies, while glowing mushrooms light the winding paths.",creative
Write a short story about a cat,"Once upon a time, there was a clever cat named Whiskers who loved to explore.",creative
Write a haiku about nature,"Cherry blossoms fall
Gentle breeze carries petals
Spring's fleeting beauty",creative
Describe a magical forest,"Ancient trees with silver bark stretch toward starlit skies, while glowing mushrooms light the winding paths.",creative
Write a short story about a cat,"Once upon a time, there was a clever cat named Whiskers who loved to explore.",creative
Write a haiku about nature,"Cherry blossoms fall
Gentle breeze carries petals
Spring's fleeting beauty",creative
Describe a magical forest,"Ancient trees with silver bark stretch toward starlit skies, while glowing mushrooms light the winding paths.",creative
Write a short story about a cat,"Once upon a time, there was a clever cat named Whiskers who loved to explore.",creative
Write a haiku about nature,"Cherry blossoms fall
Gentle breeze carries petals
Spring's fleeting beauty",creative
Describe a magical forest,"Ancient trees with silver bark stretch toward starlit skies, while glowing mushrooms light the winding paths.",creative
Write a short story about a cat,"Once upon a time, there was a clever cat named Whiskers who loved to explore.",creative
Write a haiku about nature,"Cherry blossoms fall
Gentle breeze carries petals
Spring's fleeting beauty",creative
Describe a magical forest,"Ancient trees with silver bark stretch toward starlit skies, while glowing mushrooms light the winding paths.",creative
Write a short story about a cat,"Once upon a time, there was a clever cat named Whiskers who loved to explore.",creative
Write a haiku about nature,"Cherry blossoms fall
Gentle breeze carries petals
Spring's fleeting beauty",creative
Describe a magical forest,"Ancient trees with silver bark stretch toward starlit skies, while glowing mushrooms light the winding paths.",creative
Write a short story about a cat,"Once upon a time, there was a clever cat named Whiskers who loved to explore.",creative
Write a haiku about nature,"Cherry blossoms fall
Gentle breeze carries petals
Spring's fleeting beauty",creative
Describe a magical forest,"Ancient trees with silver bark stretch toward starlit skies, while glowing mushrooms light the winding paths.",creative
Write a short story about a cat,"Once upon a time, there was a clever cat named Whiskers who loved to explore.",creative
Write a haiku about nature,"Cherry blossoms fall
Gentle breeze carries petals
Spring's fleeting beauty",creative
Describe a magical forest,"Ancient trees with silver bark stretch toward starlit skies, while glowing mushrooms light the winding paths.",creative
Write a short story about a cat,"Once upon a time, there was a clever cat named Whiskers who loved to explore.",creative
Write a haiku about nature,"Cherry blossoms fall
Gentle breeze carries petals
Spring's fleeting beauty",creative
Describe a magical forest,"Ancient trees with silver bark stretch toward starlit skies, while glowing mushrooms light the winding paths.",creative
Write a short story about a cat,"Once upon a time, there was a clever cat named Whiskers who loved to explore.",creative
Write a haiku about nature,"Cherry blossoms fall
Gentle breeze carries petals
Spring's fleeting beauty",creative
Describe a magical forest,"Ancient trees with silver bark stretch toward starlit skies, while glowing mushrooms light the winding paths.",creative
Write a short story about a cat,"Once upon a time, there was a clever cat named Whiskers who loved to explore.",creative
Write a haiku about nature,"Cherry blossoms fall
Gentle breeze carries petals
Spring's fleeting beauty",creative
Describe a magical forest,"Ancient trees with silver bark stretch toward starlit skies, while glowing mushrooms light the winding paths.",creative
Write a short story about a cat,"Once upon a time, there was a clever cat named Whiskers who loved to explore.",creative
Write a haiku about nature,"Cherry blossoms fall
Gentle breeze carries petals
Spring's fleeting beauty",creative
Describe a magical forest,"Ancient trees with silver bark stretch toward starlit skies, while glowing mushrooms light the winding paths.",creative
Write a short story about a cat,"Once upon a time, there was a clever cat named Whiskers who loved to explore.",creative
Write a haiku about nature,"Cherry blossoms fall
Gentle breeze carries petals
Spring's fleeting beauty",creative
Describe a magical forest,"Ancient trees with silver bark stretch toward starlit skies, while glowing mushrooms light the winding paths.",creative
Write a short story about a cat,"Once upon a time, there was a clever cat named Whiskers who loved to explore.",creative
Write a haiku about nature,"Cherry blossoms fall
Gentle breeze carries petals
Spring's fleeting beauty",creative
Describe a magical forest,"Ancient trees with silver bark stretch toward starlit skies, while glowing mushrooms light the winding paths.",creative
Write a short story about a cat,"Once upon a time, there was a clever cat named Whiskers who loved to explore.",creative
Write a haiku about nature,"Cherry blossoms fall
Gentle breeze carries petals
Spring's fleeting beauty",creative
Describe a magical forest,"Ancient trees with silver bark stretch toward starlit skies, while glowing mushrooms light the winding paths.",creative
Write a short story about a cat,"Once upon a time, there was a clever cat named Whiskers who loved to explore.",creative
Write a haiku about nature,"Cherry blossoms fall
Gentle breeze carries petals
Spring's fleeting beauty",creative
Describe a magical forest,"Ancient trees with silver bark stretch toward starlit skies, while glowing mushrooms light the winding paths.",creative
Write a short story about a cat,"Once upon a time, there was a clever cat named Whiskers who loved to explore.",creative
Write a haiku about nature,"Cherry blossoms fall
Gentle breeze carries petals
Spring's fleeting beauty",creative
Describe a magical forest,"Ancient trees with silver bark stretch toward starlit skies, while glowing mushrooms light the winding paths.",creative
Write a short story about a cat,"Once upon a time, there was a clever cat named Whiskers who loved to explore.",creative
Write a haiku about nature,"Cherry blossoms fall
Gentle breeze carries petals
Spring's fleeting beauty",creative
Describe a magical forest,"Ancient trees with silver bark stretch toward starlit skies, while glowing mushrooms light the winding paths.",creative
Write a short story about a cat,"Once upon a time, there was a clever cat named Whiskers who loved to explore.",creative
Write a haiku about nature,"Cherry blossoms fall
Gentle breeze carries petals
Spring's fleeting beauty",creative
Describe a magical forest,"Ancient trees with silver bark stretch toward starlit skies, while glowing mushrooms light the winding paths.",creative
Write a short story about a cat,"Once upon a time, there was a clever cat named Whiskers who loved to explore.",creative
Write a haiku about nature,"Cherry blossoms fall
Gentle breeze carries petals
Spring's fleeting beauty",creative
Describe a magical forest,"Ancient trees with silver bark stretch toward starlit skies, while glowing mushrooms light the winding paths.",creative
Write a short story about a cat,"Once upon a time, there was a clever cat named Whiskers who loved to explore.",creative
Write a haiku about nature,"Cherry blossoms fall
Gentle breeze carries petals
Spring's fleeting beauty",creative
Describe a magical forest,"Ancient trees with silver bark stretch toward starlit skies, while glowing mushrooms light the winding paths.",creative
Write a short story about a cat,"Once upon a time, there was a clever cat named Whiskers who loved to explore.",creative
Write a haiku about nature,"Cherry blossoms fall
Gentle breeze carries petals
Spring's fleeting beauty",creative
Describe a magical forest,"Ancient trees with silver bark stretch toward starlit skies, while glowing mushrooms light the winding paths.",creative
Write a short story about a cat,"Once upon a time, there was a clever cat named Whiskers who loved to explore.",creative
Write a haiku about nature,"Cherry blossoms fall
Gentle breeze carries petals
Spring's fleeting beauty",creative
Describe a magical forest,"Ancient trees with silver bark stretch toward starlit skies, while glowing mushrooms light the winding paths.",creative
Write a short story about a cat,"Once upon a time, there was a clever cat named Whiskers who loved to explore.",creative
Write a haiku about nature,"Cherry blossoms fall
Gentle breeze carries petals
Spring's fleeting beauty",creative
Describe a magical forest,"Ancient trees with silver bark stretch toward starlit skies, while glowing mushrooms light the winding paths.",creative
Write a short story about a cat,"Once upon a time, there was a clever cat named Whiskers who loved to explore.",creative
Write a haiku about nature,"Cherry blossoms fall
Gentle breeze carries petals
Spring's fleeting beauty",creative
Describe a magical forest,"Ancient trees with silver bark stretch toward starlit skies, while glowing mushrooms light the winding paths.",creative
Write a short story about a cat,"Once upon a time, there was a clever cat named Whiskers who loved to explore.",creative
Write a haiku about nature,"Cherry blossoms fall
Gentle breeze carries petals
Spring's fleeting beauty",creative
Describe a magical forest,"Ancient trees with silver bark stretch toward starlit skies, while glowing mushrooms light the winding paths.",creative
Write a short story about a cat,"Once upon a time, there was a clever cat named Whiskers who loved to explore.",creative
Write a haiku about nature,"Cherry blossoms fall
Gentle breeze carries petals
Spring's fleeting beauty",creative
Describe a magical forest,"Ancient trees with silver bark stretch toward starlit skies, while glowing mushrooms light the winding paths.",creative
Write a short story about a cat,"Once upon a time, there was a clever cat named Whiskers who loved to explore.",creative
Write a haiku about nature,"Cherry blossoms fall
Gentle breeze carries petals
Spring's fleeting beauty",creative
Describe a magical forest,"Ancient trees with silver bark stretch toward starlit skies, while glowing mushrooms light the winding paths.",creative
Write a short story about a cat,"Once upon a time, there was a clever cat named Whiskers who loved to explore.",creative
Write a haiku about nature,"Cherry blossoms fall
Gentle breeze carries petals
Spring's fleeting beauty",creative
Describe a magical forest,"Ancient trees with silver bark stretch toward starlit skies, while glowing mushrooms light the winding paths.",creative
Write a short story about a cat,"Once upon a time, there was a clever cat named Whiskers who loved to explore.",creative
Write a haiku about nature,"Cherry blossoms fall
Gentle breeze carries petals
Spring's fleeting beauty",creative
Describe a magical forest,"Ancient trees with silver bark stretch toward starlit skies, while glowing mushrooms light the winding paths.",creative
Write a short story about a cat,"Once upon a time, there was a clever cat named Whiskers who loved to explore.",creative
Write a haiku about nature,"Cherry blossoms fall
Gentle breeze carries petals
Spring's fleeting beauty",creative
Describe a magical forest,"Ancient trees with silver bark stretch toward starlit skies, while glowing mushrooms light the winding paths.",creative
Write a short story about a cat,"Once upon a time, there was a clever cat named Whiskers who loved to explore.",creative
Write a haiku about nature,"Cherry blossoms fall
Gentle breeze carries petals
Spring's fleeting beauty",creative
Describe a magical forest,"Ancient trees with silver bark stretch toward starlit skies, while glowing mushrooms light the winding paths.",creative
Write a short story about a cat,"Once upon a time, there was a clever cat named Whiskers who loved to explore.",creative
Write a haiku about nature,"Cherry blossoms fall
Gentle breeze carries petals
Spring's fleeting beauty",creative
Describe a magical forest,"Ancient trees with silver bark stretch toward starlit skies, while glowing mushrooms light the winding paths.",creative
Write a short story about a cat,"Once upon a time, there was a clever cat named Whiskers who loved to explore.",creative
Write a haiku about nature,"Cherry blossoms fall
Gentle breeze carries petals
Spring's fleeting beauty",creative
Describe a magical forest,"Ancient trees with silver bark stretch toward starlit skies, while glowing mushrooms light the winding paths.",creative
Write a short story about a cat,"Once upon a time, there was a clever cat named Whiskers who loved to explore.",creative
Write a haiku about nature,"Cherry blossoms fall
Gentle breeze carries petals
Spring's fleeting beauty",creative
Describe a magical forest,"Ancient trees with silver bark stretch toward starlit skies, while glowing mushrooms light the winding paths.",creative
Write a short story about a cat,"Once upon a time, there was a clever cat named Whiskers who loved to explore.",creative
Write a haiku about nature,"Cherry blossoms fall
Gentle breeze carries petals
Spring's fleeting beauty",creative
Describe a magical forest,"Ancient trees with silver bark stretch toward starlit skies, while glowing mushrooms light the winding paths.",creative
Write a short story about a cat,"Once upon a time, there was a clever cat named Whiskers who loved to explore.",creative
Write a haiku about nature,"Cherry blossoms fall
Gentle breeze carries petals
Spring's fleeting beauty",creative
Describe a magical forest,"Ancient trees with silver bark stretch toward starlit skies, while glowing mushrooms light the winding paths.",creative
Write a short story about a cat,"Once upon a time, there was a clever cat named Whiskers who loved to explore.",creative
Write a haiku about nature,"Cherry blossoms fall
Gentle breeze carries petals
Spring's fleeting beauty",creative
Describe a magical forest,"Ancient trees with silver bark stretch toward starlit skies, while glowing mushrooms light the winding paths.",creative
Write a short story about a cat,"Once upon a time, there was a clever cat named Whiskers who loved to explore.",creative
Write a haiku about nature,"Cherry blossoms fall
Gentle breeze carries petals
Spring's fleeting beauty",creative
Describe a magical forest,"Ancient trees with silver bark stretch toward starlit skies, while glowing mushrooms light the winding paths.",creative
Write a short story about a cat,"Once upon a time, there was a clever cat named Whiskers who loved to explore.",creative
Write a haiku about nature,"Cherry blossoms fall
Gentle breeze carries petals
Spring's fleeting beauty",creative
Describe a magical forest,"Ancient trees with silver bark stretch toward starlit skies, while glowing mushrooms light the winding paths.",creative
Write a short story about a cat,"Once upon a time, there was a clever cat named Whiskers who loved to explore.",creative
Write a haiku about nature,"Cherry blossoms fall
Gentle breeze carries petals
Spring's fleeting beauty",creative
Describe a magical forest,"Ancient trees with silver bark stretch toward starlit skies, while glowing mushrooms light the winding paths.",creative
Write a short story about a cat,"Once upon a time, there was a clever cat named Whiskers who loved to explore.",creative
Write a haiku about nature,"Cherry blossoms fall
Gentle breeze carries petals
Spring's fleeting beauty",creative
Describe a magical forest,"Ancient trees with silver bark stretch toward starlit skies, while glowing mushrooms light the winding paths.",creative
Write a short story about a cat,"Once upon a time, there was a clever cat named Whiskers who loved to explore.",creative
Write a haiku about nature,"Cherry blossoms fall
Gentle breeze carries petals
Spring's fleeting beauty",creative
Describe a magical forest,"Ancient trees with silver bark stretch toward starlit skies, while glowing mushrooms light the winding paths.",creative
Write a short story about a cat,"Once upon a time, there was a clever cat named Whiskers who loved to explore.",creative
Write a haiku about nature,"Cherry blossoms fall
Gentle breeze carries petals
Spring's fleeting beauty",creative
Describe a magical forest,"Ancient trees with silver bark stretch toward starlit skies, while glowing mushrooms light the winding paths.",creative
Write a short story about a cat,"Once upon a time, there was a clever cat named Whiskers who loved to explore.",creative
Write a haiku about nature,"Cherry blossoms fall
Gentle breeze carries petals
Spring's fleeting beauty",creative
Describe a magical forest,"Ancient trees with silver bark stretch toward starlit skies, while glowing mushrooms light the winding paths.",creative
Write a short story about a cat,"Once upon a time, there was a clever cat named Whiskers who loved to explore.",creative
Write a haiku about nature,"Cherry blossoms fall
Gentle breeze carries petals
Spring's fleeting beauty",creative
Describe a magical forest,"Ancient trees with silver bark stretch toward starlit skies, while glowing mushrooms light the winding paths.",creative
Write a short story about a cat,"Once upon a time, there was a clever cat named Whiskers who loved to explore.",creative
Write a haiku about nature,"Cherry blossoms fall
Gentle breeze carries petals
Spring's fleeting beauty",creative
Describe a magical forest,"Ancient trees with silver bark stretch toward starlit skies, while glowing mushrooms light the winding paths.",creative
Write a short story about a cat,"Once upon a time, there was a clever cat named Whiskers who loved to explore.",creative
Write a haiku about nature,"Cherry blossoms fall
Gentle breeze carries petals
Spring's fleeting beauty",creative
Describe a magical forest,"Ancient trees with silver bark stretch toward starlit skies, while glowing mushrooms light the winding paths.",creative
Write a short story about a cat,"Once upon a time, there was a clever cat named Whiskers who loved to explore.",creative
Write a haiku about nature,"Cherry blossoms fall
Gentle breeze carries petals
Spring's fleeting beauty",creative
Describe a magical forest,"Ancient trees with silver bark stretch toward starlit skies, while glowing mushrooms light the winding paths.",creative
Write a short story about a cat,"Once upon a time, there was a clever cat named Whiskers who loved to explore.",creative
Write a haiku about nature,"Cherry blossoms fall
Gentle breeze carries petals
Spring's fleeting beauty",creative
Describe a magical forest,"Ancient trees with silver bark stretch toward starlit skies, while glowing mushrooms light the winding paths.",creative
Write a short story about a cat,"Once upon a time, there was a clever cat named Whiskers who loved to explore.",creative
Write a haiku about nature,"Cherry blossoms fall
Gentle breeze carries petals
Spring's fleeting beauty",creative
Describe a magical forest,"Ancient trees with silver bark stretch toward starlit skies, while glowing mushrooms light the winding paths.",creative
Write a short story about a cat,"Once upon a time, there was a clever cat named Whiskers who loved to explore.",creative
Write a haiku about nature,"Cherry blossoms fall
Gentle breeze carries petals
Spring's fleeting beauty",creative
Describe a magical forest,"Ancient trees with silver bark stretch toward starlit skies, while glowing mushrooms light the winding paths.",creative
Write a short story about a cat,"Once upon a time, there was a clever cat named Whiskers who loved to explore.",creative
Write a haiku about nature,"Cherry blossoms fall
Gentle breeze carries petals
Spring's fleeting beauty",creative
Describe a magical forest,"Ancient trees with silver bark stretch toward starlit skies, while glowing mushrooms light the winding paths.",creative
Write a short story about a cat,"Once upon a time, there was a clever cat named Whiskers who loved to explore.",creative
Write a haiku about nature,"Cherry blossoms fall
Gentle breeze carries petals
Spring's fleeting beauty",creative
Describe a magical forest,"Ancient trees with silver bark stretch toward starlit skies, while glowing mushrooms light the winding paths.",creative
Write a short story about a cat,"Once upon a time, there was a clever cat named Whiskers who loved to explore.",creative
Write a haiku about nature,"Cherry blossoms fall
Gentle breeze carries petals
Spring's fleeting beauty",creative
Describe a magical forest,"Ancient trees with silver bark stretch toward starlit skies, while glowing mushrooms light the winding paths.",creative
Write a short story about a cat,"Once upon a time, there was a clever cat named Whiskers who loved to explore.",creative
Write a haiku about nature,"Cherry blossoms fall
Gentle breeze carries petals
Spring's fleeting beauty",creative
Describe a magical forest,"Ancient trees with silver bark stretch toward starlit skies, while glowing mushrooms light the winding paths.",creative
Write a short story about a cat,"Once upon a time, there was a clever cat named Whiskers who loved to explore.",creative
Write a haiku about nature,"Cherry blossoms fall
Gentle breeze carries petals
Spring's fleeting beauty",creative
Describe a magical forest,"Ancient trees with silver bark stretch toward starlit skies, while glowing mushrooms light the winding paths.",creative
Write a short story about a cat,"Once upon a time, there was a clever cat named Whiskers who loved to explore.",creative
Write a haiku about nature,"Cherry blossoms fall
Gentle breeze carries petals
Spring's fleeting beauty",creative
Describe a magical forest,"Ancient trees with silver bark stretch toward starlit skies, while glowing mushrooms light the winding paths.",creative
Write a short story about a cat,"Once upon a time, there was a clever cat named Whiskers who loved to explore.",creative
Write a haiku about nature,"Cherry blossoms fall
Gentle breeze carries petals
Spring's fleeting beauty",creative
Describe a magical forest,"Ancient trees with silver bark stretch toward starlit skies, while glowing mushrooms light the winding paths.",creative
Write a short story about a cat,"Once upon a time, there was a clever cat named Whiskers who loved to explore.",creative
Write a haiku about nature,"Cherry blossoms fall
Gentle breeze carries petals
Spring's fleeting beauty",creative
Describe a magical forest,"Ancient trees with silver bark stretch toward starlit skies, while glowing mushrooms light the winding paths.",creative
Write a short story about a cat,"Once upon a time, there was a clever cat named Whiskers who loved to explore.",creative
Write a haiku about nature,"Cherry blossoms fall
Gentle breeze carries petals
Spring's fleeting beauty",creative
Describe a magical forest,"Ancient trees with silver bark stretch toward starlit skies, while glowing mushrooms light the winding paths.",creative
Write a short story about a cat,"Once upon a time, there was a clever cat named Whiskers who loved to explore.",creative
Write a haiku about nature,"Cherry blossoms fall
Gentle breeze carries petals
Spring's fleeting beauty",creative
Describe a magical forest,"Ancient trees with silver bark stretch toward starlit skies, while glowing mushrooms light the winding paths.",creative
Write a short story about a cat,"Once upon a time, there was a clever cat named Whiskers who loved to explore.",creative
Write a haiku about nature,"Cherry blossoms fall
Gentle breeze carries petals
Spring's fleeting beauty",creative
Describe a magical forest,"Ancient trees with silver bark stretch toward starlit skies, while glowing mushrooms light the winding paths.",creative
Write a short story about a cat,"Once upon a time, there was a clever cat named Whiskers who loved to explore.",creative
Write a haiku about nature,"Cherry blossoms fall
Gentle breeze carries petals
Spring's fleeting beauty",creative
Describe a magical forest,"Ancient trees with silver bark stretch toward starlit skies, while glowing mushrooms light the winding paths.",creative
Write a short story about a cat,"Once upon a time, there was a clever cat named Whiskers who loved to explore.",creative
Write a haiku about nature,"Cherry blossoms fall
Gentle breeze carries petals
Spring's fleeting beauty",creative
Describe a magical forest,"Ancient trees with silver bark stretch toward starlit skies, while glowing mushrooms light the winding paths.",creative
Write a short story about a cat,"Once upon a time, there was a clever cat named Whiskers who loved to explore.",creative
Write a haiku about nature,"Cherry blossoms fall
Gentle breeze carries petals
Spring's fleeting beauty",creative
Describe a magical forest,"Ancient trees with silver bark stretch toward starlit skies, while glowing mushrooms light the winding paths.",creative
Write a short story about a cat,"Once upon a time, there was a clever cat named Whiskers who loved to explore.",creative
Write a haiku about nature,"Cherry blossoms fall
Gentle breeze carries petals
Spring's fleeting beauty",creative
Describe a magical forest,"Ancient trees with silver bark stretch toward starlit skies, while glowing mushrooms light the winding paths.",creative
Write a short story about a cat,"Once upon a time, there was a clever cat named Whiskers who loved to explore.",creative
Write a haiku about nature,"Cherry blossoms fall
Gentle breeze carries petals
Spring's fleeting beauty",creative
Describe a magical forest,"Ancient trees with silver bark stretch toward starlit skies, while glowing mushrooms light the winding paths.",creative
Write a short story about a cat,"Once upon a time, there was a clever cat named Whiskers who loved to explore.",creative
Write a haiku about nature,"Cherry blossoms fall
Gentle breeze carries petals
Spring's fleeting beauty",creative
Describe a magical forest,"Ancient trees with silver bark stretch toward starlit skies, while glowing mushrooms light the winding paths.",creative
Write a short story about a cat,"Once upon a time, there was a clever cat named Whiskers who loved to explore.",creative
Write a haiku about nature,"Cherry blossoms fall
Gentle breeze carries petals
Spring's fleeting beauty",creative
Describe a magical forest,"Ancient trees with silver bark stretch toward starlit skies, while glowing mushrooms light the winding paths.",creative
Write a short story about a cat,"Once upon a time, there was a clever cat named Whiskers who loved to explore.",creative
Write a haiku about nature,"Cherry blossoms fall
Gentle breeze carries petals
Spring's fleeting beauty",creative
Describe a magical forest,"Ancient trees with silver bark stretch toward starlit skies, while glowing mushrooms light the winding paths.",creative
Write a short story about a cat,"Once upon a time, there was a clever cat named Whiskers who loved to explore.",creative
Write a haiku about nature,"Cherry blossoms fall
Gentle breeze carries petals
Spring's fleeting beauty",creative
Describe a magical forest,"Ancient trees with silver bark stretch toward starlit skies, while glowing mushrooms light the winding paths.",creative
Write a short story about a cat,"Once upon a time, there was a clever cat named Whiskers who loved to explore.",creative
Write a haiku about nature,"Cherry blossoms fall
Gentle breeze carries petals
Spring's fleeting beauty",creative
Describe a magical forest,"Ancient trees with silver bark stretch toward starlit skies, while glowing mushrooms light the winding paths.",creative
Write a short story about a cat,"Once upon a time, there was a clever cat named Whiskers who loved to explore.",creative
Write a haiku about nature,"Cherry blossoms fall
Gentle breeze carries petals
Spring's fleeting beauty",creative
Describe a magical forest,"Ancient trees with silver bark stretch toward starlit skies, while glowing mushrooms light the winding paths.",creative
Write a short story about a cat,"Once upon a time, there was a clever cat named Whiskers who loved to explore.",creative
Write a haiku about nature,"Cherry blossoms fall
Gentle breeze carries petals
Spring's fleeting beauty",creative
Describe a magical forest,"Ancient trees with silver bark stretch toward starlit skies, while glowing mushrooms light the winding paths.",creative
Write a short story about a cat,"Once upon a time, there was a clever cat named Whiskers who loved to explore.",creative
Write a haiku about nature,"Cherry blossoms fall
Gentle breeze carries petals
Spring's fleeting beauty",creative
Describe a magical forest,"Ancient trees with silver bark stretch toward starlit skies, while glowing mushrooms light the winding paths.",creative
Write a short story about a cat,"Once upon a time, there was a clever cat named Whiskers who loved to explore.",creative
Write a haiku about nature,"Cherry blossoms fall
Gentle breeze carries petals
Spring's fleeting beauty",creative
Describe a magical forest,"Ancient trees with silver bark stretch toward starlit skies, while glowing mushrooms light the winding paths.",creative
Write a short story about a cat,"Once upon a time, there was a clever cat named Whiskers who loved to explore.",creative
Write a haiku about nature,"Cherry blossoms fall
Gentle breeze carries petals
Spring's fleeting beauty",creative
Describe a magical forest,"Ancient trees with silver bark stretch toward starlit skies, while glowing mushrooms light the winding paths.",creative
Write a short story about a cat,"Once upon a time, there was a clever cat named Whiskers who loved to explore.",creative
Write a haiku about nature,"Cherry blossoms fall
Gentle breeze carries petals
Spring's fleeting beauty",creative
Describe a magical forest,"Ancient trees with silver bark stretch toward starlit skies, while glowing mushrooms light the winding paths.",creative
Write a short story about a cat,"Once upon a time, there was a clever cat named Whiskers who loved to explore.",creative
Write a haiku about nature,"Cherry blossoms fall
Gentle breeze carries petals
Spring's fleeting beauty",creative
Describe a magical forest,"Ancient trees with silver bark stretch toward starlit skies, while glowing mushrooms light the winding paths.",creative
Write a short story about a cat,"Once upon a time, there was a clever cat named Whiskers who loved to explore.",creative
Write a haiku about nature,"Cherry blossoms fall
Gentle breeze carries petals
Spring's fleeting beauty",creative
Describe a magical forest,"Ancient trees with silver bark stretch toward starlit skies, while glowing mushrooms light the winding paths.",creative
Write a short story about a cat,"Once upon a time, there was a clever cat named Whiskers who loved to explore.",creative
Write a haiku about nature,"Cherry blossoms fall
Gentle breeze carries petals
Spring's fleeting beauty",creative
Describe a magical forest,"Ancient trees with silver bark stretch toward starlit skies, while glowing mushrooms light the winding paths.",creative
Write a short story about a cat,"Once upon a time, there was a clever cat named Whiskers who loved to explore.",creative
Write a haiku about nature,"Cherry blossoms fall
Gentle breeze carries petals
Spring's fleeting beauty",creative
Describe a magical forest,"Ancient trees with silver bark stretch toward starlit skies, while glowing mushrooms light the winding paths.",creative
Write a short story about a cat,"Once upon a time, there was a clever cat named Whiskers who loved to explore.",creative
Write a haiku about nature,"Cherry blossoms fall
Gentle breeze carries petals
Spring's fleeting beauty",creative
Describe a magical forest,"Ancient trees with silver bark stretch toward starlit skies, while glowing mushrooms light the winding paths.",creative
Write a short story about a cat,"Once upon a time, there was a clever cat named Whiskers who loved to explore.",creative
Write a haiku about nature,"Cherry blossoms fall
Gentle breeze carries petals
Spring's fleeting beauty",creative
Describe a magical forest,"Ancient trees with silver bark stretch toward starlit skies, while glowing mushrooms light the winding paths.",creative
Write a short story about a cat,"Once upon a time, there was a clever cat named Whiskers who loved to explore.",creative
Write a haiku about nature,"Cherry blossoms fall
Gentle breeze carries petals
Spring's fleeting beauty",creative
Describe a magical forest,"Ancient trees with silver bark stretch toward starlit skies, while glowing mushrooms light the winding paths.",creative
Write a short story about a cat,"Once upon a time, there was a clever cat named Whiskers who loved to explore.",creative
Write a haiku about nature,"Cherry blossoms fall
Gentle breeze carries petals
Spring's fleeting beauty",creative
Describe a magical forest,"Ancient trees with silver bark stretch toward starlit skies, while glowing mushrooms light the winding paths.",creative
Write a short story about a cat,"Once upon a time, there was a clever cat named Whiskers who loved to explore.",creative
Write a haiku about nature,"Cherry blossoms fall
Gentle breeze carries petals
Spring's fleeting beauty",creative
Describe a magical forest,"Ancient trees with silver bark stretch toward starlit skies, while glowing mushrooms light the winding paths.",creative
Write a short story about a cat,"Once upon a time, there was a clever cat named Whiskers who loved to explore.",creative
Write a haiku about nature,"Cherry blossoms fall
Gentle breeze carries petals
Spring's fleeting beauty",creative
Describe a magical forest,"Ancient trees with silver bark stretch toward starlit skies, while glowing mushrooms light the winding paths.",creative
Write a short story about a cat,"Once upon a time, there was a clever cat named Whiskers who loved to explore.",creative
Write a haiku about nature,"Cherry blossoms fall
Gentle breeze carries petals
Spring's fleeting beauty",creative
Describe a magical forest,"Ancient trees with silver bark stretch toward starlit skies, while glowing mushrooms light the winding paths.",creative
Write a short story about a cat,"Once upon a time, there was a clever cat named Whiskers who loved to explore.",creative
Write a haiku about nature,"Cherry blossoms fall
Gentle breeze carries petals
Spring's fleeting beauty",creative
Describe a magical forest,"Ancient trees with silver bark stretch toward starlit skies, while glowing mushrooms light the winding paths.",creative
Write a short story about a cat,"Once upon a time, there was a clever cat named Whiskers who loved to explore.",creative
Write a haiku about nature,"Cherry blossoms fall
Gentle breeze carries petals
Spring's fleeting beauty",creative
Describe a magical forest,"Ancient trees with silver bark stretch toward starlit skies, while glowing mushrooms light the winding paths.",creative
Write a short story about a cat,"Once upon a time, there was a clever cat named Whiskers who loved to explore.",creative
Write a haiku about nature,"Cherry blossoms fall
Gentle breeze carries petals
Spring's fleeting beauty",creative
Describe a magical forest,"Ancient trees with silver bark stretch toward starlit skies, while glowing mushrooms light the winding paths.",creative
Write a short story about a cat,"Once upon a time, there was a clever cat named Whiskers who loved to explore.",creative
Write a haiku about nature,"Cherry blossoms fall
Gentle breeze carries petals
Spring's fleeting beauty",creative
Describe a magical forest,"Ancient trees with silver bark stretch toward starlit skies, while glowing mushrooms light the winding paths.",creative
Write a short story about a cat,"Once upon a time, there was a clever cat named Whiskers who loved to explore.",creative
Write a haiku about nature,"Cherry blossoms fall
Gentle breeze carries petals
Spring's fleeting beauty",creative
Describe a magical forest,"Ancient trees with silver bark stretch toward starlit skies, while glowing mushrooms light the winding paths.",creative
Write a short story about a cat,"Once upon a time, there was a clever cat named Whiskers who loved to explore.",creative
Write a haiku about nature,"Cherry blossoms fall
Gentle breeze carries petals
Spring's fleeting beauty",creative
Describe a magical forest,"Ancient trees with silver bark stretch toward starlit skies, while glowing mushrooms light the winding paths.",creative
Write a short story about a cat,"Once upon a time, there was a clever cat named Whiskers who loved to explore.",creative
Write a haiku about nature,"Cherry blossoms fall
Gentle breeze carries petals
Spring's fleeting beauty",creative
Describe a magical forest,"Ancient trees with silver bark stretch toward starlit skies, while glowing mushrooms light the winding paths.",creative
Write a short story about a cat,"Once upon a time, there was a clever cat named Whiskers who loved to explore.",creative
Write a haiku about nature,"Cherry blossoms fall
Gentle breeze carries petals
Spring's fleeting beauty",creative
Describe a magical forest,"Ancient trees with silver bark stretch toward starlit skies, while glowing mushrooms light the winding paths.",creative
Write a short story about a cat,"Once upon a time, there was a clever cat named Whiskers who loved to explore.",creative
Write a haiku about nature,"Cherry blossoms fall
Gentle breeze carries petals
Spring's fleeting beauty",creative
Describe a magical forest,"Ancient trees with silver bark stretch toward starlit skies, while glowing mushrooms light the winding paths.",creative
Write a short story about a cat,"Once upon a time, there was a clever cat named Whiskers who loved to explore.",creative
Write a haiku about nature,"Cherry blossoms fall
Gentle breeze carries petals
Spring's fleeting beauty",creative
Describe a magical forest,"Ancient trees with silver bark stretch toward starlit skies, while glowing mushrooms light the winding paths.",creative
Write a short story about a cat,"Once upon a time, there was a clever cat named Whiskers who loved to explore.",creative
Write a haiku about nature,"Cherry blossoms fall
Gentle breeze carries petals
Spring's fleeting beauty",creative
Describe a magical forest,"Ancient trees with silver bark stretch toward starlit skies, while glowing mushrooms light the winding paths.",creative
Write a short story about a cat,"Once upon a time, there was a clever cat named Whiskers who loved to explore.",creative
Write a haiku about nature,"Cherry blossoms fall
Gentle breeze carries petals
Spring's fleeting beauty",creative
Describe a magical forest,"Ancient trees with silver bark stretch toward starlit skies, while glowing mushrooms light the winding paths.",creative
Write a short story about a cat,"Once upon a time, there was a clever cat named Whiskers who loved to explore.",creative
Write a haiku about nature,"Cherry blossoms fall
Gentle breeze carries petals
Spring's fleeting beauty",creative
Describe a magical forest,"Ancient trees with silver bark stretch toward starlit skies, while glowing mushrooms light the winding paths.",creative
Write a short story about a cat,"Once upon a time, there was a clever cat named Whiskers who loved to explore.",creative
Write a haiku about nature,"Cherry blossoms fall
Gentle breeze carries petals
Spring's fleeting beauty",creative
Describe a magical forest,"Ancient trees with silver bark stretch toward starlit skies, while glowing mushrooms light the winding paths.",creative
Write a short story about a cat,"Once upon a time, there was a clever cat named Whiskers who loved to explore.",creative
Write a haiku about nature,"Cherry blossoms fall
Gentle breeze carries petals
Spring's fleeting beauty",creative
Describe a magical forest,"Ancient trees with silver bark stretch toward starlit skies, while glowing mushrooms light the winding paths.",creative
Write a short story about a cat,"Once upon a time, there was a clever cat named Whiskers who loved to explore.",creative
Write a haiku about nature,"Cherry blossoms fall
Gentle breeze carries petals
Spring's fleeting beauty",creative
Describe a magical forest,"Ancient trees with silver bark stretch toward starlit skies, while glowing mushrooms light the winding paths.",creative
Write a short story about a cat,"Once upon a time, there was a clever cat named Whiskers who loved to explore.",creative
Write a haiku about nature,"Cherry blossoms fall
Gentle breeze carries petals
Spring's fleeting beauty",creative
Describe a magical forest,"Ancient trees with silver bark stretch toward starlit skies, while glowing mushrooms light the winding paths.",creative
Write a short story about a cat,"Once upon a time, there was a clever cat named Whiskers who loved to explore.",creative
Write a haiku about nature,"Cherry blossoms fall
Gentle breeze carries petals
Spring's fleeting beauty",creative
Describe a magical forest,"Ancient trees with silver bark stretch toward starlit skies, while glowing mushrooms light the winding paths.",creative
Write a short story about a cat,"Once upon a time, there was a clever cat named Whiskers who loved to explore.",creative
Write a haiku about nature,"Cherry blossoms fall
Gentle breeze carries petals
Spring's fleeting beauty",creative
Describe a magical forest,"Ancient trees with silver bark stretch toward starlit skies, while glowing mushrooms light the winding paths.",creative
Write a short story about a cat,"Once upon a time, there was a clever cat named Whiskers who loved to explore.",creative
Write a haiku about nature,"Cherry blossoms fall
Gentle breeze carries petals
Spring's fleeting beauty",creative
Describe a magical forest,"Ancient trees with silver bark stretch toward starlit skies, while glowing mushrooms light the winding paths.",creative
Write a short story about a cat,"Once upon a time, there was a clever cat named Whiskers who loved to explore.",creative
Write a haiku about nature,"Cherry blossoms fall
Gentle breeze carries petals
Spring's fleeting beauty",creative
Describe a magical forest,"Ancient trees with silver bark stretch toward starlit skies, while glowing mushrooms light the winding paths.",creative
Write a short story about a cat,"Once upon a time, there was a clever cat named Whiskers who loved to explore.",creative
Write a haiku about nature,"Cherry blossoms fall
Gentle breeze carries petals
Spring's fleeting beauty",creative
Describe a magical forest,"Ancient trees with silver bark stretch toward starlit skies, while glowing mushrooms light the winding paths.",creative
Write a short story about a cat,"Once upon a time, there was a clever cat named Whiskers who loved to explore.",creative
Write a haiku about nature,"Cherry blossoms fall
Gentle breeze carries petals
Spring's fleeting beauty",creative
Describe a magical forest,"Ancient trees with silver bark stretch toward starlit skies, while glowing mushrooms light the winding paths.",creative
Write a short story about a cat,"Once upon a time, there was a clever cat named Whiskers who loved to explore.",creative
Write a haiku about nature,"Cherry blossoms fall
Gentle breeze carries petals
Spring's fleeting beauty",creative
Describe a magical forest,"Ancient trees with silver bark stretch toward starlit skies, while glowing mushrooms light the winding paths.",creative
Write a short story about a cat,"Once upon a time, there was a clever cat named Whiskers who loved to explore.",creative
Write a haiku about nature,"Cherry blossoms fall
Gentle breeze carries petals
Spring's fleeting beauty",creative
Describe a magical forest,"Ancient trees with silver bark stretch toward starlit skies, while glowing mushrooms light the winding paths.",creative
Write a short story about a cat,"Once upon a time, there was a clever cat named Whiskers who loved to explore.",creative
Write a haiku about nature,"Cherry blossoms fall
Gentle breeze carries petals
Spring's fleeting beauty",creative
Describe a magical forest,"Ancient trees with silver bark stretch toward starlit skies, while glowing mushrooms light the winding paths.",creative
Write a short story about a cat,"Once upon a time, there was a clever cat named Whiskers who loved to explore.",creative
Write a haiku about nature,"Cherry blossoms fall
Gentle breeze carries petals
Spring's fleeting beauty",creative
Describe a magical forest,"Ancient trees with silver bark stretch toward starlit skies, while glowing mushrooms light the winding paths.",creative
Write a short story about a cat,"Once upon a time, there was a clever cat named Whiskers who loved to explore.",creative
Write a haiku about nature,"Cherry blossoms fall
Gentle breeze carries petals
Spring's fleeting beauty",creative
Describe a magical forest,"Ancient trees with silver bark stretch toward starlit skies, while glowing mushrooms light the winding paths.",creative
Write a short story about a cat,"Once upon a time, there was a clever cat named Whiskers who loved to explore.",creative
Write a haiku about nature,"Cherry blossoms fall
Gentle breeze carries petals
Spring's fleeting beauty",creative
Describe a magical forest,"Ancient trees with silver bark stretch toward starlit skies, while glowing mushrooms light the winding paths.",creative
Write a short story about a cat,"Once upon a time, there was a clever cat named Whiskers who loved to explore.",creative
Write a haiku about nature,"Cherry blossoms fall
Gentle breeze carries petals
Spring's fleeting beauty",creative
Describe a magical forest,"Ancient trees with silver bark stretch toward starlit skies, while glowing mushrooms light the winding paths.",creative
Write a short story about a cat,"Once upon a time, there was a clever cat named Whiskers who loved to explore.",creative
Write a haiku about nature,"Cherry blossoms fall
Gentle breeze carries petals
Spring's fleeting beauty",creative
Describe a magical forest,"Ancient trees with silver bark stretch toward starlit skies, while glowing mushrooms light the winding paths.",creative
Write a short story about a cat,"Once upon a time, there was a clever cat named Whiskers who loved to explore.",creative
Write a haiku about nature,"Cherry blossoms fall
Gentle breeze carries petals
Spring's fleeting beauty",creative
Describe a magical forest,"Ancient trees with silver bark stretch toward starlit skies, while glowing mushrooms light the winding paths.",creative
Write a short story about a cat,"Once upon a time, there was a clever cat named Whiskers who loved to explore.",creative
Write a haiku about nature,"Cherry blossoms fall
Gentle breeze carries petals
Spring's fleeting beauty",creative
Describe a magical forest,"Ancient trees with silver bark stretch toward starlit skies, while glowing mushrooms light the winding paths.",creative
Write a short story about a cat,"Once upon a time, there was a clever cat named Whiskers who loved to explore.",creative
Write a haiku about nature,"Cherry blossoms fall
Gentle breeze carries petals
Spring's fleeting beauty",creative
Describe a magical forest,"Ancient trees with silver bark stretch toward starlit skies, while glowing mushrooms light the winding paths.",creative
Write a short story about a cat,"Once upon a time, there was a clever cat named Whiskers who loved to explore.",creative
Write a haiku about nature,"Cherry blossoms fall
Gentle breeze carries petals
Spring's fleeting beauty",creative
Describe a magical forest,"Ancient trees with silver bark stretch toward starlit skies, while glowing mushrooms light the winding paths.",creative
Write a short story about a cat,"Once upon a time, there was a clever cat named Whiskers who loved to explore.",creative
Write a haiku about nature,"Cherry blossoms fall
Gentle breeze carries petals
Spring's fleeting beauty",creative
Describe a magical forest,"Ancient trees with silver bark stretch toward starlit skies, while glowing mushrooms light the winding paths.",creative
Write a short story about a cat,"Once upon a time, there was a clever cat named Whiskers who loved to explore.",creative
Write a haiku about nature,"Cherry blossoms fall
Gentle breeze carries petals
Spring's fleeting beauty",creative
Describe a magical forest,"Ancient trees with silver bark stretch toward starlit skies, while glowing mushrooms light the winding paths.",creative
Write a short story about a cat,"Once upon a time, there was a clever cat named Whiskers who loved to explore.",creative
Write a haiku about nature,"Cherry blossoms fall
Gentle breeze carries petals
Spring's fleeting beauty",creative
Describe a magical forest,"Ancient trees with silver bark stretch toward starlit skies, while glowing mushrooms light the winding paths.",creative
Write a short story about a cat,"Once upon a time, there was a clever cat named Whiskers who loved to explore.",creative
Write a haiku about nature,"Cherry blossoms fall
Gentle breeze carries petals
Spring's fleeting beauty",creative
Describe a magical forest,"Ancient trees with silver bark stretch toward starlit skies, while glowing mushrooms light the winding paths.",creative
Write a short story about a cat,"Once upon a time, there was a clever cat named Whiskers who loved to explore.",creative
Write a haiku about nature,"Cherry blossoms fall
Gentle breeze carries petals
Spring's fleeting beauty",creative
Describe a magical forest,"Ancient trees with silver bark stretch toward starlit skies, while glowing mushrooms light the winding paths.",creative
Write a short story about a cat,"Once upon a time, there was a clever cat named Whiskers who loved to explore.",creative
Write a haiku about nature,"Cherry blossoms fall
Gentle breeze carries petals
Spring's fleeting beauty",creative
Describe a magical forest,"Ancient trees with silver bark stretch toward starlit skies, while glowing mushrooms light the winding paths.",creative
Write a short story about a cat,"Once upon a time, there was a clever cat named Whiskers who loved to explore.",creative
Write a haiku about nature,"Cherry blossoms fall
Gentle breeze carries petals
Spring's fleeting beauty",creative
Describe a magical forest,"Ancient trees with silver bark stretch toward starlit skies, while glowing mushrooms light the winding paths.",creative
Write a short story about a cat,"Once upon a time, there was a clever cat named Whiskers who loved to explore.",creative
Write a haiku about nature,"Cherry blossoms fall
Gentle breeze carries petals
Spring's fleeting beauty",creative
Describe a magical forest,"Ancient trees with silver bark stretch toward starlit skies, while glowing mushrooms light the winding paths.",creative
Write a short story about a cat,"Once upon a time, there was a clever cat named Whiskers who loved to explore.",creative
Write a haiku about nature,"Cherry blossoms fall
Gentle breeze carries petals
Spring's fleeting beauty",creative
Describe a magical forest,"Ancient trees with silver bark stretch toward starlit skies, while glowing mushrooms light the winding paths.",creative
Write a short story about a cat,"Once upon a time, there was a clever cat named Whiskers who loved to explore.",creative
Write a haiku about nature,"Cherry blossoms fall
Gentle breeze carries petals
Spring's fleeting beauty",creative
Describe a magical forest,"Ancient trees with silver bark stretch toward starlit skies, while glowing mushrooms light the winding paths.",creative
Write a short story about a cat,"Once upon a time, there was a clever cat named Whiskers who loved to explore.",creative
Write a haiku about nature,"Cherry blossoms fall
Gentle breeze carries petals
Spring's fleeting beauty",creative
Describe a magical forest,"Ancient trees with silver bark stretch toward starlit skies, while glowing mushrooms light the winding paths.",creative
Write a short story about a cat,"Once upon a time, there was a clever cat named Whiskers who loved to explore.",creative
Write a haiku about nature,"Cherry blossoms fall
Gentle breeze carries petals
Spring's fleeting beauty",creative
Describe a magical forest,"Ancient trees with silver bark stretch toward starlit skies, while glowing mushrooms light the winding paths.",creative
Write a short story about a cat,"Once upon a time, there was a clever cat named Whiskers who loved to explore.",creative
Write a haiku about nature,"Cherry blossoms fall
Gentle breeze carries petals
Spring's fleeting beauty",creative
Describe a magical forest,"Ancient trees with silver bark stretch toward starlit skies, while glowing mushrooms light the winding paths.",creative
Write a short story about a cat,"Once upon a time, there was a clever cat named Whiskers who loved to explore.",creative
Write a haiku about nature,"Cherry blossoms fall
Gentle breeze carries petals
Spring's fleeting beauty",creative
Describe a magical forest,"Ancient trees with silver bark stretch toward starlit skies, while glowing mushrooms light the winding paths.",creative
Write a short story about a cat,"Once upon a time, there was a clever cat named Whiskers who loved to explore.",creative
Write a haiku about nature,"Cherry blossoms fall
Gentle breeze carries petals
Spring's fleeting beauty",creative
Describe a magical forest,"Ancient trees with silver bark stretch toward starlit skies, while glowing mushrooms light the winding paths.",creative
Write a short story about a cat,"Once upon a time, there was a clever cat named Whiskers who loved to explore.",creative
Write a haiku about nature,"Cherry blossoms fall
Gentle breeze carries petals
Spring's fleeting beauty",creative
Describe a magical forest,"Ancient trees with silver bark stretch toward starlit skies, while glowing mushrooms light the winding paths.",creative
Write a short story about a cat,"Once upon a time, there was a clever cat named Whiskers who loved to explore.",creative
Write a haiku about nature,"Cherry blossoms fall
Gentle breeze carries petals
Spring's fleeting beauty",creative
Describe a magical forest,"Ancient trees with silver bark stretch toward starlit skies, while glowing mushrooms light the winding paths.",creative
Write a short story about a cat,"Once upon a time, there was a clever cat named Whiskers who loved to explore.",creative
Write a haiku about nature,"Cherry blossoms fall
Gentle breeze carries petals
Spring's fleeting beauty",creative
Describe a magical forest,"Ancient trees with silver bark stretch toward starlit skies, while glowing mushrooms light the winding paths.",creative
Write a short story about a cat,"Once upon a time, there was a clever cat named Whiskers who loved to explore.",creative
Write a haiku about nature,"Cherry blossoms fall
Gentle breeze carries petals
Spring's fleeting beauty",creative
Describe a magical forest,"Ancient trees with silver bark stretch toward starlit skies, while glowing mushrooms light the winding paths.",creative
What is the capital of France?,The capital of France is Paris.,general
What is the largest ocean?,The Pacific Ocean is the largest ocean.,general
When did World War II end?,World War II ended in 1945.,general
What does CPU stand for?,CPU stands for Central Processing Unit.,general
Who invented the telephone?,Alexander Graham Bell invented the telephone.,general
What is the capital of France?,The capital of France is Paris.,general
What is the largest ocean?,The Pacific Ocean is the largest ocean.,general
When did World War II end?,World War II ended in 1945.,general
What does CPU stand for?,CPU stands for Central Processing Unit.,general
Who invented the telephone?,Alexander Graham Bell invented the telephone.,general
What is the capital of France?,The capital of France is Paris.,general
What is the largest ocean?,The Pacific Ocean is the largest ocean.,general
When did World War II end?,World War II ended in 1945.,general
What does CPU stand for?,CPU stands for Central Processing Unit.,general
Who invented the telephone?,Alexander Graham Bell invented the telephone.,general
What is the capital of France?,The capital of France is Paris.,general
What is the largest ocean?,The Pacific Ocean is the largest ocean.,general
When did World War II end?,World War II ended in 1945.,general
What does CPU stand for?,CPU stands for Central Processing Unit.,general
Who invented the telephone?,Alexander Graham Bell invented the telephone.,general
What is the capital of France?,The capital of France is Paris.,general
What is the largest ocean?,The Pacific Ocean is the largest ocean.,general
When did World War II end?,World War II ended in 1945.,general
What does CPU stand for?,CPU stands for Central Processing Unit.,general
Who invented the telephone?,Alexander Graham Bell invented the telephone.,general
What is the capital of France?,The capital of France is Paris.,general
What is the largest ocean?,The Pacific Ocean is the largest ocean.,general
When did World War II end?,World War II ended in 1945.,general
What does CPU stand for?,CPU stands for Central Processing Unit.,general
Who invented the telephone?,Alexander Graham Bell invented the telephone.,general
What is the capital of France?,The capital of France is Paris.,general
What is the largest ocean?,The Pacific Ocean is the largest ocean.,general
When did World War II end?,World War II ended in 1945.,general
What does CPU stand for?,CPU stands for Central Processing Unit.,general
Who invented the telephone?,Alexander Graham Bell invented the telephone.,general
What is the capital of France?,The capital of France is Paris.,general
What is the largest ocean?,The Pacific Ocean is the largest ocean.,general
When did World War II end?,World War II ended in 1945.,general
What does CPU stand for?,CPU stands for Central Processing Unit.,general
Who invented the telephone?,Alexander Graham Bell invented the telephone.,general
What is the capital of France?,The capital of France is Paris.,general
What is the largest ocean?,The Pacific Ocean is the largest ocean.,general
When did World War II end?,World War II ended in 1945.,general
What does CPU stand for?,CPU stands for Central Processing Unit.,general
Who invented the telephone?,Alexander Graham Bell invented the telephone.,general
What is the capital of France?,The capital of France is Paris.,general
What is the largest ocean?,The Pacific Ocean is the largest ocean.,general
When did World War II end?,World War II ended in 1945.,general
What does CPU stand for?,CPU stands for Central Processing Unit.,general
Who invented the telephone?,Alexander Graham Bell invented the telephone.,general
What is the capital of France?,The capital of France is Paris.,general
What is the largest ocean?,The Pacific Ocean is the largest ocean.,general
When did World War II end?,World War II ended in 1945.,general
What does CPU stand for?,CPU stands for Central Processing Unit.,general
Who invented the telephone?,Alexander Graham Bell invented the telephone.,general
What is the capital of France?,The capital of France is Paris.,general
What is the largest ocean?,The Pacific Ocean is the largest ocean.,general
When did World War II end?,World War II ended in 1945.,general
What does CPU stand for?,CPU stands for Central Processing Unit.,general
Who invented the telephone?,Alexander Graham Bell invented the telephone.,general
What is the capital of France?,The capital of France is Paris.,general
What is the largest ocean?,The Pacific Ocean is the largest ocean.,general
When did World War II end?,World War II ended in 1945.,general
What does CPU stand for?,CPU stands for Central Processing Unit.,general
Who invented the telephone?,Alexander Graham Bell invented the telephone.,general
What is the capital of France?,The capital of France is Paris.,general
What is the largest ocean?,The Pacific Ocean is the largest ocean.,general
When did World War II end?,World War II ended in 1945.,general
What does CPU stand for?,CPU stands for Central Processing Unit.,general
Who invented the telephone?,Alexander Graham Bell invented the telephone.,general
What is the capital of France?,The capital of France is Paris.,general
What is the largest ocean?,The Pacific Ocean is the largest ocean.,general
When did World War II end?,World War II ended in 1945.,general
What does CPU stand for?,CPU stands for Central Processing Unit.,general
Who invented the telephone?,Alexander Graham Bell invented the telephone.,general
What is the capital of France?,The capital of France is Paris.,general
What is the largest ocean?,The Pacific Ocean is the largest ocean.,general
When did World War II end?,World War II ended in 1945.,general
What does CPU stand for?,CPU stands for Central Processing Unit.,general
Who invented the telephone?,Alexander Graham Bell invented the telephone.,general
What is the capital of France?,The capital of France is Paris.,general
What is the largest ocean?,The Pacific Ocean is the largest ocean.,general
When did World War II end?,World War II ended in 1945.,general
What does CPU stand for?,CPU stands for Central Processing Unit.,general
Who invented the telephone?,Alexander Graham Bell invented the telephone.,general
What is the capital of France?,The capital of France is Paris.,general
What is the largest ocean?,The Pacific Ocean is the largest ocean.,general
When did World War II end?,World War II ended in 1945.,general
What does CPU stand for?,CPU stands for Central Processing Unit.,general
Who invented the telephone?,Alexander Graham Bell invented the telephone.,general
What is the capital of France?,The capital of France is Paris.,general
What is the largest ocean?,The Pacific Ocean is the largest ocean.,general
When did World War II end?,World War II ended in 1945.,general
What does CPU stand for?,CPU stands for Central Processing Unit.,general
Who invented the telephone?,Alexander Graham Bell invented the telephone.,general
What is the capital of France?,The capital of France is Paris.,general
What is the largest ocean?,The Pacific Ocean is the largest ocean.,general
When did World War II end?,World War II ended in 1945.,general
What does CPU stand for?,CPU stands for Central Processing Unit.,general
Who invented the telephone?,Alexander Graham Bell invented the telephone.,general
What is the capital of France?,The capital of France is Paris.,general
What is the largest ocean?,The Pacific Ocean is the largest ocean.,general
When did World War II end?,World War II ended in 1945.,general
What does CPU stand for?,CPU stands for Central Processing Unit.,general
Who invented the telephone?,Alexander Graham Bell invented the telephone.,general
What is the capital of France?,The capital of France is Paris.,general
What is the largest ocean?,The Pacific Ocean is the largest ocean.,general
When did World War II end?,World War II ended in 1945.,general
What does CPU stand for?,CPU stands for Central Processing Unit.,general
Who invented the telephone?,Alexander Graham Bell invented the telephone.,general
What is the capital of France?,The capital of France is Paris.,general
What is the largest ocean?,The Pacific Ocean is the largest ocean.,general
When did World War II end?,World War II ended in 1945.,general
What does CPU stand for?,CPU stands for Central Processing Unit.,general
Who invented the telephone?,Alexander Graham Bell invented the telephone.,general
What is the capital of France?,The capital of France is Paris.,general
What is the largest ocean?,The Pacific Ocean is the largest ocean.,general
When did World War II end?,World War II ended in 1945.,general
What does CPU stand for?,CPU stands for Central Processing Unit.,general
Who invented the telephone?,Alexander Graham Bell invented the telephone.,general
What is the capital of France?,The capital of France is Paris.,general
What is the largest ocean?,The Pacific Ocean is the largest ocean.,general
When did World War II end?,World War II ended in 1945.,general
What does CPU stand for?,CPU stands for Central Processing Unit.,general
Who invented the telephone?,Alexander Graham Bell invented the telephone.,general
What is the capital of France?,The capital of France is Paris.,general
What is the largest ocean?,The Pacific Ocean is the largest ocean.,general
When did World War II end?,World War II ended in 1945.,general
What does CPU stand for?,CPU stands for Central Processing Unit.,general
Who invented the telephone?,Alexander Graham Bell invented the telephone.,general
What is the capital of France?,The capital of France is Paris.,general
What is the largest ocean?,The Pacific Ocean is the largest ocean.,general
When did World War II end?,World War II ended in 1945.,general
What does CPU stand for?,CPU stands for Central Processing Unit.,general
Who invented the telephone?,Alexander Graham Bell invented the telephone.,general
What is the capital of France?,The capital of France is Paris.,general
What is the largest ocean?,The Pacific Ocean is the largest ocean.,general
When did World War II end?,World War II ended in 1945.,general
What does CPU stand for?,CPU stands for Central Processing Unit.,general
Who invented the telephone?,Alexander Graham Bell invented the telephone.,general
What is the capital of France?,The capital of France is Paris.,general
What is the largest ocean?,The Pacific Ocean is the largest ocean.,general
When did World War II end?,World War II ended in 1945.,general
What does CPU stand for?,CPU stands for Central Processing Unit.,general
Who invented the telephone?,Alexander Graham Bell invented the telephone.,general
What is the capital of France?,The capital of France is Paris.,general
What is the largest ocean?,The Pacific Ocean is the largest ocean.,general
When did World War II end?,World War II ended in 1945.,general
What does CPU stand for?,CPU stands for Central Processing Unit.,general
Who invented the telephone?,Alexander Graham Bell invented the telephone.,general
What is the capital of France?,The capital of France is Paris.,general
What is the largest ocean?,The Pacific Ocean is the largest ocean.,general
When did World War II end?,World War II ended in 1945.,general
What does CPU stand for?,CPU stands for Central Processing Unit.,general
Who invented the telephone?,Alexander Graham Bell invented the telephone.,general
What is the capital of France?,The capital of France is Paris.,general
What is the largest ocean?,The Pacific Ocean is the largest ocean.,general
When did World War II end?,World War II ended in 1945.,general
What does CPU stand for?,CPU stands for Central Processing Unit.,general
Who invented the telephone?,Alexander Graham Bell invented the telephone.,general
What is the capital of France?,The capital of France is Paris.,general
What is the largest ocean?,The Pacific Ocean is the largest ocean.,general
When did World War II end?,World War II ended in 1945.,general
What does CPU stand for?,CPU stands for Central Processing Unit.,general
Who invented the telephone?,Alexander Graham Bell invented the telephone.,general
What is the capital of France?,The capital of France is Paris.,general
What is the largest ocean?,The Pacific Ocean is the largest ocean.,general
When did World War II end?,World War II ended in 1945.,general
What does CPU stand for?,CPU stands for Central Processing Unit.,general
Who invented the telephone?,Alexander Graham Bell invented the telephone.,general
What is the capital of France?,The capital of France is Paris.,general
What is the largest ocean?,The Pacific Ocean is the largest ocean.,general
When did World War II end?,World War II ended in 1945.,general
What does CPU stand for?,CPU stands for Central Processing Unit.,general
Who invented the telephone?,Alexander Graham Bell invented the telephone.,general
What is the capital of France?,The capital of France is Paris.,general
What is the largest ocean?,The Pacific Ocean is the largest ocean.,general
When did World War II end?,World War II ended in 1945.,general
What does CPU stand for?,CPU stands for Central Processing Unit.,general
Who invented the telephone?,Alexander Graham Bell invented the telephone.,general
What is the capital of France?,The capital of France is Paris.,general
What is the largest ocean?,The Pacific Ocean is the largest ocean.,general
When did World War II end?,World War II ended in 1945.,general
What does CPU stand for?,CPU stands for Central Processing Unit.,general
Who invented the telephone?,Alexander Graham Bell invented the telephone.,general
What is the capital of France?,The capital of France is Paris.,general
What is the largest ocean?,The Pacific Ocean is the largest ocean.,general
When did World War II end?,World War II ended in 1945.,general
What does CPU stand for?,CPU stands for Central Processing Unit.,general
Who invented the telephone?,Alexander Graham Bell invented the telephone.,general
What is the capital of France?,The capital of France is Paris.,general
What is the largest ocean?,The Pacific Ocean is the largest ocean.,general
When did World War II end?,World War II ended in 1945.,general
What does CPU stand for?,CPU stands for Central Processing Unit.,general
Who invented the telephone?,Alexander Graham Bell invented the telephone.,general
What is the capital of France?,The capital of France is Paris.,general
What is the largest ocean?,The Pacific Ocean is the largest ocean.,general
When did World War II end?,World War II ended in 1945.,general
What does CPU stand for?,CPU stands for Central Processing Unit.,general
Who invented the telephone?,Alexander Graham Bell invented the telephone.,general
What is the capital of France?,The capital of France is Paris.,general
What is the largest ocean?,The Pacific Ocean is the largest ocean.,general
When did World War II end?,World War II ended in 1945.,general
What does CPU stand for?,CPU stands for Central Processing Unit.,general
Who invented the telephone?,Alexander Graham Bell invented the telephone.,general
What is the capital of France?,The capital of France is Paris.,general
What is the largest ocean?,The Pacific Ocean is the largest ocean.,general
When did World War II end?,World War II ended in 1945.,general
What does CPU stand for?,CPU stands for Central Processing Unit.,general
Who invented the telephone?,Alexander Graham Bell invented the telephone.,general
What is the capital of France?,The capital of France is Paris.,general
What is the largest ocean?,The Pacific Ocean is the largest ocean.,general
When did World War II end?,World War II ended in 1945.,general
What does CPU stand for?,CPU stands for Central Processing Unit.,general
Who invented the telephone?,Alexander Graham Bell invented the telephone.,general
What is the capital of France?,The capital of France is Paris.,general
What is the largest ocean?,The Pacific Ocean is the largest ocean.,general
When did World War II end?,World War II ended in 1945.,general
What does CPU stand for?,CPU stands for Central Processing Unit.,general
Who invented the telephone?,Alexander Graham Bell invented the telephone.,general
What is the capital of France?,The capital of France is Paris.,general
What is the largest ocean?,The Pacific Ocean is the largest ocean.,general
When did World War II end?,World War II ended in 1945.,general
What does CPU stand for?,CPU stands for Central Processing Unit.,general
Who invented the telephone?,Alexander Graham Bell invented the telephone.,general
What is the capital of France?,The capital of France is Paris.,general
What is the largest ocean?,The Pacific Ocean is the largest ocean.,general
When did World War II end?,World War II ended in 1945.,general
What does CPU stand for?,CPU stands for Central Processing Unit.,general
Who invented the telephone?,Alexander Graham Bell invented the telephone.,general
What is the capital of France?,The capital of France is Paris.,general
What is the largest ocean?,The Pacific Ocean is the largest ocean.,general
When did World War II end?,World War II ended in 1945.,general
What does CPU stand for?,CPU stands for Central Processing Unit.,general
Who invented the telephone?,Alexander Graham Bell invented the telephone.,general
What is the capital of France?,The capital of France is Paris.,general
What is the largest ocean?,The Pacific Ocean is the largest ocean.,general
When did World War II end?,World War II ended in 1945.,general
What does CPU stand for?,CPU stands for Central Processing Unit.,general
Who invented the telephone?,Alexander Graham Bell invented the telephone.,general
What is the capital of France?,The capital of France is Paris.,general
What is the largest ocean?,The Pacific Ocean is the largest ocean.,general
When did World War II end?,World War II ended in 1945.,general
What does CPU stand for?,CPU stands for Central Processing Unit.,general
Who invented the telephone?,Alexander Graham Bell invented the telephone.,general
What is the capital of France?,The capital of France is Paris.,general
What is the largest ocean?,The Pacific Ocean is the largest ocean.,general
When did World War II end?,World War II ended in 1945.,general
What does CPU stand for?,CPU stands for Central Processing Unit.,general
Who invented the telephone?,Alexander Graham Bell invented the telephone.,general
What is the capital of France?,The capital of France is Paris.,general
What is the largest ocean?,The Pacific Ocean is the largest ocean.,general
When did World War II end?,World War II ended in 1945.,general
What does CPU stand for?,CPU stands for Central Processing Unit.,general
Who invented the telephone?,Alexander Graham Bell invented the telephone.,general
What is the capital of France?,The capital of France is Paris.,general
What is the largest ocean?,The Pacific Ocean is the largest ocean.,general
When did World War II end?,World War II ended in 1945.,general
What does CPU stand for?,CPU stands for Central Processing Unit.,general
Who invented the telephone?,Alexander Graham Bell invented the telephone.,general
What is the capital of France?,The capital of France is Paris.,general
What is the largest ocean?,The Pacific Ocean is the largest ocean.,general
When did World War II end?,World War II ended in 1945.,general
What does CPU stand for?,CPU stands for Central Processing Unit.,general
Who invented the telephone?,Alexander Graham Bell invented the telephone.,general
What is the capital of France?,The capital of France is Paris.,general
What is the largest ocean?,The Pacific Ocean is the largest ocean.,general
When did World War II end?,World War II ended in 1945.,general
What does CPU stand for?,CPU stands for Central Processing Unit.,general
Who invented the telephone?,Alexander Graham Bell invented the telephone.,general
What is the capital of France?,The capital of France is Paris.,general
What is the largest ocean?,The Pacific Ocean is the largest ocean.,general
When did World War II end?,World War II ended in 1945.,general
What does CPU stand for?,CPU stands for Central Processing Unit.,general
Who invented the telephone?,Alexander Graham Bell invented the telephone.,general
What is the capital of France?,The capital of France is Paris.,general
What is the largest ocean?,The Pacific Ocean is the largest ocean.,general
When did World War II end?,World War II ended in 1945.,general
What does CPU stand for?,CPU stands for Central Processing Unit.,general
Who invented the telephone?,Alexander Graham Bell invented the telephone.,general
What is the capital of France?,The capital of France is Paris.,general
What is the largest ocean?,The Pacific Ocean is the largest ocean.,general
When did World War II end?,World War II ended in 1945.,general
What does CPU stand for?,CPU stands for Central Processing Unit.,general
Who invented the telephone?,Alexander Graham Bell invented the telephone.,general
What is the capital of France?,The capital of France is Paris.,general
What is the largest ocean?,The Pacific Ocean is the largest ocean.,general
When did World War II end?,World War II ended in 1945.,general
What does CPU stand for?,CPU stands for Central Processing Unit.,general
Who invented the telephone?,Alexander Graham Bell invented the telephone.,general
What is the capital of France?,The capital of France is Paris.,general
What is the largest ocean?,The Pacific Ocean is the largest ocean.,general
When did World War II end?,World War II ended in 1945.,general
What does CPU stand for?,CPU stands for Central Processing Unit.,general
Who invented the telephone?,Alexander Graham Bell invented the telephone.,general
What is the capital of France?,The capital of France is Paris.,general
What is the largest ocean?,The Pacific Ocean is the largest ocean.,general
When did World War II end?,World War II ended in 1945.,general
What does CPU stand for?,CPU stands for Central Processing Unit.,general
Who invented the telephone?,Alexander Graham Bell invented the telephone.,general
What is the capital of France?,The capital of France is Paris.,general
What is the largest ocean?,The Pacific Ocean is the largest ocean.,general
When did World War II end?,World War II ended in 1945.,general
What does CPU stand for?,CPU stands for Central Processing Unit.,general
Who invented the telephone?,Alexander Graham Bell invented the telephone.,general
What is the capital of France?,The capital of France is Paris.,general
What is the largest ocean?,The Pacific Ocean is the largest ocean.,general
When did World War II end?,World War II ended in 1945.,general
What does CPU stand for?,CPU stands for Central Processing Unit.,general
Who invented the telephone?,Alexander Graham Bell invented the telephone.,general
What is the capital of France?,The capital of France is Paris.,general
What is the largest ocean?,The Pacific Ocean is the largest ocean.,general
When did World War II end?,World War II ended in 1945.,general
What does CPU stand for?,CPU stands for Central Processing Unit.,general
Who invented the telephone?,Alexander Graham Bell invented the telephone.,general
What is the capital of France?,The capital of France is Paris.,general
What is the largest ocean?,The Pacific Ocean is the largest ocean.,general
When did World War II end?,World War II ended in 1945.,general
What does CPU stand for?,CPU stands for Central Processing Unit.,general
Who invented the telephone?,Alexander Graham Bell invented the telephone.,general
What is the capital of France?,The capital of France is Paris.,general
What is the largest ocean?,The Pacific Ocean is the largest ocean.,general
When did World War II end?,World War II ended in 1945.,general
What does CPU stand for?,CPU stands for Central Processing Unit.,general
Who invented the telephone?,Alexander Graham Bell invented the telephone.,general
What is the capital of France?,The capital of France is Paris.,general
What is the largest ocean?,The Pacific Ocean is the largest ocean.,general
When did World War II end?,World War II ended in 1945.,general
What does CPU stand for?,CPU stands for Central Processing Unit.,general
Who invented the telephone?,Alexander Graham Bell invented the telephone.,general
What is the capital of France?,The capital of France is Paris.,general
What is the largest ocean?,The Pacific Ocean is the largest ocean.,general
When did World War II end?,World War II ended in 1945.,general
What does CPU stand for?,CPU stands for Central Processing Unit.,general
Who invented the telephone?,Alexander Graham Bell invented the telephone.,general
What is the capital of France?,The capital of France is Paris.,general
What is the largest ocean?,The Pacific Ocean is the largest ocean.,general
When did World War II end?,World War II ended in 1945.,general
What does CPU stand for?,CPU stands for Central Processing Unit.,general
Who invented the telephone?,Alexander Graham Bell invented the telephone.,general
What is the capital of France?,The capital of France is Paris.,general
What is the largest ocean?,The Pacific Ocean is the largest ocean.,general
When did World War II end?,World War II ended in 1945.,general
What does CPU stand for?,CPU stands for Central Processing Unit.,general
Who invented the telephone?,Alexander Graham Bell invented the telephone.,general
What is the capital of France?,The capital of France is Paris.,general
What is the largest ocean?,The Pacific Ocean is the largest ocean.,general
When did World War II end?,World War II ended in 1945.,general
What does CPU stand for?,CPU stands for Central Processing Unit.,general
Who invented the telephone?,Alexander Graham Bell invented the telephone.,general
What is the capital of France?,The capital of France is Paris.,general
What is the largest ocean?,The Pacific Ocean is the largest ocean.,general
When did World War II end?,World War II ended in 1945.,general
What does CPU stand for?,CPU stands for Central Processing Unit.,general
Who invented the telephone?,Alexander Graham Bell invented the telephone.,general
What is the capital of France?,The capital of France is Paris.,general
What is the largest ocean?,The Pacific Ocean is the largest ocean.,general
When did World War II end?,World War II ended in 1945.,general
What does CPU stand for?,CPU stands for Central Processing Unit.,general
Who invented the telephone?,Alexander Graham Bell invented the telephone.,general
What is the capital of France?,The capital of France is Paris.,general
What is the largest ocean?,The Pacific Ocean is the largest ocean.,general
When did World War II end?,World War II ended in 1945.,general
What does CPU stand for?,CPU stands for Central Processing Unit.,general
Who invented the telephone?,Alexander Graham Bell invented the telephone.,general
What is the capital of France?,The capital of France is Paris.,general
What is the largest ocean?,The Pacific Ocean is the largest ocean.,general
When did World War II end?,World War II ended in 1945.,general
What does CPU stand for?,CPU stands for Central Processing Unit.,general
Who invented the telephone?,Alexander Graham Bell invented the telephone.,general
What is the capital of France?,The capital of France is Paris.,general
What is the largest ocean?,The Pacific Ocean is the largest ocean.,general
When did World War II end?,World War II ended in 1945.,general
What does CPU stand for?,CPU stands for Central Processing Unit.,general
Who invented the telephone?,Alexander Graham Bell invented the telephone.,general
What is the capital of France?,The capital of France is Paris.,general
What is the largest ocean?,The Pacific Ocean is the largest ocean.,general
When did World War II end?,World War II ended in 1945.,general
What does CPU stand for?,CPU stands for Central Processing Unit.,general
Who invented the telephone?,Alexander Graham Bell invented the telephone.,general
What is the capital of France?,The capital of France is Paris.,general
What is the largest ocean?,The Pacific Ocean is the largest ocean.,general
When did World War II end?,World War II ended in 1945.,general
What does CPU stand for?,CPU stands for Central Processing Unit.,general
Who invented the telephone?,Alexander Graham Bell invented the telephone.,general
What is the capital of France?,The capital of France is Paris.,general
What is the largest ocean?,The Pacific Ocean is the largest ocean.,general
When did World War II end?,World War II ended in 1945.,general
What does CPU stand for?,CPU stands for Central Processing Unit.,general
Who invented the telephone?,Alexander Graham Bell invented the telephone.,general
What is the capital of France?,The capital of France is Paris.,general
What is the largest ocean?,The Pacific Ocean is the largest ocean.,general
When did World War II end?,World War II ended in 1945.,general
What does CPU stand for?,CPU stands for Central Processing Unit.,general
Who invented the telephone?,Alexander Graham Bell invented the telephone.,general
What is the capital of France?,The capital of France is Paris.,general
What is the largest ocean?,The Pacific Ocean is the largest ocean.,general
When did World War II end?,World War II ended in 1945.,general
What does CPU stand for?,CPU stands for Central Processing Unit.,general
Who invented the telephone?,Alexander Graham Bell invented the telephone.,general
What is the capital of France?,The capital of France is Paris.,general
What is the largest ocean?,The Pacific Ocean is the largest ocean.,general
When did World War II end?,World War II ended in 1945.,general
What does CPU stand for?,CPU stands for Central Processing Unit.,general
Who invented the telephone?,Alexander Graham Bell invented the telephone.,general
What is the capital of France?,The capital of France is Paris.,general
What is the largest ocean?,The Pacific Ocean is the largest ocean.,general
When did World War II end?,World War II ended in 1945.,general
What does CPU stand for?,CPU stands for Central Processing Unit.,general
Who invented the telephone?,Alexander Graham Bell invented the telephone.,general
What is the capital of France?,The capital of France is Paris.,general
What is the largest ocean?,The Pacific Ocean is the largest ocean.,general
When did World War II end?,World War II ended in 1945.,general
What does CPU stand for?,CPU stands for Central Processing Unit.,general
Who invented the telephone?,Alexander Graham Bell invented the telephone.,general
What is the capital of France?,The capital of France is Paris.,general
What is the largest ocean?,The Pacific Ocean is the largest ocean.,general
When did World War II end?,World War II ended in 1945.,general
What does CPU stand for?,CPU stands for Central Processing Unit.,general
Who invented the telephone?,Alexander Graham Bell invented the telephone.,general
What is the capital of France?,The capital of France is Paris.,general
What is the largest ocean?,The Pacific Ocean is the largest ocean.,general
When did World War II end?,World War II ended in 1945.,general
What does CPU stand for?,CPU stands for Central Processing Unit.,general
Who invented the telephone?,Alexander Graham Bell invented the telephone.,general
What is the capital of France?,The capital of France is Paris.,general
What is the largest ocean?,The Pacific Ocean is the largest ocean.,general
When did World War II end?,World War II ended in 1945.,general
What does CPU stand for?,CPU stands for Central Processing Unit.,general
Who invented the telephone?,Alexander Graham Bell invented the telephone.,general
What is the capital of France?,The capital of France is Paris.,general
What is the largest ocean?,The Pacific Ocean is the largest ocean.,general
When did World War II end?,World War II ended in 1945.,general
What does CPU stand for?,CPU stands for Central Processing Unit.,general
Who invented the telephone?,Alexander Graham Bell invented the telephone.,general
What is the capital of France?,The capital of France is Paris.,general
What is the largest ocean?,The Pacific Ocean is the largest ocean.,general
When did World War II end?,World War II ended in 1945.,general
What does CPU stand for?,CPU stands for Central Processing Unit.,general
Who invented the telephone?,Alexander Graham Bell invented the telephone.,general
What is the capital of France?,The capital of France is Paris.,general
What is the largest ocean?,The Pacific Ocean is the largest ocean.,general
When did World War II end?,World War II ended in 1945.,general
What does CPU stand for?,CPU stands for Central Processing Unit.,general
Who invented the telephone?,Alexander Graham Bell invented the telephone.,general
What is the capital of France?,The capital of France is Paris.,general
What is the largest ocean?,The Pacific Ocean is the largest ocean.,general
When did World War II end?,World War II ended in 1945.,general
What does CPU stand for?,CPU stands for Central Processing Unit.,general
Who invented the telephone?,Alexander Graham Bell invented the telephone.,general
What is the capital of France?,The capital of France is Paris.,general
What is the largest ocean?,The Pacific Ocean is the largest ocean.,general
When did World War II end?,World War II ended in 1945.,general
What does CPU stand for?,CPU stands for Central Processing Unit.,general
Who invented the telephone?,Alexander Graham Bell invented the telephone.,general
What is the capital of France?,The capital of France is Paris.,general
What is the largest ocean?,The Pacific Ocean is the largest ocean.,general
When did World War II end?,World War II ended in 1945.,general
What does CPU stand for?,CPU stands for Central Processing Unit.,general
Who invented the telephone?,Alexander Graham Bell invented the telephone.,general
What is the capital of France?,The capital of France is Paris.,general
What is the largest ocean?,The Pacific Ocean is the largest ocean.,general
When did World War II end?,World War II ended in 1945.,general
What does CPU stand for?,CPU stands for Central Processing Unit.,general
Who invented the telephone?,Alexander Graham Bell invented the telephone.,general
What is the capital of France?,The capital of France is Paris.,general
What is the largest ocean?,The Pacific Ocean is the largest ocean.,general
When did World War II end?,World War II ended in 1945.,general
What does CPU stand for?,CPU stands for Central Processing Unit.,general
Who invented the telephone?,Alexander Graham Bell invented the telephone.,general
What is the capital of France?,The capital of France is Paris.,general
What is the largest ocean?,The Pacific Ocean is the largest ocean.,general
When did World War II end?,World War II ended in 1945.,general
What does CPU stand for?,CPU stands for Central Processing Unit.,general
Who invented the telephone?,Alexander Graham Bell invented the telephone.,general
What is the capital of France?,The capital of France is Paris.,general
What is the largest ocean?,The Pacific Ocean is the largest ocean.,general
When did World War II end?,World War II ended in 1945.,general
What does CPU stand for?,CPU stands for Central Processing Unit.,general
Who invented the telephone?,Alexander Graham Bell invented the telephone.,general
What is the capital of France?,The capital of France is Paris.,general
What is the largest ocean?,The Pacific Ocean is the largest ocean.,general
When did World War II end?,World War II ended in 1945.,general
What does CPU stand for?,CPU stands for Central Processing Unit.,general
Who invented the telephone?,Alexander Graham Bell invented the telephone.,general
What is the capital of France?,The capital of France is Paris.,general
What is the largest ocean?,The Pacific Ocean is the largest ocean.,general
When did World War II end?,World War II ended in 1945.,general
What does CPU stand for?,CPU stands for Central Processing Unit.,general
Who invented the telephone?,Alexander Graham Bell invented the telephone.,general
What is the capital of France?,The capital of France is Paris.,general
What is the largest ocean?,The Pacific Ocean is the largest ocean.,general
When did World War II end?,World War II ended in 1945.,general
What does CPU stand for?,CPU stands for Central Processing Unit.,general
Who invented the telephone?,Alexander Graham Bell invented the telephone.,general
What is the capital of France?,The capital of France is Paris.,general
What is the largest ocean?,The Pacific Ocean is the largest ocean.,general
When did World War II end?,World War II ended in 1945.,general
What does CPU stand for?,CPU stands for Central Processing Unit.,general
Who invented the telephone?,Alexander Graham Bell invented the telephone.,general
What is the capital of France?,The capital of France is Paris.,general
What is the largest ocean?,The Pacific Ocean is the largest ocean.,general
When did World War II end?,World War II ended in 1945.,general
What does CPU stand for?,CPU stands for Central Processing Unit.,general
Who invented the telephone?,Alexander Graham Bell invented the telephone.,general
What is the capital of France?,The capital of France is Paris.,general
What is the largest ocean?,The Pacific Ocean is the largest ocean.,general
When did World War II end?,World War II ended in 1945.,general
What does CPU stand for?,CPU stands for Central Processing Unit.,general
Who invented the telephone?,Alexander Graham Bell invented the telephone.,general
What is the capital of France?,The capital of France is Paris.,general
What is the largest ocean?,The Pacific Ocean is the largest ocean.,general
When did World War II end?,World War II ended in 1945.,general
What does CPU stand for?,CPU stands for Central Processing Unit.,general
Who invented the telephone?,Alexander Graham Bell invented the telephone.,general
What is the capital of France?,The capital of France is Paris.,general
What is the largest ocean?,The Pacific Ocean is the largest ocean.,general
When did World War II end?,World War II ended in 1945.,general
What does CPU stand for?,CPU stands for Central Processing Unit.,general
Who invented the telephone?,Alexander Graham Bell invented the telephone.,general
What is the capital of France?,The capital of France is Paris.,general
What is the largest ocean?,The Pacific Ocean is the largest ocean.,general
When did World War II end?,World War II ended in 1945.,general
What does CPU stand for?,CPU stands for Central Processing Unit.,general
Who invented the telephone?,Alexander Graham Bell invented the telephone.,general
What is the capital of France?,The capital of France is Paris.,general
What is the largest ocean?,The Pacific Ocean is the largest ocean.,general
When did World War II end?,World War II ended in 1945.,general
What does CPU stand for?,CPU stands for Central Processing Unit.,general
Who invented the telephone?,Alexander Graham Bell invented the telephone.,general
What is the capital of France?,The capital of France is Paris.,general
What is the largest ocean?,The Pacific Ocean is the largest ocean.,general
When did World War II end?,World War II ended in 1945.,general
What does CPU stand for?,CPU stands for Central Processing Unit.,general
Who invented the telephone?,Alexander Graham Bell invented the telephone.,general
What is the capital of France?,The capital of France is Paris.,general
What is the largest ocean?,The Pacific Ocean is the largest ocean.,general
When did World War II end?,World War II ended in 1945.,general
What does CPU stand for?,CPU stands for Central Processing Unit.,general
Who invented the telephone?,Alexander Graham Bell invented the telephone.,general
What is the capital of France?,The capital of France is Paris.,general
What is the largest ocean?,The Pacific Ocean is the largest ocean.,general
When did World War II end?,World War II ended in 1945.,general
What does CPU stand for?,CPU stands for Central Processing Unit.,general
Who invented the telephone?,Alexander Graham Bell invented the telephone.,general
What is the capital of France?,The capital of France is Paris.,general
What is the largest ocean?,The Pacific Ocean is the largest ocean.,general
When did World War II end?,World War II ended in 1945.,general
What does CPU stand for?,CPU stands for Central Processing Unit.,general
Who invented the telephone?,Alexander Graham Bell invented the telephone.,general
What is the capital of France?,The capital of France is Paris.,general
What is the largest ocean?,The Pacific Ocean is the largest ocean.,general
When did World War II end?,World War II ended in 1945.,general
What does CPU stand for?,CPU stands for Central Processing Unit.,general
Who invented the telephone?,Alexander Graham Bell invented the telephone.,general
What is the capital of France?,The capital of France is Paris.,general
What is the largest ocean?,The Pacific Ocean is the largest ocean.,general
When did World War II end?,World War II ended in 1945.,general
What does CPU stand for?,CPU stands for Central Processing Unit.,general
Who invented the telephone?,Alexander Graham Bell invented the telephone.,general
What is the capital of France?,The capital of France is Paris.,general
What is the largest ocean?,The Pacific Ocean is the largest ocean.,general
When did World War II end?,World War II ended in 1945.,general
What does CPU stand for?,CPU stands for Central Processing Unit.,general
Who invented the telephone?,Alexander Graham Bell invented the telephone.,general
What is the capital of France?,The capital of France is Paris.,general
What is the largest ocean?,The Pacific Ocean is the largest ocean.,general
When did World War II end?,World War II ended in 1945.,general
What does CPU stand for?,CPU stands for Central Processing Unit.,general
Who invented the telephone?,Alexander Graham Bell invented the telephone.,general
What is the capital of France?,The capital of France is Paris.,general
What is the largest ocean?,The Pacific Ocean is the largest ocean.,general
When did World War II end?,World War II ended in 1945.,general
What does CPU stand for?,CPU stands for Central Processing Unit.,general
Who invented the telephone?,Alexander Graham Bell invented the telephone.,general
What is the capital of France?,The capital of France is Paris.,general
What is the largest ocean?,The Pacific Ocean is the largest ocean.,general
When did World War II end?,World War II ended in 1945.,general
What does CPU stand for?,CPU stands for Central Processing Unit.,general
Who invented the telephone?,Alexander Graham Bell invented the telephone.,general
What is the capital of France?,The capital of France is Paris.,general
What is the largest ocean?,The Pacific Ocean is the largest ocean.,general
When did World War II end?,World War II ended in 1945.,general
What does CPU stand for?,CPU stands for Central Processing Unit.,general
Who invented the telephone?,Alexander Graham Bell invented the telephone.,general
What is the capital of France?,The capital of France is Paris.,general
What is the largest ocean?,The Pacific Ocean is the largest ocean.,general
When did World War II end?,World War II ended in 1945.,general
What does CPU stand for?,CPU stands for Central Processing Unit.,general
Who invented the telephone?,Alexander Graham Bell invented the telephone.,general
What is the capital of France?,The capital of France is Paris.,general
What is the largest ocean?,The Pacific Ocean is the largest ocean.,general
When did World War II end?,World War II ended in 1945.,general
What does CPU stand for?,CPU stands for Central Processing Unit.,general
Who invented the telephone?,Alexander Graham Bell invented the telephone.,general
What is the capital of France?,The capital of France is Paris.,general
What is the largest ocean?,The Pacific Ocean is the largest ocean.,general
When did World War II end?,World War II ended in 1945.,general
What does CPU stand for?,CPU stands for Central Processing Unit.,general
Who invented the telephone?,Alexander Graham Bell invented the telephone.,general
What is the capital of France?,The capital of France is Paris.,general
What is the largest ocean?,The Pacific Ocean is the largest ocean.,general
When did World War II end?,World War II ended in 1945.,general
What does CPU stand for?,CPU stands for Central Processing Unit.,general
Who invented the telephone?,Alexander Graham Bell invented the telephone.,general
What is the capital of France?,The capital of France is Paris.,general
What is the largest ocean?,The Pacific Ocean is the largest ocean.,general
When did World War II end?,World War II ended in 1945.,general
What does CPU stand for?,CPU stands for Central Processing Unit.,general
Who invented the telephone?,Alexander Graham Bell invented the telephone.,general
What is the capital of France?,The capital of France is Paris.,general
What is the largest ocean?,The Pacific Ocean is the largest ocean.,general
When did World War II end?,World War II ended in 1945.,general
What does CPU stand for?,CPU stands for Central Processing Unit.,general
Who invented the telephone?,Alexander Graham Bell invented the telephone.,general
What is the capital of France?,The capital of France is Paris.,general
What is the largest ocean?,The Pacific Ocean is the largest ocean.,general
When did World War II end?,World War II ended in 1945.,general
What does CPU stand for?,CPU stands for Central Processing Unit.,general
Who invented the telephone?,Alexander Graham Bell invented the telephone.,general
What is the capital of France?,The capital of France is Paris.,general
What is the largest ocean?,The Pacific Ocean is the largest ocean.,general
When did World War II end?,World War II ended in 1945.,general
What does CPU stand for?,CPU stands for Central Processing Unit.,general
Who invented the telephone?,Alexander Graham Bell invented the telephone.,general
What is the capital of France?,The capital of France is Paris.,general
What is the largest ocean?,The Pacific Ocean is the largest ocean.,general
When did World War II end?,World War II ended in 1945.,general
What does CPU stand for?,CPU stands for Central Processing Unit.,general
Who invented the telephone?,Alexander Graham Bell invented the telephone.,general
What is the capital of France?,The capital of France is Paris.,general
What is the largest ocean?,The Pacific Ocean is the largest ocean.,general
When did World War II end?,World War II ended in 1945.,general
What does CPU stand for?,CPU stands for Central Processing Unit.,general
Who invented the telephone?,Alexander Graham Bell invented the telephone.,general
What is the capital of France?,The capital of France is Paris.,general
What is the largest ocean?,The Pacific Ocean is the largest ocean.,general
When did World War II end?,World War II ended in 1945.,general
What does CPU stand for?,CPU stands for Central Processing Unit.,general
Who invented the telephone?,Alexander Graham Bell invented the telephone.,general
What is the capital of France?,The capital of France is Paris.,general
What is the largest ocean?,The Pacific Ocean is the largest ocean.,general
When did World War II end?,World War II ended in 1945.,general
What does CPU stand for?,CPU stands for Central Processing Unit.,general
Who invented the telephone?,Alexander Graham Bell invented the telephone.,general
What is the capital of France?,The capital of France is Paris.,general
What is the largest ocean?,The Pacific Ocean is the largest ocean.,general
When did World War II end?,World War II ended in 1945.,general
What does CPU stand for?,CPU stands for Central Processing Unit.,general
Who invented the telephone?,Alexander Graham Bell invented the telephone.,general
What is the capital of France?,The capital of France is Paris.,general
What is the largest ocean?,The Pacific Ocean is the largest ocean.,general
When did World War II end?,World War II ended in 1945.,general
What does CPU stand for?,CPU stands for Central Processing Unit.,general
Who invented the telephone?,Alexander Graham Bell invented the telephone.,general
What is the capital of France?,The capital of France is Paris.,general
What is the largest ocean?,The Pacific Ocean is the largest ocean.,general
When did World War II end?,World War II ended in 1945.,general
What does CPU stand for?,CPU stands for Central Processing Unit.,general
Who invented the telephone?,Alexander Graham Bell invented the telephone.,general
What is the capital of France?,The capital of France is Paris.,general
What is the largest ocean?,The Pacific Ocean is the largest ocean.,general
When did World War II end?,World War II ended in 1945.,general
What does CPU stand for?,CPU stands for Central Processing Unit.,general
Who invented the telephone?,Alexander Graham Bell invented the telephone.,general
What is the capital of France?,The capital of France is Paris.,general
What is the largest ocean?,The Pacific Ocean is the largest ocean.,general
When did World War II end?,World War II ended in 1945.,general
What does CPU stand for?,CPU stands for Central Processing Unit.,general
Who invented the telephone?,Alexander Graham Bell invented the telephone.,general
What is the capital of France?,The capital of France is Paris.,general
What is the largest ocean?,The Pacific Ocean is the largest ocean.,general
When did World War II end?,World War II ended in 1945.,general
What does CPU stand for?,CPU stands for Central Processing Unit.,general
Who invented the telephone?,Alexander Graham Bell invented the telephone.,general
What is the capital of France?,The capital of France is Paris.,general
What is the largest ocean?,The Pacific Ocean is the largest ocean.,general
When did World War II end?,World War II ended in 1945.,general
What does CPU stand for?,CPU stands for Central Processing Unit.,general
Who invented the telephone?,Alexander Graham Bell invented the telephone.,general
What is the capital of France?,The capital of France is Paris.,general
What is the largest ocean?,The Pacific Ocean is the largest ocean.,general
When did World War II end?,World War II ended in 1945.,general
What does CPU stand for?,CPU stands for Central Processing Unit.,general
Who invented the telephone?,Alexander Graham Bell invented the telephone.,general
What is the capital of France?,The capital of France is Paris.,general
What is the largest ocean?,The Pacific Ocean is the largest ocean.,general
When did World War II end?,World War II ended in 1945.,general
What does CPU stand for?,CPU stands for Central Processing Unit.,general
Who invented the telephone?,Alexander Graham Bell invented the telephone.,general
What is the capital of France?,The capital of France is Paris.,general
What is the largest ocean?,The Pacific Ocean is the largest ocean.,general
When did World War II end?,World War II ended in 1945.,general
What does CPU stand for?,CPU stands for Central Processing Unit.,general
Who invented the telephone?,Alexander Graham Bell invented the telephone.,general
What is the capital of France?,The capital of France is Paris.,general
What is the largest ocean?,The Pacific Ocean is the largest ocean.,general
When did World War II end?,World War II ended in 1945.,general
What does CPU stand for?,CPU stands for Central Processing Unit.,general
Who invented the telephone?,Alexander Graham Bell invented the telephone.,general
What is the capital of France?,The capital of France is Paris.,general
What is the largest ocean?,The Pacific Ocean is the largest ocean.,general
When did World War II end?,World War II ended in 1945.,general
What does CPU stand for?,CPU stands for Central Processing Unit.,general
Who invented the telephone?,Alexander Graham Bell invented the telephone.,general
What is the capital of France?,The capital of France is Paris.,general
What is the largest ocean?,The Pacific Ocean is the largest ocean.,general
When did World War II end?,World War II ended in 1945.,general
What does CPU stand for?,CPU stands for Central Processing Unit.,general
Who invented the telephone?,Alexander Graham Bell invented the telephone.,general
What is the capital of France?,The capital of France is Paris.,general
What is the largest ocean?,The Pacific Ocean is the largest ocean.,general
When did World War II end?,World War II ended in 1945.,general
What does CPU stand for?,CPU stands for Central Processing Unit.,general
Who invented the telephone?,Alexander Graham Bell invented the telephone.,general
What is the capital of France?,The capital of France is Paris.,general
What is the largest ocean?,The Pacific Ocean is the largest ocean.,general
When did World War II end?,World War II ended in 1945.,general
What does CPU stand for?,CPU stands for Central Processing Unit.,general
Who invented the telephone?,Alexander Graham Bell invented the telephone.,general
What is the capital of France?,The capital of France is Paris.,general
What is the largest ocean?,The Pacific Ocean is the largest ocean.,general
When did World War II end?,World War II ended in 1945.,general
What does CPU stand for?,CPU stands for Central Processing Unit.,general
Who invented the telephone?,Alexander Graham Bell invented the telephone.,general
What is the capital of France?,The capital of France is Paris.,general
What is the largest ocean?,The Pacific Ocean is the largest ocean.,general
When did World War II end?,World War II ended in 1945.,general
What does CPU stand for?,CPU stands for Central Processing Unit.,general
Who invented the telephone?,Alexander Graham Bell invented the telephone.,general
What is the capital of France?,The capital of France is Paris.,general
What is the largest ocean?,The Pacific Ocean is the largest ocean.,general
When did World War II end?,World War II ended in 1945.,general
What does CPU stand for?,CPU stands for Central Processing Unit.,general
Who invented the telephone?,Alexander Graham Bell invented the telephone.,general
What is the capital of France?,The capital of France is Paris.,general
What is the largest ocean?,The Pacific Ocean is the largest ocean.,general
When did World War II end?,World War II ended in 1945.,general
What does CPU stand for?,CPU stands for Central Processing Unit.,general
Who invented the telephone?,Alexander Graham Bell invented the telephone.,general
What is the capital of France?,The capital of France is Paris.,general
What is the largest ocean?,The Pacific Ocean is the largest ocean.,general
When did World War II end?,World War II ended in 1945.,general
What does CPU stand for?,CPU stands for Central Processing Unit.,general
Who invented the telephone?,Alexander Graham Bell invented the telephone.,general
What is the capital of France?,The capital of France is Paris.,general
What is the largest ocean?,The Pacific Ocean is the largest ocean.,general
When did World War II end?,World War II ended in 1945.,general
What does CPU stand for?,CPU stands for Central Processing Unit.,general
Who invented the telephone?,Alexander Graham Bell invented the telephone.,general
What is the capital of France?,The capital of France is Paris.,general
What is the largest ocean?,The Pacific Ocean is the largest ocean.,general
When did World War II end?,World War II ended in 1945.,general
What does CPU stand for?,CPU stands for Central Processing Unit.,general
Who invented the telephone?,Alexander Graham Bell invented the telephone.,general
What is the capital of France?,The capital of France is Paris.,general
What is the largest ocean?,The Pacific Ocean is the largest ocean.,general
When did World War II end?,World War II ended in 1945.,general
What does CPU stand for?,CPU stands for Central Processing Unit.,general
Who invented the telephone?,Alexander Graham Bell invented the telephone.,general
What is the capital of France?,The capital of France is Paris.,general
What is the largest ocean?,The Pacific Ocean is the largest ocean.,general
When did World War II end?,World War II ended in 1945.,general
What does CPU stand for?,CPU stands for Central Processing Unit.,general
Who invented the telephone?,Alexander Graham Bell invented the telephone.,general
What is the capital of France?,The capital of France is Paris.,general
What is the largest ocean?,The Pacific Ocean is the largest ocean.,general
When did World War II end?,World War II ended in 1945.,general
What does CPU stand for?,CPU stands for Central Processing Unit.,general
Who invented the telephone?,Alexander Graham Bell invented the telephone.,general
What is the capital of France?,The capital of France is Paris.,general
What is the largest ocean?,The Pacific Ocean is the largest ocean.,general
When did World War II end?,World War II ended in 1945.,general
What does CPU stand for?,CPU stands for Central Processing Unit.,general
Who invented the telephone?,Alexander Graham Bell invented the telephone.,general
What is the capital of France?,The capital of France is Paris.,general
What is the largest ocean?,The Pacific Ocean is the largest ocean.,general
When did World War II end?,World War II ended in 1945.,general
What does CPU stand for?,CPU stands for Central Processing Unit.,general
Who invented the telephone?,Alexander Graham Bell invented the telephone.,general
What is the capital of France?,The capital of France is Paris.,general
What is the largest ocean?,The Pacific Ocean is the largest ocean.,general
When did World War II end?,World War II ended in 1945.,general
What does CPU stand for?,CPU stands for Central Processing Unit.,general
Who invented the telephone?,Alexander Graham Bell invented the telephone.,general
What is the capital of France?,The capital of France is Paris.,general
What is the largest ocean?,The Pacific Ocean is the largest ocean.,general
When did World War II end?,World War II ended in 1945.,general
What does CPU stand for?,CPU stands for Central Processing Unit.,general
Who invented the telephone?,Alexander Graham Bell invented the telephone.,general
What is the capital of France?,The capital of France is Paris.,general
What is the largest ocean?,The Pacific Ocean is the largest ocean.,general
When did World War II end?,World War II ended in 1945.,general
What does CPU stand for?,CPU stands for Central Processing Unit.,general
Who invented the telephone?,Alexander Graham Bell invented the telephone.,general
What is the capital of France?,The capital of France is Paris.,general
What is the largest ocean?,The Pacific Ocean is the largest ocean.,general
When did World War II end?,World War II ended in 1945.,general
What does CPU stand for?,CPU stands for Central Processing Unit.,general
Who invented the telephone?,Alexander Graham Bell invented the telephone.,general
What is the capital of France?,The capital of France is Paris.,general
What is the largest ocean?,The Pacific Ocean is the largest ocean.,general
When did World War II end?,World War II ended in 1945.,general
What does CPU stand for?,CPU stands for Central Processing Unit.,general
Who invented the telephone?,Alexander Graham Bell invented the telephone.,general
What is the capital of France?,The capital of France is Paris.,general
What is the largest ocean?,The Pacific Ocean is the largest ocean.,general
When did World War II end?,World War II ended in 1945.,general
What does CPU stand for?,CPU stands for Central Processing Unit.,general
Who invented the telephone?,Alexander Graham Bell invented the telephone.,general
What is the capital of France?,The capital of France is Paris.,general
What is the largest ocean?,The Pacific Ocean is the largest ocean.,general
When did World War II end?,World War II ended in 1945.,general
What does CPU stand for?,CPU stands for Central Processing Unit.,general
Who invented the telephone?,Alexander Graham Bell invented the telephone.,general
What is the capital of France?,The capital of France is Paris.,general
What is the largest ocean?,The Pacific Ocean is the largest ocean.,general
When did World War II end?,World War II ended in 1945.,general
What does CPU stand for?,CPU stands for Central Processing Unit.,general
Who invented the telephone?,Alexander Graham Bell invented the telephone.,general
What is the capital of France?,The capital of France is Paris.,general
What is the largest ocean?,The Pacific Ocean is the largest ocean.,general
When did World War II end?,World War II ended in 1945.,general
What does CPU stand for?,CPU stands for Central Processing Unit.,general
Who invented the telephone?,Alexander Graham Bell invented the telephone.,general
What is the capital of France?,The capital of France is Paris.,general
What is the largest ocean?,The Pacific Ocean is the largest ocean.,general
When did World War II end?,World War II ended in 1945.,general
What does CPU stand for?,CPU stands for Central Processing Unit.,general
Who invented the telephone?,Alexander Graham Bell invented the telephone.,general
What is the capital of France?,The capital of France is Paris.,general
What is the largest ocean?,The Pacific Ocean is the largest ocean.,general
When did World War II end?,World War II ended in 1945.,general
What does CPU stand for?,CPU stands for Central Processing Unit.,general
Who invented the telephone?,Alexander Graham Bell invented the telephone.,general
What is the capital of France?,The capital of France is Paris.,general
What is the largest ocean?,The Pacific Ocean is the largest ocean.,general
When did World War II end?,World War II ended in 1945.,general
What does CPU stand for?,CPU stands for Central Processing Unit.,general
Who invented the telephone?,Alexander Graham Bell invented the telephone.,general
What is the capital of France?,The capital of France is Paris.,general
What is the largest ocean?,The Pacific Ocean is the largest ocean.,general
When did World War II end?,World War II ended in 1945.,general
What does CPU stand for?,CPU stands for Central Processing Unit.,general
Who invented the telephone?,Alexander Graham Bell invented the telephone.,general
What is the capital of France?,The capital of France is Paris.,general
What is the largest ocean?,The Pacific Ocean is the largest ocean.,general
When did World War II end?,World War II ended in 1945.,general
What does CPU stand for?,CPU stands for Central Processing Unit.,general
Who invented the telephone?,Alexander Graham Bell invented the telephone.,general
What is the capital of France?,The capital of France is Paris.,general
What is the largest ocean?,The Pacific Ocean is the largest ocean.,general
When did World War II end?,World War II ended in 1945.,general
What does CPU stand for?,CPU stands for Central Processing Unit.,general
Who invented the telephone?,Alexander Graham Bell invented the telephone.,general
What is the capital of France?,The capital of France is Paris.,general
What is the largest ocean?,The Pacific Ocean is the largest ocean.,general
When did World War II end?,World War II ended in 1945.,general
What does CPU stand for?,CPU stands for Central Processing Unit.,general
Who invented the telephone?,Alexander Graham Bell invented the telephone.,general
What is the capital of France?,The capital of France is Paris.,general
What is the largest ocean?,The Pacific Ocean is the largest ocean.,general
When did World War II end?,World War II ended in 1945.,general
What does CPU stand for?,CPU stands for Central Processing Unit.,general
Who invented the telephone?,Alexander Graham Bell invented the telephone.,general
What is the capital of France?,The capital of France is Paris.,general
What is the largest ocean?,The Pacific Ocean is the largest ocean.,general
When did World War II end?,World War II ended in 1945.,general
What does CPU stand for?,CPU stands for Central Processing Unit.,general
Who invented the telephone?,Alexander Graham Bell invented the telephone.,general
What is the capital of France?,The capital of France is Paris.,general
What is the largest ocean?,The Pacific Ocean is the largest ocean.,general
When did World War II end?,World War II ended in 1945.,general
What does CPU stand for?,CPU stands for Central Processing Unit.,general
Who invented the telephone?,Alexander Graham Bell invented the telephone.,general
What is the capital of France?,The capital of France is Paris.,general
What is the largest ocean?,The Pacific Ocean is the largest ocean.,general
When did World War II end?,World War II ended in 1945.,general
What does CPU stand for?,CPU stands for Central Processing Unit.,general
Who invented the telephone?,Alexander Graham Bell invented the telephone.,general
What is the capital of France?,The capital of France is Paris.,general
What is the largest ocean?,The Pacific Ocean is the largest ocean.,general
When did World War II end?,World War II ended in 1945.,general
What does CPU stand for?,CPU stands for Central Processing Unit.,general
Who invented the telephone?,Alexander Graham Bell invented the telephone.,general
What is the capital of France?,The capital of France is Paris.,general
What is the largest ocean?,The Pacific Ocean is the largest ocean.,general
When did World War II end?,World War II ended in 1945.,general
What does CPU stand for?,CPU stands for Central Processing Unit.,general
Who invented the telephone?,Alexander Graham Bell invented the telephone.,general
What is the capital of France?,The capital of France is Paris.,general
What is the largest ocean?,The Pacific Ocean is the largest ocean.,general
When did World War II end?,World War II ended in 1945.,general
What does CPU stand for?,CPU stands for Central Processing Unit.,general
Who invented the telephone?,Alexander Graham Bell invented the telephone.,general
What is the capital of France?,The capital of France is Paris.,general
What is the largest ocean?,The Pacific Ocean is the largest ocean.,general
When did World War II end?,World War II ended in 1945.,general
What does CPU stand for?,CPU stands for Central Processing Unit.,general
Who invented the telephone?,Alexander Graham Bell invented the telephone.,general
What is the capital of France?,The capital of France is Paris.,general
What is the largest ocean?,The Pacific Ocean is the largest ocean.,general
When did World War II end?,World War II ended in 1945.,general
What does CPU stand for?,CPU stands for Central Processing Unit.,general
Who invented the telephone?,Alexander Graham Bell invented the telephone.,general
What is the capital of France?,The capital of France is Paris.,general
What is the largest ocean?,The Pacific Ocean is the largest ocean.,general
When did World War II end?,World War II ended in 1945.,general
What does CPU stand for?,CPU stands for Central Processing Unit.,general
Who invented the telephone?,Alexander Graham Bell invented the telephone.,general
What is the capital of France?,The capital of France is Paris.,general
What is the largest ocean?,The Pacific Ocean is the largest ocean.,general
When did World War II end?,World War II ended in 1945.,general
What does CPU stand for?,CPU stands for Central Processing Unit.,general
Who invented the telephone?,Alexander Graham Bell invented the telephone.,general
What is the capital of France?,The capital of France is Paris.,general
What is the largest ocean?,The Pacific Ocean is the largest ocean.,general
When did World War II end?,World War II ended in 1945.,general
What does CPU stand for?,CPU stands for Central Processing Unit.,general
Who invented the telephone?,Alexander Graham Bell invented the telephone.,general
What is the capital of France?,The capital of France is Paris.,general
What is the largest ocean?,The Pacific Ocean is the largest ocean.,general
When did World War II end?,World War II ended in 1945.,general
What does CPU stand for?,CPU stands for Central Processing Unit.,general
Who invented the telephone?,Alexander Graham Bell invented the telephone.,general
What is the capital of France?,The capital of France is Paris.,general
What is the largest ocean?,The Pacific Ocean is the largest ocean.,general
When did World War II end?,World War II ended in 1945.,general
What does CPU stand for?,CPU stands for Central Processing Unit.,general
Who invented the telephone?,Alexander Graham Bell invented the telephone.,general
What is the capital of France?,The capital of France is Paris.,general
What is the largest ocean?,The Pacific Ocean is the largest ocean.,general
When did World War II end?,World War II ended in 1945.,general
What does CPU stand for?,CPU stands for Central Processing Unit.,general
Who invented the telephone?,Alexander Graham Bell invented the telephone.,general
What is the capital of France?,The capital of France is Paris.,general
What is the largest ocean?,The Pacific Ocean is the largest ocean.,general
When did World War II end?,World War II ended in 1945.,general
What does CPU stand for?,CPU stands for Central Processing Unit.,general
Who invented the telephone?,Alexander Graham Bell invented the telephone.,general
What is the capital of France?,The capital of France is Paris.,general
What is the largest ocean?,The Pacific Ocean is the largest ocean.,general
When did World War II end?,World War II ended in 1945.,general
What does CPU stand for?,CPU stands for Central Processing Unit.,general
Who invented the telephone?,Alexander Graham Bell invented the telephone.,general
What is the capital of France?,The capital of France is Paris.,general
What is the largest ocean?,The Pacific Ocean is the largest ocean.,general
When did World War II end?,World War II ended in 1945.,general
What does CPU stand for?,CPU stands for Central Processing Unit.,general
Who invented the telephone?,Alexander Graham Bell invented the telephone.,general
What is the capital of France?,The capital of France is Paris.,general
What is the largest ocean?,The Pacific Ocean is the largest ocean.,general
When did World War II end?,World War II ended in 1945.,general
What does CPU stand for?,CPU stands for Central Processing Unit.,general
Who invented the telephone?,Alexander Graham Bell invented the telephone.,general
What is the capital of France?,The capital of France is Paris.,general
What is the largest ocean?,The Pacific Ocean is the largest ocean.,general
When did World War II end?,World War II ended in 1945.,general
What does CPU stand for?,CPU stands for Central Processing Unit.,general
Who invented the telephone?,Alexander Graham Bell invented the telephone.,general
What is the capital of France?,The capital of France is Paris.,general
What is the largest ocean?,The Pacific Ocean is the largest ocean.,general
When did World War II end?,World War II ended in 1945.,general
What does CPU stand for?,CPU stands for Central Processing Unit.,general
Who invented the telephone?,Alexander Graham Bell invented the telephone.,general
What is the capital of France?,The capital of France is Paris.,general
What is the largest ocean?,The Pacific Ocean is the largest ocean.,general
When did World War II end?,World War II ended in 1945.,general
What does CPU stand for?,CPU stands for Central Processing Unit.,general
Who invented the telephone?,Alexander Graham Bell invented the telephone.,general
What is the capital of France?,The capital of France is Paris.,general
What is the largest ocean?,The Pacific Ocean is the largest ocean.,general
When did World War II end?,World War II ended in 1945.,general
What does CPU stand for?,CPU stands for Central Processing Unit.,general
Who invented the telephone?,Alexander Graham Bell invented the telephone.,general
What is the capital of France?,The capital of France is Paris.,general
What is the largest ocean?,The Pacific Ocean is the largest ocean.,general
When did World War II end?,World War II ended in 1945.,general
What does CPU stand for?,CPU stands for Central Processing Unit.,general
Who invented the telephone?,Alexander Graham Bell invented the telephone.,general
What is the capital of France?,The capital of France is Paris.,general
What is the largest ocean?,The Pacific Ocean is the largest ocean.,general
When did World War II end?,World War II ended in 1945.,general
What does CPU stand for?,CPU stands for Central Processing Unit.,general
Who invented the telephone?,Alexander Graham Bell invented the telephone.,general
What is the capital of France?,The capital of France is Paris.,general
What is the largest ocean?,The Pacific Ocean is the largest ocean.,general
When did World War II end?,World War II ended in 1945.,general
What does CPU stand for?,CPU stands for Central Processing Unit.,general
Who invented the telephone?,Alexander Graham Bell invented the telephone.,general
What is the capital of France?,The capital of France is Paris.,general
What is the largest ocean?,The Pacific Ocean is the largest ocean.,general
When did World War II end?,World War II ended in 1945.,general
What does CPU stand for?,CPU stands for Central Processing Unit.,general
Who invented the telephone?,Alexander Graham Bell invented the telephone.,general
What is the capital of France?,The capital of France is Paris.,general
What is the largest ocean?,The Pacific Ocean is the largest ocean.,general
When did World War II end?,World War II ended in 1945.,general
What does CPU stand for?,CPU stands for Central Processing Unit.,general
Who invented the telephone?,Alexander Graham Bell invented the telephone.,general
What is the capital of France?,The capital of France is Paris.,general
What is the largest ocean?,The Pacific Ocean is the largest ocean.,general
When did World War II end?,World War II ended in 1945.,general
What does CPU stand for?,CPU stands for Central Processing Unit.,general
Who invented the telephone?,Alexander Graham Bell invented the telephone.,general
What is the capital of France?,The capital of France is Paris.,general
What is the largest ocean?,The Pacific Ocean is the largest ocean.,general
When did World War II end?,World War II ended in 1945.,general
What does CPU stand for?,CPU stands for Central Processing Unit.,general
Who invented the telephone?,Alexander Graham Bell invented the telephone.,general
What is the capital of France?,The capital of France is Paris.,general
What is the largest ocean?,The Pacific Ocean is the largest ocean.,general
When did World War II end?,World War II ended in 1945.,general
What does CPU stand for?,CPU stands for Central Processing Unit.,general
Who invented the telephone?,Alexander Graham Bell invented the telephone.,general
What is the capital of France?,The capital of France is Paris.,general
What is the largest ocean?,The Pacific Ocean is the largest ocean.,general
When did World War II end?,World War II ended in 1945.,general
What does CPU stand for?,CPU stands for Central Processing Unit.,general
Who invented the telephone?,Alexander Graham Bell invented the telephone.,general
What is the capital of France?,The capital of France is Paris.,general
What is the largest ocean?,The Pacific Ocean is the largest ocean.,general
When did World War II end?,World War II ended in 1945.,general
What does CPU stand for?,CPU stands for Central Processing Unit.,general
Who invented the telephone?,Alexander Graham Bell invented the telephone.,general
What is the capital of France?,The capital of France is Paris.,general
What is the largest ocean?,The Pacific Ocean is the largest ocean.,general
When did World War II end?,World War II ended in 1945.,general
What does CPU stand for?,CPU stands for Central Processing Unit.,general
Who invented the telephone?,Alexander Graham Bell invented the telephone.,general
What is the capital of France?,The capital of France is Paris.,general
What is the largest ocean?,The Pacific Ocean is the largest ocean.,general
When did World War II end?,World War II ended in 1945.,general
What does CPU stand for?,CPU stands for Central Processing Unit.,general
Who invented the telephone?,Alexander Graham Bell invented the telephone.,general
What is the capital of France?,The capital of France is Paris.,general
What is the largest ocean?,The Pacific Ocean is the largest ocean.,general
When did World War II end?,World War II ended in 1945.,general
What does CPU stand for?,CPU stands for Central Processing Unit.,general
Who invented the telephone?,Alexander Graham Bell invented the telephone.,general
What is the capital of France?,The capital of France is Paris.,general
What is the largest ocean?,The Pacific Ocean is the largest ocean.,general
When did World War II end?,World War II ended in 1945.,general
What does CPU stand for?,CPU stands for Central Processing Unit.,general
Who invented the telephone?,Alexander Graham Bell invented the telephone.,general
What is the capital of France?,The capital of France is Paris.,general
What is the largest ocean?,The Pacific Ocean is the largest ocean.,general
When did World War II end?,World War II ended in 1945.,general
What does CPU stand for?,CPU stands for Central Processing Unit.,general
Who invented the telephone?,Alexander Graham Bell invented the telephone.,general
What is the capital of France?,The capital of France is Paris.,general
What is the largest ocean?,The Pacific Ocean is the largest ocean.,general
When did World War II end?,World War II ended in 1945.,general
What does CPU stand for?,CPU stands for Central Processing Unit.,general
Who invented the telephone?,Alexander Graham Bell invented the telephone.,general
What is the capital of France?,The capital of France is Paris.,general
What is the largest ocean?,The Pacific Ocean is the largest ocean.,general
When did World War II end?,World War II ended in 1945.,general
What does CPU stand for?,CPU stands for Central Processing Unit.,general
Who invented the telephone?,Alexander Graham Bell invented the telephone.,general
What is the capital of France?,The capital of France is Paris.,general
What is the largest ocean?,The Pacific Ocean is the largest ocean.,general
When did World War II end?,World War II ended in 1945.,general
What does CPU stand for?,CPU stands for Central Processing Unit.,general
Who invented the telephone?,Alexander Graham Bell invented the telephone.,general
What is the capital of France?,The capital of France is Paris.,general
What is the largest ocean?,The Pacific Ocean is the largest ocean.,general
When did World War II end?,World War II ended in 1945.,general
What does CPU stand for?,CPU stands for Central Processing Unit.,general
Who invented the telephone?,Alexander Graham Bell invented the telephone.,general
What is the capital of France?,The capital of France is Paris.,general
What is the largest ocean?,The Pacific Ocean is the largest ocean.,general
When did World War II end?,World War II ended in 1945.,general
What does CPU stand for?,CPU stands for Central Processing Unit.,general
Who invented the telephone?,Alexander Graham Bell invented the telephone.,general
What is the capital of France?,The capital of France is Paris.,general
What is the largest ocean?,The Pacific Ocean is the largest ocean.,general
When did World War II end?,World War II ended in 1945.,general
What does CPU stand for?,CPU stands for Central Processing Unit.,general
Who invented the telephone?,Alexander Graham Bell invented the telephone.,general
What is the capital of France?,The capital of France is Paris.,general
What is the largest ocean?,The Pacific Ocean is the largest ocean.,general
When did World War II end?,World War II ended in 1945.,general
What does CPU stand for?,CPU stands for Central Processing Unit.,general
Who invented the telephone?,Alexander Graham Bell invented the telephone.,general
What is the capital of France?,The capital of France is Paris.,general
What is the largest ocean?,The Pacific Ocean is the largest ocean.,general
When did World War II end?,World War II ended in 1945.,general
What does CPU stand for?,CPU stands for Central Processing Unit.,general
Who invented the telephone?,Alexander Graham Bell invented the telephone.,general
What is the capital of France?,The capital of France is Paris.,general
What is the largest ocean?,The Pacific Ocean is the largest ocean.,general
When did World War II end?,World War II ended in 1945.,general
What does CPU stand for?,CPU stands for Central Processing Unit.,general
Who invented the telephone?,Alexander Graham Bell invented the telephone.,general
What is the capital of France?,The capital of France is Paris.,general
What is the largest ocean?,The Pacific Ocean is the largest ocean.,general
When did World War II end?,World War II ended in 1945.,general
What does CPU stand for?,CPU stands for Central Processing Unit.,general
Who invented the telephone?,Alexander Graham Bell invented the telephone.,general
What is the capital of France?,The capital of France is Paris.,general
What is the largest ocean?,The Pacific Ocean is the largest ocean.,general
When did World War II end?,World War II ended in 1945.,general
What does CPU stand for?,CPU stands for Central Processing Unit.,general
Who invented the telephone?,Alexander Graham Bell invented the telephone.,general
What is the capital of France?,The capital of France is Paris.,general
What is the largest ocean?,The Pacific Ocean is the largest ocean.,general
When did World War II end?,World War II ended in 1945.,general
What does CPU stand for?,CPU stands for Central Processing Unit.,general
Who invented the telephone?,Alexander Graham Bell invented the telephone.,general
What is the capital of France?,The capital of France is Paris.,general
What is the largest ocean?,The Pacific Ocean is the largest ocean.,general
When did World War II end?,World War II ended in 1945.,general
What does CPU stand for?,CPU stands for Central Processing Unit.,general
Who invented the telephone?,Alexander Graham Bell invented the telephone.,general
What is the capital of France?,The capital of France is Paris.,general
What is the largest ocean?,The Pacific Ocean is the largest ocean.,general
When did World War II end?,World War II ended in 1945.,general
What does CPU stand for?,CPU stands for Central Processing Unit.,general
Who invented the telephone?,Alexander Graham Bell invented the telephone.,general
What is the capital of France?,The capital of France is Paris.,general
What is the largest ocean?,The Pacific Ocean is the largest ocean.,general
When did World War II end?,World War II ended in 1945.,general
What does CPU stand for?,CPU stands for Central Processing Unit.,general
Who invented the telephone?,Alexander Graham Bell invented the telephone.,general
What is the capital of France?,The capital of France is Paris.,general
What is the largest ocean?,The Pacific Ocean is the largest ocean.,general
When did World War II end?,World War II ended in 1945.,general
What does CPU stand for?,CPU stands for Central Processing Unit.,general
Who invented the telephone?,Alexander Graham Bell invented the telephone.,general
What is the capital of France?,The capital of France is Paris.,general
What is the largest ocean?,The Pacific Ocean is the largest ocean.,general
When did World War II end?,World War II ended in 1945.,general
What does CPU stand for?,CPU stands for Central Processing Unit.,general
Who invented the telephone?,Alexander Graham Bell invented the telephone.,general
What is the capital of France?,The capital of France is Paris.,general
What is the largest ocean?,The Pacific Ocean is the largest ocean.,general
When did World War II end?,World War II ended in 1945.,general
What does CPU stand for?,CPU stands for Central Processing Unit.,general
Who invented the telephone?,Alexander Graham Bell invented the telephone.,general
What is the capital of France?,The capital of France is Paris.,general
What is the largest ocean?,The Pacific Ocean is the largest ocean.,general
When did World War II end?,World War II ended in 1945.,general
What does CPU stand for?,CPU stands for Central Processing Unit.,general
Who invented the telephone?,Alexander Graham Bell invented the telephone.,general
What is the capital of France?,The capital of France is Paris.,general
What is the largest ocean?,The Pacific Ocean is the largest ocean.,general
When did World War II end?,World War II ended in 1945.,general
What does CPU stand for?,CPU stands for Central Processing Unit.,general
Who invented the telephone?,Alexander Graham Bell invented the telephone.,general
What is the capital of France?,The capital of France is Paris.,general
What is the largest ocean?,The Pacific Ocean is the largest ocean.,general
When did World War II end?,World War II ended in 1945.,general
What does CPU stand for?,CPU stands for Central Processing Unit.,general
Who invented the telephone?,Alexander Graham Bell invented the telephone.,general
What is the capital of France?,The capital of France is Paris.,general
What is the largest ocean?,The Pacific Ocean is the largest ocean.,general
When did World War II end?,World War II ended in 1945.,general
What does CPU stand for?,CPU stands for Central Processing Unit.,general
Who invented the telephone?,Alexander Graham Bell invented the telephone.,general
What is the capital of France?,The capital of France is Paris.,general
What is the largest ocean?,The Pacific Ocean is the largest ocean.,general
When did World War II end?,World War II ended in 1945.,general
What does CPU stand for?,CPU stands for Central Processing Unit.,general
Who invented the telephone?,Alexander Graham Bell invented the telephone.,general
What is the capital of France?,The capital of France is Paris.,general
What is the largest ocean?,The Pacific Ocean is the largest ocean.,general
When did World War II end?,World War II ended in 1945.,general
What does CPU stand for?,CPU stands for Central Processing Unit.,general
Who invented the telephone?,Alexander Graham Bell invented the telephone.,general
What is the capital of France?,The capital of France is Paris.,general
What is the largest ocean?,The Pacific Ocean is the largest ocean.,general
When did World War II end?,World War II ended in 1945.,general
What does CPU stand for?,CPU stands for Central Processing Unit.,general
Who invented the telephone?,Alexander Graham Bell invented the telephone.,general
What is the capital of France?,The capital of France is Paris.,general
What is the largest ocean?,The Pacific Ocean is the largest ocean.,general
When did World War II end?,World War II ended in 1945.,general
What does CPU stand for?,CPU stands for Central Processing Unit.,general
Who invented the telephone?,Alexander Graham Bell invented the telephone.,general
What is the capital of France?,The capital of France is Paris.,general
What is the largest ocean?,The Pacific Ocean is the largest ocean.,general
When did World War II end?,World War II ended in 1945.,general
What does CPU stand for?,CPU stands for Central Processing Unit.,general
Who invented the telephone?,Alexander Graham Bell invented the telephone.,general
What is the capital of France?,The capital of France is Paris.,general
What is the largest ocean?,The Pacific Ocean is the largest ocean.,general
When did World War II end?,World War II ended in 1945.,general
What does CPU stand for?,CPU stands for Central Processing Unit.,general
Who invented the telephone?,Alexander Graham Bell invented the telephone.,general
What is the capital of France?,The capital of France is Paris.,general
What is the largest ocean?,The Pacific Ocean is the largest ocean.,general
When did World War II end?,World War II ended in 1945.,general
What does CPU stand for?,CPU stands for Central Processing Unit.,general
Who invented the telephone?,Alexander Graham Bell invented the telephone.,general
What is the capital of France?,The capital of France is Paris.,general
What is the largest ocean?,The Pacific Ocean is the largest ocean.,general
When did World War II end?,World War II ended in 1945.,general
What does CPU stand for?,CPU stands for Central Processing Unit.,general
Who invented the telephone?,Alexander Graham Bell invented the telephone.,general
What is the capital of France?,The capital of France is Paris.,general
What is the largest ocean?,The Pacific Ocean is the largest ocean.,general
When did World War II end?,World War II ended in 1945.,general
What does CPU stand for?,CPU stands for Central Processing Unit.,general
Who invented the telephone?,Alexander Graham Bell invented the telephone.,general
What is the capital of France?,The capital of France is Paris.,general
What is the largest ocean?,The Pacific Ocean is the largest ocean.,general
When did World War II end?,World War II ended in 1945.,general
What does CPU stand for?,CPU stands for Central Processing Unit.,general
Who invented the telephone?,Alexander Graham Bell invented the telephone.,general
What is the capital of France?,The capital of France is Paris.,general
What is the largest ocean?,The Pacific Ocean is the largest ocean.,general
When did World War II end?,World War II ended in 1945.,general
What does CPU stand for?,CPU stands for Central Processing Unit.,general
Who invented the telephone?,Alexander Graham Bell invented the telephone.,general
What is the capital of France?,The capital of France is Paris.,general
What is the largest ocean?,The Pacific Ocean is the largest ocean.,general
When did World War II end?,World War II ended in 1945.,general
What does CPU stand for?,CPU stands for Central Processing Unit.,general
Who invented the telephone?,Alexander Graham Bell invented the telephone.,general
What is the capital of France?,The capital of France is Paris.,general
What is the largest ocean?,The Pacific Ocean is the largest ocean.,general
When did World War II end?,World War II ended in 1945.,general
What does CPU stand for?,CPU stands for Central Processing Unit.,general
Who invented the telephone?,Alexander Graham Bell invented the telephone.,general
What is the capital of France?,The capital of France is Paris.,general
What is the largest ocean?,The Pacific Ocean is the largest ocean.,general
When did World War II end?,World War II ended in 1945.,general
What does CPU stand for?,CPU stands for Central Processing Unit.,general
Who invented the telephone?,Alexander Graham Bell invented the telephone.,general
What is the capital of France?,The capital of France is Paris.,general
What is the largest ocean?,The Pacific Ocean is the largest ocean.,general
When did World War II end?,World War II ended in 1945.,general
What does CPU stand for?,CPU stands for Central Processing Unit.,general
Who invented the telephone?,Alexander Graham Bell invented the telephone.,general
What is the capital of France?,The capital of France is Paris.,general
What is the largest ocean?,The Pacific Ocean is the largest ocean.,general
When did World War II end?,World War II ended in 1945.,general
What does CPU stand for?,CPU stands for Central Processing Unit.,general
Who invented the telephone?,Alexander Graham Bell invented the telephone.,general
What is the capital of France?,The capital of France is Paris.,general
What is the largest ocean?,The Pacific Ocean is the largest ocean.,general
When did World War II end?,World War II ended in 1945.,general
What does CPU stand for?,CPU stands for Central Processing Unit.,general
Who invented the telephone?,Alexander Graham Bell invented the telephone.,general
What is the capital of France?,The capital of France is Paris.,general
What is the largest ocean?,The Pacific Ocean is the largest ocean.,general
When did World War II end?,World War II ended in 1945.,general
What does CPU stand for?,CPU stands for Central Processing Unit.,general
Who invented the telephone?,Alexander Graham Bell invented the telephone.,general
What is the capital of France?,The capital of France is Paris.,general
What is the largest ocean?,The Pacific Ocean is the largest ocean.,general
When did World War II end?,World War II ended in 1945.,general
What does CPU stand for?,CPU stands for Central Processing Unit.,general
Who invented the telephone?,Alexander Graham Bell invented the telephone.,general
What is the capital of France?,The capital of France is Paris.,general
What is the largest ocean?,The Pacific Ocean is the largest ocean.,general
When did World War II end?,World War II ended in 1945.,general
What does CPU stand for?,CPU stands for Central Processing Unit.,general
Who invented the telephone?,Alexander Graham Bell invented the telephone.,general
What is the capital of France?,The capital of France is Paris.,general
What is the largest ocean?,The Pacific Ocean is the largest ocean.,general
When did World War II end?,World War II ended in 1945.,general
What does CPU stand for?,CPU stands for Central Processing Unit.,general
Who invented the telephone?,Alexander Graham Bell invented the telephone.,general
What is the capital of France?,The capital of France is Paris.,general
What is the largest ocean?,The Pacific Ocean is the largest ocean.,general
When did World War II end?,World War II ended in 1945.,general
What does CPU stand for?,CPU stands for Central Processing Unit.,general
Who invented the telephone?,Alexander Graham Bell invented the telephone.,general
What is the capital of France?,The capital of France is Paris.,general
What is the largest ocean?,The Pacific Ocean is the largest ocean.,general
When did World War II end?,World War II ended in 1945.,general
What does CPU stand for?,CPU stands for Central Processing Unit.,general
Who invented the telephone?,Alexander Graham Bell invented the telephone.,general
What is the capital of France?,The capital of France is Paris.,general
What is the largest ocean?,The Pacific Ocean is the largest ocean.,general
When did World War II end?,World War II ended in 1945.,general
What does CPU stand for?,CPU stands for Central Processing Unit.,general
Who invented the telephone?,Alexander Graham Bell invented the telephone.,general
What is the capital of France?,The capital of France is Paris.,general
What is the largest ocean?,The Pacific Ocean is the largest ocean.,general
When did World War II end?,World War II ended in 1945.,general
What does CPU stand for?,CPU stands for Central Processing Unit.,general
Who invented the telephone?,Alexander Graham Bell invented the telephone.,general
What is the capital of France?,The capital of France is Paris.,general
What is the largest ocean?,The Pacific Ocean is the largest ocean.,general
When did World War II end?,World War II ended in 1945.,general
What does CPU stand for?,CPU stands for Central Processing Unit.,general
Who invented the telephone?,Alexander Graham Bell invented the telephone.,general
What is the capital of France?,The capital of France is Paris.,general
What is the largest ocean?,The Pacific Ocean is the largest ocean.,general
When did World War II end?,World War II ended in 1945.,general
What does CPU stand for?,CPU stands for Central Processing Unit.,general
Who invented the telephone?,Alexander Graham Bell invented the telephone.,general
What is the capital of France?,The capital of France is Paris.,general
What is the largest ocean?,The Pacific Ocean is the largest ocean.,general
When did World War II end?,World War II ended in 1945.,general
What does CPU stand for?,CPU stands for Central Processing Unit.,general
Who invented the telephone?,Alexander Graham Bell invented the telephone.,general
What is the capital of France?,The capital of France is Paris.,general
What is the largest ocean?,The Pacific Ocean is the largest ocean.,general
When did World War II end?,World War II ended in 1945.,general
What does CPU stand for?,CPU stands for Central Processing Unit.,general
Who invented the telephone?,Alexander Graham Bell invented the telephone.,general
What is the capital of France?,The capital of France is Paris.,general
What is the largest ocean?,The Pacific Ocean is the largest ocean.,general
When did World War II end?,World War II ended in 1945.,general
What does CPU stand for?,CPU stands for Central Processing Unit.,general
Who invented the telephone?,Alexander Graham Bell invented the telephone.,general
What is the capital of France?,The capital of France is Paris.,general
What is the largest ocean?,The Pacific Ocean is the largest ocean.,general
When did World War II end?,World War II ended in 1945.,general
What does CPU stand for?,CPU stands for Central Processing Unit.,general
Who invented the telephone?,Alexander Graham Bell invented the telephone.,general
What is the capital of France?,The capital of France is Paris.,general
What is the largest ocean?,The Pacific Ocean is the largest ocean.,general
When did World War II end?,World War II ended in 1945.,general
What does CPU stand for?,CPU stands for Central Processing Unit.,general
Who invented the telephone?,Alexander Graham Bell invented the telephone.,general
What is the capital of France?,The capital of France is Paris.,general
What is the largest ocean?,The Pacific Ocean is the largest ocean.,general
When did World War II end?,World War II ended in 1945.,general
What does CPU stand for?,CPU stands for Central Processing Unit.,general
Who invented the telephone?,Alexander Graham Bell invented the telephone.,general
What is the capital of France?,The capital of France is Paris.,general
What is the largest ocean?,The Pacific Ocean is the largest ocean.,general
When did World War II end?,World War II ended in 1945.,general
What does CPU stand for?,CPU stands for Central Processing Unit.,general
Who invented the telephone?,Alexander Graham Bell invented the telephone.,general
What is the capital of France?,The capital of France is Paris.,general
What is the largest ocean?,The Pacific Ocean is the largest ocean.,general
When did World War II end?,World War II ended in 1945.,general
What does CPU stand for?,CPU stands for Central Processing Unit.,general
Who invented the telephone?,Alexander Graham Bell invented the telephone.,general
What is the capital of France?,The capital of France is Paris.,general
What is the largest ocean?,The Pacific Ocean is the largest ocean.,general
When did World War II end?,World War II ended in 1945.,general
What does CPU stand for?,CPU stands for Central Processing Unit.,general
Who invented the telephone?,Alexander Graham Bell invented the telephone.,general
What is the capital of France?,The capital of France is Paris.,general
What is the largest ocean?,The Pacific Ocean is the largest ocean.,general
When did World War II end?,World War II ended in 1945.,general
What does CPU stand for?,CPU stands for Central Processing Unit.,general
Who invented the telephone?,Alexander Graham Bell invented the telephone.,general
What is the capital of France?,The capital of France is Paris.,general
What is the largest ocean?,The Pacific Ocean is the largest ocean.,general
When did World War II end?,World War II ended in 1945.,general
What does CPU stand for?,CPU stands for Central Processing Unit.,general
Who invented the telephone?,Alexander Graham Bell invented the telephone.,general
What is the capital of France?,The capital of France is Paris.,general
What is the largest ocean?,The Pacific Ocean is the largest ocean.,general
When did World War II end?,World War II ended in 1945.,general
What does CPU stand for?,CPU stands for Central Processing Unit.,general
Who invented the telephone?,Alexander Graham Bell invented the telephone.,general
What is the capital of France?,The capital of France is Paris.,general
What is the largest ocean?,The Pacific Ocean is the largest ocean.,general
When did World War II end?,World War II ended in 1945.,general
What does CPU stand for?,CPU stands for Central Processing Unit.,general
Who invented the telephone?,Alexander Graham Bell invented the telephone.,general
What is the capital of France?,The capital of France is Paris.,general
What is the largest ocean?,The Pacific Ocean is the largest ocean.,general
When did World War II end?,World War II ended in 1945.,general
What does CPU stand for?,CPU stands for Central Processing Unit.,general
Who invented the telephone?,Alexander Graham Bell invented the telephone.,general
What is the capital of France?,The capital of France is Paris.,general
What is the largest ocean?,The Pacific Ocean is the largest ocean.,general
When did World War II end?,World War II ended in 1945.,general
What does CPU stand for?,CPU stands for Central Processing Unit.,general
Who invented the telephone?,Alexander Graham Bell invented the telephone.,general
What is the capital of France?,The capital of France is Paris.,general
What is the largest ocean?,The Pacific Ocean is the largest ocean.,general
When did World War II end?,World War II ended in 1945.,general
What does CPU stand for?,CPU stands for Central Processing Unit.,general
Who invented the telephone?,Alexander Graham Bell invented the telephone.,general
What is the capital of France?,The capital of France is Paris.,general
What is the largest ocean?,The Pacific Ocean is the largest ocean.,general
When did World War II end?,World War II ended in 1945.,general
What does CPU stand for?,CPU stands for Central Processing Unit.,general
Who invented the telephone?,Alexander Graham Bell invented the telephone.,general
What is the capital of France?,The capital of France is Paris.,general
What is the largest ocean?,The Pacific Ocean is the largest ocean.,general
When did World War II end?,World War II ended in 1945.,general
What does CPU stand for?,CPU stands for Central Processing Unit.,general
Who invented the telephone?,Alexander Graham Bell invented the telephone.,general
What is the capital of France?,The capital of France is Paris.,general
What is the largest ocean?,The Pacific Ocean is the largest ocean.,general
When did World War II end?,World War II ended in 1945.,general
What does CPU stand for?,CPU stands for Central Processing Unit.,general
Who invented the telephone?,Alexander Graham Bell invented the telephone.,general
What is the capital of France?,The capital of France is Paris.,general
What is the largest ocean?,The Pacific Ocean is the largest ocean.,general
When did World War II end?,World War II ended in 1945.,general
What does CPU stand for?,CPU stands for Central Processing Unit.,general
Who invented the telephone?,Alexander Graham Bell invented the telephone.,general
What is the capital of France?,The capital of France is Paris.,general
What is the largest ocean?,The Pacific Ocean is the largest ocean.,general
When did World War II end?,World War II ended in 1945.,general
What does CPU stand for?,CPU stands for Central Processing Unit.,general
Who invented the telephone?,Alexander Graham Bell invented the telephone.,general
What is the capital of France?,The capital of France is Paris.,general
What is the largest ocean?,The Pacific Ocean is the largest ocean.,general
When did World War II end?,World War II ended in 1945.,general
What does CPU stand for?,CPU stands for Central Processing Unit.,general
Who invented the telephone?,Alexander Graham Bell invented the telephone.,general
What is the capital of France?,The capital of France is Paris.,general
What is the largest ocean?,The Pacific Ocean is the largest ocean.,general
When did World War II end?,World War II ended in 1945.,general
What does CPU stand for?,CPU stands for Central Processing Unit.,general
Who invented the telephone?,Alexander Graham Bell invented the telephone.,general
What is the capital of France?,The capital of France is Paris.,general
What is the largest ocean?,The Pacific Ocean is the largest ocean.,general
When did World War II end?,World War II ended in 1945.,general
What does CPU stand for?,CPU stands for Central Processing Unit.,general
Who invented the telephone?,Alexander Graham Bell invented the telephone.,general
What is the capital of France?,The capital of France is Paris.,general
What is the largest ocean?,The Pacific Ocean is the largest ocean.,general
When did World War II end?,World War II ended in 1945.,general
What does CPU stand for?,CPU stands for Central Processing Unit.,general
Who invented the telephone?,Alexander Graham Bell invented the telephone.,general
What is the capital of France?,The capital of France is Paris.,general
What is the largest ocean?,The Pacific Ocean is the largest ocean.,general
When did World War II end?,World War II ended in 1945.,general
What does CPU stand for?,CPU stands for Central Processing Unit.,general
Who invented the telephone?,Alexander Graham Bell invented the telephone.,general
What is the capital of France?,The capital of France is Paris.,general
What is the largest ocean?,The Pacific Ocean is the largest ocean.,general
When did World War II end?,World War II ended in 1945.,general
What does CPU stand for?,CPU stands for Central Processing Unit.,general
Who invented the telephone?,Alexander Graham Bell invented the telephone.,general
What is the capital of France?,The capital of France is Paris.,general
What is the largest ocean?,The Pacific Ocean is the largest ocean.,general
When did World War II end?,World War II ended in 1945.,general
What does CPU stand for?,CPU stands for Central Processing Unit.,general
Who invented the telephone?,Alexander Graham Bell invented the telephone.,general
What is the capital of France?,The capital of France is Paris.,general
What is the largest ocean?,The Pacific Ocean is the largest ocean.,general
When did World War II end?,World War II ended in 1945.,general
What does CPU stand for?,CPU stands for Central Processing Unit.,general
Who invented the telephone?,Alexander Graham Bell invented the telephone.,general
What is the capital of France?,The capital of France is Paris.,general
What is the largest ocean?,The Pacific Ocean is the largest ocean.,general
When did World War II end?,World War II ended in 1945.,general
What does CPU stand for?,CPU stands for Central Processing Unit.,general
Who invented the telephone?,Alexander Graham Bell invented the telephone.,general
What is the capital of France?,The capital of France is Paris.,general
What is the largest ocean?,The Pacific Ocean is the largest ocean.,general
When did World War II end?,World War II ended in 1945.,general
What does CPU stand for?,CPU stands for Central Processing Unit.,general
Who invented the telephone?,Alexander Graham Bell invented the telephone.,general
What is the capital of France?,The capital of France is Paris.,general
What is the largest ocean?,The Pacific Ocean is the largest ocean.,general
When did World War II end?,World War II ended in 1945.,general
What does CPU stand for?,CPU stands for Central Processing Unit.,general
Who invented the telephone?,Alexander Graham Bell invented the telephone.,general
What is the capital of France?,The capital of France is Paris.,general
What is the largest ocean?,The Pacific Ocean is the largest ocean.,general
When did World War II end?,World War II ended in 1945.,general
What does CPU stand for?,CPU stands for Central Processing Unit.,general
Who invented the telephone?,Alexander Graham Bell invented the telephone.,general
What is the capital of France?,The capital of France is Paris.,general
What is the largest ocean?,The Pacific Ocean is the largest ocean.,general
When did World War II end?,World War II ended in 1945.,general
What does CPU stand for?,CPU stands for Central Processing Unit.,general
Who invented the telephone?,Alexander Graham Bell invented the telephone.,general
What is the capital of France?,The capital of France is Paris.,general
What is the largest ocean?,The Pacific Ocean is the largest ocean.,general
When did World War II end?,World War II ended in 1945.,general
What does CPU stand for?,CPU stands for Central Processing Unit.,general
Who invented the telephone?,Alexander Graham Bell invented the telephone.,general
What is the capital of France?,The capital of France is Paris.,general
What is the largest ocean?,The Pacific Ocean is the largest ocean.,general
When did World War II end?,World War II ended in 1945.,general
What does CPU stand for?,CPU stands for Central Processing Unit.,general
Who invented the telephone?,Alexander Graham Bell invented the telephone.,general
What is the capital of France?,The capital of France is Paris.,general
What is the largest ocean?,The Pacific Ocean is the largest ocean.,general
When did World War II end?,World War II ended in 1945.,general
What does CPU stand for?,CPU stands for Central Processing Unit.,general
Who invented the telephone?,Alexander Graham Bell invented the telephone.,general
What is the capital of France?,The capital of France is Paris.,general
What is the largest ocean?,The Pacific Ocean is the largest ocean.,general
When did World War II end?,World War II ended in 1945.,general
What does CPU stand for?,CPU stands for Central Processing Unit.,general
Who invented the telephone?,Alexander Graham Bell invented the telephone.,general
What is the capital of France?,The capital of France is Paris.,general
What is the largest ocean?,The Pacific Ocean is the largest ocean.,general
When did World War II end?,World War II ended in 1945.,general
What does CPU stand for?,CPU stands for Central Processing Unit.,general
Who invented the telephone?,Alexander Graham Bell invented the telephone.,general
What is the capital of France?,The capital of France is Paris.,general
What is the largest ocean?,The Pacific Ocean is the largest ocean.,general
When did World War II end?,World War II ended in 1945.,general
What does CPU stand for?,CPU stands for Central Processing Unit.,general
Who invented the telephone?,Alexander Graham Bell invented the telephone.,general
What is the capital of France?,The capital of France is Paris.,general
What is the largest ocean?,The Pacific Ocean is the largest ocean.,general
When did World War II end?,World War II ended in 1945.,general
What does CPU stand for?,CPU stands for Central Processing Unit.,general
Who invented the telephone?,Alexander Graham Bell invented the telephone.,general
